date,p,T,Tpot,Tdew,rh,VPmax,VPact,VPdef,sh,H2OC,rho,wv,max. wv,wd,rain,raining,SWDR,PAR,max. PAR,Tlog,OT
2021-01-01 00:00:00,1013.2437736638035,14.074221206695825,13.254566344077281,12.256722600546608,70.05052566219678,20.112558363519202,10.93470249006161,4.904332522301728,4.991529412368577,4.005330300400163,1199.6902124362014,2.2257759071378453,6.17443722289285,187.91140638494235,1.3644165085773814,0,0.0,66.38108693877425,36.22272388327251,16.91654529244935,15.669713467233123
2021-01-01 01:00:00,1012.298897456547,16.730216469330834,15.153644824193684,13.460057174748059,73.04324557642143,21.52624278949176,11.632257561610222,5.579115644152698,5.51960526990186,4.19946941483772,1200.5835957353645,2.9900935309044763,5.636182141668686,181.34068779660464,0.0,0,74.18421636412072,155.49362430993892,159.9963413127269,18.403137035826838,17.335569519833186
2021-01-01 02:00:00,1013.86204073786,19.29415869663221,15.808567837137492,12.322598470921022,73.85361766751399,23.432021813037114,12.201269860303572,5.605492771005425,5.917239623136173,4.496430819771493,1199.804528688579,3.643207233840344,5.314682125421685,202.23619575783138,0.5171463575119862,0,149.20689440936758,284.1802415539442,282.22924850225223,19.042858288905418,18.75878711790093
2021-01-01 03:00:00,1014.1447472517522,20.585176554864614,16.073667656119586,13.582841903303931,77.68824416099532,24.546007275825147,12.52991210708224,6.126381933311585,6.082303692105928,4.735882722034778,1200.176591088702,3.953082413588594,7.045733605426276,213.06499299754225,0.0,0,220.11131961015505,400.0367461044405,624.570877372617,20.398505389633982,20.279521176991373
2021-01-01 04:00:00,1011.9618141654153,21.472808695991592,16.44255891846226,12.876229226272322,76.57612962146594,23.70324115565167,12.634540990849182,6.32148769412766,6.490204820292835,4.944469849059788,1202.2614146905157,4.2158036247944874,6.827491722408723,198.9477436362957,0.0,0,253.27681726551245,537.1953170120379,535.8908793179418,22.026366769925787,21.671798719183062
2021-01-01 05:00:00,1012.6108873556104,22.25545788710539,16.17260407717296,12.756969776129615,76.47463102420458,26.068176059948637,12.668285353854998,6.680869260980853,6.595134819809651,4.90622192268903,1201.8304098837102,4.796553251941809,6.849489876031365,206.8650059829239,0.0,0,276.4279078075117,544.0199390159494,691.0259849552432,21.595723140212748,21.742219660302734
2021-01-01 06:00:00,1013.884444647735,22.501364054911104,16.92204903456144,11.127715980946874,84.56055245402457,25.49826029524796,13.456161944228393,6.754040185998402,6.722590045938452,5.14825409148696,1201.6376582267426,4.750460243965515,7.112309105871908,214.54304493585397,0.0,0,324.88960300899583,576.9237414931707,714.2938342589085,21.732969756472716,22.003441550677213
2021-01-01 07:00:00,1013.6581835535858,22.111749870251288,16.054195876105126,11.536439070914948,80.69103263128363,25.084690587010062,12.991678346286836,6.546705759103168,6.645749270529115,5.087269653216453,1204.549020787767,4.838355145287162,6.83840514159574,211.21648865054956,0.42227004942686386,0,283.3770941158038,557.4403716209735,701.9483576118237,20.709007137494616,21.328546358296258
2021-01-01 08:00:00,1014.0261175280854,23.525346244368755,14.211830063039951,10.293357355860511,81.85349688933108,25.10191571751985,11.970961974359021,7.171374213872843,6.613033744898108,4.887671143260658,1203.435571757831,2.6321725279740855,5.712442019029981,226.72898145858457,0.7977822139977443,0,288.1902284864176,507.9253605225737,601.7335693395147,20.853484772011377,21.710189904836707
2021-01-01 09:00:00,1013.4847916772208,20.865111999322266,14.064945401954207,8.926030715193594,83.72658634552494,24.448126241634288,11.673526583849815,6.982463415508419,6.026721538466571,4.879537388684852,1205.689716601261,2.5720580398318327,4.951455746632573,249.58303986711886,0.2877512512232928,0,205.6294893670773,403.6557387226541,491.01225466917793,20.00505011891808,20.74811000783673
2021-01-01 10:00:00,1014.9976136054029,19.620731338083317,12.658184176684802,8.166464100644836,84.62324961364398,22.179632694856586,10.833895767303726,7.127518721495379,5.484588391527699,4.647977896023631,1205.0284707911094,2.904616392206508,5.966792905727376,230.82780002616477,0.0,0,149.67460673460403,334.11256526619445,356.9205866695163,17.280966914989417,18.403529783412818
2021-01-01 11:00:00,1015.0423102718628,16.728198133136924,12.5968821863984,6.643434641119642,84.09830563563058,21.905202479143902,9.733995892639449,7.017434536945588,5.520972316390866,4.199253411264683,1205.7411492122055,1.9373604996449871,4.674867979752761,258.78412462965883,0.0,0,74.87076658072175,166.1339192534206,205.16675563880398,16.32441588583078,16.919808765495198
2021-01-01 12:00:00,1014.5979095299238,14.869830325969767,9.671009660746648,5.8987996021692295,84.96513220610198,20.3816694237658,9.475052558263338,6.577391511366609,5.156110637864555,3.971173169846749,1205.6663527768278,2.3045602100048463,3.934786086883258,244.9475877232243,0.0,0,4.624372172646537,15.721469533771412,0.0,14.547962858823004,14.955465016756783
2021-01-01 13:00:00,1015.5708272617433,12.429959852220586,8.615775211775201,5.3216871942483595,84.79214845775081,18.470573827534622,8.497123734343477,6.349129805202897,4.925770511022447,4.121141891257146,1203.6380416659526,1.823306636141543,3.1353492506797407,273.6449793339595,0.029954908315336592,0,0.0,0.0,0.0,14.34926512184342,13.947523585056663
2021-01-01 14:00:00,1015.1658472215281,9.14380416555656,8.8870035672371,4.380501043515616,84.83852604837763,16.566188184886474,7.632727404455732,6.41664623966288,4.506258071233941,3.8240866517204277,1205.554519572535,2.509352026102529,2.225789905259605,248.35727900971838,0.10691139172609487,0,0.0,0.0,0.0,11.348827090321398,10.959741273415066
2021-01-01 15:00:00,1014.2259831915188,8.378539256714118,8.255935319314245,5.34512981736906,79.14321806969467,15.26767031078607,6.907870515668847,5.939350194117898,4.328434319393092,2.9406538245501963,1206.9453583521467,2.395525032046572,4.1698583011783175,255.83424660490385,0.0,0,0.0,0.0,0.0,11.307786770870713,10.250877501534442
2021-01-01 16:00:00,1015.328683842645,6.804363693738217,6.751979670258776,5.628462426747155,86.75213367078229,15.316813643083483,6.530186942293357,5.871326142544637,3.824932690388649,2.777880002140962,1207.7961773920665,2.6948844206869893,3.8298600980013378,249.68278958905267,0.0,0,0.0,0.0,0.0,10.961023739014244,9.534486055350218
2021-01-01 17:00:00,1014.3854494033783,5.697744745121328,6.687604861898865,5.284932650684904,81.6057234772994,13.448833699017637,6.857156472400739,5.311656166761256,3.596873378954123,2.6290083530547186,1205.9817855921815,2.349438009329783,3.8542245022901565,252.81856811148137,0.4849786397867031,0,0.0,0.0,0.0,10.191058929033037,8.559726097760887
2021-01-01 18:00:00,1015.9727127397435,6.163248717991328,7.531435252648626,6.352454368989265,81.76784695669218,14.53223523040959,7.025762278306309,5.204681955489658,3.2230033757348506,3.0114107879944476,1208.036568235889,2.9512695770158635,4.805487637129843,273.3817916685839,0.714191809807229,0,0.0,0.0,0.0,9.765999810268475,8.255073777427118
2021-01-01 19:00:00,1015.345853072509,8.200062365254594,6.604960451796538,6.944577468299475,76.37521875206276,14.12184546270037,6.964123038338874,4.737364541507961,3.6127305674692134,2.761183148537979,1207.2644415922402,3.2919994575396907,4.911094233660817,264.44094269872943,0.17830837865768345,0,0.0,0.0,0.0,10.596312446417075,9.332290366862592
2021-01-01 20:00:00,1015.3521101091638,8.040691452331442,7.6714753306755155,8.15255892950463,76.5579994775015,14.755930327471939,8.0120121058237,4.373554712091493,3.590461222949078,3.008704364177934,1208.894874202934,3.0826778207675476,7.131438453761768,269.07279803275117,0.0,0,0.0,0.0,0.0,11.751490926226563,10.291076773606987
2021-01-01 21:00:00,1015.0677491880566,10.246540384132441,9.526830461235736,8.807374374407507,74.39561975283551,14.903315460174053,8.316187506726251,3.9251977602519452,3.9816418309066726,3.5508653292323196,1208.890664456184,4.8617176526675365,7.278480474066306,244.11817309322512,0.0,0,0.0,0.0,0.0,12.137545193605735,11.050265930046267
2021-01-01 22:00:00,1016.7012282460144,11.28768780383061,11.666244091752281,9.738210911984554,76.8217332055549,16.926641684935703,9.276812319741728,3.7609103034392257,4.26090263726193,3.397907041137907,1209.8789561788556,4.652943733337476,7.1149214752470975,261.7236941944518,0.052002335664480315,0,0.0,0.0,0.0,12.190374814182034,11.67312789708674
2021-01-01 23:00:00,1015.7084075989691,13.477238817180439,11.973091565603559,11.471197192872951,70.78626566962902,18.75387848739056,9.741555509003167,3.7064816567525862,4.706118150116245,3.8306668902284384,1210.4026271951595,4.107736516875402,6.9353870471242,242.7901897957273,0.0,0,0.0,0.0,0.0,15.722073560500741,14.495707011170145
2021-01-02 00:00:00,1015.5962640037319,14.369372103286796,13.528069429174273,11.843876129548292,71.51615997388018,19.33179495607401,10.281160938302342,3.257106100698459,4.980533858092298,4.104084149860078,1209.9695550622255,4.778129278649757,6.1875157057690044,235.9088471724266,0.2738332670934476,0,27.876860053459286,0.0,77.34274219883159,16.839159292917152,15.717424424149055
2021-01-02 01:00:00,1015.762100304653,17.43731802875504,15.23044402463978,13.301778540642871,66.74126621135284,21.802232204241047,11.38232622841629,3.226849647164954,5.575232605800299,4.192939383783835,1210.5196518518612,3.520440069218923,4.581517104366261,247.9198249316549,0.0,1,91.36324686582903,138.49743270488267,226.2422033422364,18.10390040137137,17.3770755635046
2021-01-02 02:00:00,1016.5724493036918,19.510099963852042,16.721423620954823,12.896931797725928,65.2124764441543,23.04450612683951,11.481188124218665,3.0396565092255248,5.205369137424988,4.811832346348371,1209.4311335314144,2.525558952095732,4.553698769323284,243.56893878363238,0.37533451387979266,0,171.1597336145901,200.17785993394608,345.94686536176783,18.31553903666898,18.482446117277654
2021-01-02 03:00:00,1016.5395954931422,20.253201144928795,16.13402202284358,12.62914236417209,63.76864818412228,23.92076288020313,12.716251870929108,3.0249208085490844,6.09865888681139,4.67858797560382,1212.7000008172183,3.503684876446808,4.405883728384569,237.1020003579153,0.0,0,203.30303318729975,423.73897814215724,518.3560177517286,20.466017308961447,20.269425666186876
2021-01-02 04:00:00,1016.6758391210711,22.319881489706823,16.86711049851169,13.338951369500247,65.06769025365861,25.623488965952284,12.469431975019122,3.3750666453632436,6.53953606150717,5.307206441830161,1208.726399857188,1.916093697118633,3.6015866077375813,238.59859290119982,0.0,1,249.40720938901472,476.34410026057117,643.2680006258478,20.944407215919057,21.184594873717458
2021-01-02 05:00:00,1016.7864296808751,23.12373804131493,17.9073798373681,12.686849755067966,57.08887324680895,24.69442657324513,13.361566087134786,3.3609607646360935,6.8228984411248454,5.0416207985050585,1209.4585395696365,2.0664883745955067,3.9459132803197727,234.62177808442044,0.0,0,308.7555599799836,550.5801925428041,609.2990508816242,21.19186650265989,21.84403663538069
2021-01-02 06:00:00,1018.2488519866291,22.615313165208942,16.01558280803232,12.077575982867236,56.76207117165293,26.173340374371854,12.804817435026958,3.2838299554702655,6.646392267677013,5.104406455892781,1210.901358582747,1.9772284954721109,3.917144186009781,234.69729339193702,1.3645620324673535,0,294.74548279488204,634.0041638758855,783.891344569396,21.888155333248022,22.255282197448288
2021-01-02 07:00:00,1016.3017398419537,21.94146870772285,16.745280185007715,11.425446613395994,54.20508956425184,26.605272536771057,13.110770044120166,3.5108019313492504,6.78586534395011,4.941413426821524,1210.739016652407,1.9124825934535106,2.9276331188547555,201.9060309561976,0.0,1,277.56060729887975,538.3898176100805,700.3111283064961,21.289988454349746,21.6516572243219
2021-01-02 08:00:00,1016.3059299441297,21.099313397946723,14.888770060891078,9.717632137789463,54.83461470371052,25.916123992256967,11.799234389803868,3.5740506799167266,6.3328253048284076,4.854378602377998,1210.432607972825,2.1439504491860273,4.157518042072732,222.38177392055576,0.9111898378465945,0,241.5436924076273,482.2676700557355,571.012668272472,20.588633772485146,20.919228919136195
2021-01-02 09:00:00,1016.1510116454019,20.7174081288374,14.384039021890478,8.890693405513959,54.51860690994648,24.437544047388545,11.386485996269036,3.9654056907470103,6.0612326869652335,4.763175272958149,1210.5522020639444,2.164592688213986,2.641631016761819,219.5286385051574,0.0,0,201.90613156317264,431.68728180833335,440.1451639973552,20.24166366001941,20.489247237913002
2021-01-02 10:00:00,1017.3785133453453,19.22890690815252,12.987391667612137,7.839839092985267,52.282150097483196,22.849159611934578,11.10631578323716,4.377839270858386,5.855883128645551,4.1137302884178775,1207.697918852732,2.4393223706885125,3.6059950792282995,190.2295540488341,0.0,0,167.5016710291735,334.8944836645323,399.3548870692023,18.619606130129192,19.086601624441254
2021-01-02 11:00:00,1017.869944535633,16.515784279499627,11.33003758996245,6.433334146770291,53.660031586163505,21.23501299234131,10.653479012292454,4.822826362579964,5.387589711075568,4.263916385887906,1211.2485569574285,2.159997922648385,4.275169969926585,170.28754258908089,0.062191923148020634,0,47.45241639619726,139.18319124524078,191.731291433115,16.66925722091678,17.01483643864785
2021-01-02 12:00:00,1016.9539270057509,15.018609738928273,10.030848002864163,6.02513957633861,50.97057103813317,19.84853710304718,10.070635570940789,5.149844179382183,4.843528506396529,3.8984051525516965,1209.3066742040849,3.1471217786338284,5.873749063067534,166.16501086930882,0.0,0,12.581049366878561,58.68861620091636,24.13004514660476,15.027570767609161,15.24856253722251
2021-01-02 13:00:00,1016.4485057615401,13.32882356447678,9.474657793769103,6.041616822849249,53.09234963185749,18.718989353343833,8.679867265511508,5.125444544152958,4.508723383519841,3.8474193655993423,1210.5816984472428,2.691851201298315,5.768749952317079,168.40902677085026,0.0,0,0.0,0.0,0.0,13.603338637347388,13.747000534366867
2021-01-02 14:00:00,1016.5337678671741,11.432733500265718,8.82978840976559,5.216527429709266,57.911953405484375,16.596378097270296,8.748840323288713,5.8794368327870625,4.027569418784769,3.4845961476713665,1207.101927997458,4.616692741818914,6.39243035101958,186.24956168971983,0.0,0,0.0,0.0,0.0,12.347771316328828,12.266169699535242
2021-01-02 15:00:00,1017.7836750520303,10.429461834593369,7.512685638988011,4.462001888549718,56.9489831528929,16.13607122190591,7.383657717395382,5.982245264124487,4.045015247193229,3.0099443763562848,1209.166633745365,3.4245506130106573,5.408176315562539,159.46527639383018,0.0,0,0.0,0.0,0.0,11.705427639763835,11.345532067546502
2021-01-02 16:00:00,1017.924730355885,8.96568335226312,7.159527718988203,4.529489216408156,57.384554287578474,15.870427836295029,7.5952153913208145,6.088176948237571,3.7032402568234373,2.8690593635734922,1208.0967517586996,4.107030159537698,6.249690138655812,146.4665473664284,0.7743776763736977,1,0.0,0.0,0.0,9.904770368271013,9.748702334217393
2021-01-02 17:00:00,1017.8286089779539,6.571689386757877,7.289234806448843,6.231380734089746,56.09414278307323,14.173503424701895,6.628854524694872,6.799365833724338,3.479054037214779,2.7939654007489394,1208.9588258310355,3.620812959402479,7.846377324982484,139.3365164771711,0.0,0,0.0,0.0,0.0,10.953429470064787,9.559832531567809
2021-01-02 18:00:00,1016.9226248551109,8.178510346676616,6.7375081678654904,6.1770455585092865,56.321228364112336,13.327802598358348,7.227880469221577,7.024706606916468,3.386663248632542,3.0971913108951696,1208.4072403962184,3.7607498819869436,5.0717769966911295,126.77277674994208,0.6991982092786165,1,0.0,0.0,0.0,10.380838203008429,9.258883916487893
2021-01-02 19:00:00,1017.6986554802027,6.900909836498452,8.138356604475657,6.791829575870525,58.59026641380063,13.532072669107384,6.377566146061221,6.9321346380399484,3.6521225298063227,2.6764280723618294,1208.137507412069,3.8423381003085284,7.3599693413175835,142.85964538872022,0.20129510596241662,0,0.0,0.0,0.0,8.745674619827293,8.19940878302248
2021-01-02 20:00:00,1017.6610759355256,8.803207738442586,9.011743721458167,7.911652638713417,62.413580346207965,15.192130353149151,7.303079930099556,7.111374226405463,3.857051530445355,2.816817382468542,1206.3725065665424,3.180247137065371,6.083771877814725,127.65630377788604,0.0,0,0.0,0.0,0.0,11.180516486585002,9.944248302036415
2021-01-02 21:00:00,1017.7943485399397,9.390736388743385,10.969010311036303,8.467482169164994,65.99610207397699,15.727486223400494,8.529076842671742,7.153489841748886,3.7132370289191425,2.925755032252713,1207.014098691047,3.5721231290728115,4.401982937308997,144.42975260270052,0.0,0,0.0,0.0,0.0,12.826554145963728,11.36409774553047
2021-01-02 22:00:00,1018.3650451548446,10.711495435080112,10.703246713407925,10.660819034224257,67.92244915773283,17.438415448032018,8.521082654622052,7.248769936586866,3.9924630660448748,3.103592104112761,1206.5111390156592,2.66882432165803,3.650320532222835,124.99853851474627,0.23122768991124332,0,0.0,0.0,0.0,13.766960698838888,12.346660736384868
2021-01-02 23:00:00,1017.8920838944806,11.66405983733738,11.961915708852871,10.893146063429048,69.3033318416659,18.1802686048052,9.985499669393922,7.024998946658161,4.802673423470422,3.7508178706020736,1206.7885139522057,1.9329212427932005,5.231189020505564,122.76719961745333,0.0,0,0.0,0.0,0.0,14.786029309382453,13.394356860225834
2021-01-03 00:00:00,1018.2984134319332,14.879904842848553,13.862083969093572,12.416384974693461,68.5248862718641,20.41531177376991,10.958591240710126,6.4665131520811645,4.72497335230228,4.040580666214642,1206.8671495183582,1.807376010093208,4.397073837614661,108.29691938981816,0.0,0,0.0,0.0,0.0,16.562345432093995,15.406992445569141
2021-01-03 01:00:00,1017.8481619299321,15.978984096106233,15.07310147281384,12.513595646080407,72.00699254810876,21.473764683890256,11.136151122873528,6.934050436032183,5.497725934418277,4.5671352246900945,1205.5968662721589,2.329600149612098,2.9348318767407866,96.58507365533315,2.0717519376813227,0,64.82228936352887,166.33506563950067,158.5457386603972,18.230738189279432,17.1651746640215
2021-01-03 02:00:00,1018.0609246503974,19.677109465089945,15.4004376776274,13.450220601635651,73.23960061646332,22.63374797233803,11.598676746756315,6.498706597269086,6.0733818397508035,4.8082818015453865,1203.7238277116114,2.1741853627263628,3.1380578775374874,96.08878053383552,0.0,0,165.30688343829,319.8748630956969,247.6448116725894,19.965515098384564,19.29543403971916
2021-01-03 03:00:00,1018.3668801826592,21.718609109489847,16.22086492095271,13.102251379929521,75.33787195848683,24.042141447718087,12.31080181633255,5.898095158945447,6.384507132458447,5.327951480330218,1204.6474838069623,1.3047815280725246,2.7510041037029054,89.03346445798371,0.6014948003655888,0,197.0600526265457,405.26873890836475,534.495913770912,19.795945561987452,20.258786034328423
2021-01-03 04:00:00,1016.7250133477845,21.370365537767828,17.146094279487425,13.1894680840735,81.57425579391963,24.597625244995015,12.4579667299507,5.478115272179856,6.446612623803077,5.024455931033107,1206.6784426591673,1.8240502503376963,3.8222519628878056,110.31932695720427,0.0,1,214.88270370236734,526.2053264268518,542.8717327835869,21.106682542011157,21.264392276072126
2021-01-03 05:00:00,1017.6605375647339,22.938786130076036,16.58256010632935,12.722166907844892,75.60742096112358,26.790234737025216,12.95378765331504,5.448259041414678,6.5906506424980265,5.10700507878764,1205.2296848224407,2.792768723018816,3.7768367624932258,96.4552722802015,0.0,1,290.9439086360182,529.4907665749736,721.2848775001355,22.90478093727906,22.68311992555162
2021-01-03 06:00:00,1017.5621435795414,22.492225934594416,16.57141545162052,12.03614326388945,80.13724808595369,25.951809093220756,12.981035983478957,4.9443479923264855,6.950381490039291,4.939954730973328,1200.1157703809918,3.176683293013519,4.937165580660654,109.52500539592066,0.0,0,294.41218344859584,574.8959929562319,697.8486991519713,21.989793325636715,22.25775039854204
2021-01-03 07:00:00,1017.4461220282744,22.287467299216793,16.27628603341502,11.088380132721905,84.32379791876086,26.117812002075507,12.563352588357477,4.718702715465932,5.982009606854849,5.298426625042147,1202.65153360472,2.9194354156239863,7.132303790463128,101.66356817573599,0.0,0,278.06198355057444,594.4269879969643,682.551014140566,22.52830986777517,22.46268663565846
2021-01-03 08:00:00,1017.75249567586,22.470349522981273,15.895897169482836,9.885610368881549,80.0585980666995,24.927717856271236,12.918027361313923,4.4646410816043165,6.206170970460532,5.062937332830595,1203.011236433433,4.210187187245811,6.209083982132735,98.28719620131889,1.0799073893106002,0,278.0387435342855,579.9169484445509,604.0993861418872,22.662048876742674,22.55793680167344
2021-01-03 09:00:00,1019.1805397176531,20.629877466202,14.03050353024914,9.707768605737227,82.5706981371368,23.71667677612938,11.369832348685778,3.8867116224006426,6.230358541595143,4.978781398425995,1201.3820176378342,3.6803959548265714,5.893633302549974,91.02990554718903,0.05885291115937297,0,157.46164229500195,470.3216532448021,564.2784682747316,19.502666955976924,20.229621968583846
2021-01-03 10:00:00,1017.3004827812183,20.21775362935171,12.187508960296938,7.545644231542025,83.43081039920074,22.883059744541033,11.510515076199857,3.4912031820900533,5.682542598431609,4.37217515615232,1200.5851937125328,4.932163465844042,5.876517867636437,107.84091766675411,0.0,1,181.52488129939778,326.4343391093727,410.4721179968214,17.747894161241177,18.797656524012933
2021-01-03 11:00:00,1018.772909308551,16.732989625728123,10.850744656553958,6.95135581847381,84.42509347649919,22.103510537304725,9.768784480396906,3.5450748073364418,5.636184229375188,4.380903691928365,1200.256395347346,4.544974657040682,7.071309711916001,105.30904687260004,0.0,0,98.73926873970615,158.47942861250368,179.7287612890336,16.80724768831869,17.300259063826
2021-01-03 12:00:00,1016.6537041827073,15.699535432732162,9.892692433340251,6.136529986484956,81.80808568078757,19.739634104300873,9.433103035591445,3.1612716213757293,4.992129187937965,4.041039923590791,1200.5521894854346,3.5598707995969114,6.123334683974648,119.73980697679909,0.0,0,0.0,0.0,0.0,16.060395130708287,16.07106938046723
2021-01-03 13:00:00,1017.7303786008891,12.997637028250288,8.679866752542265,5.668041341035931,86.06224504128323,18.011819743020173,9.136562963458383,3.149833915574663,4.63812020441374,3.7172241538557134,1198.3281704631954,3.5710855418607954,6.482857732959108,107.31372969812467,0.1079619210810826,0,0.0,0.0,0.0,14.619591302688953,14.376094353585767
2021-01-03 14:00:00,1018.1233501258569,11.557044606820972,8.254713366374295,4.949803129833926,85.82146195936232,17.077732122184578,8.466284931875338,2.761719206583131,4.195065067150814,3.2633468183618963,1200.1434040189329,3.171395879059058,4.388437812148501,124.87752228545212,0.0,0,0.0,0.0,0.0,13.859424345483534,13.154561313232907
2021-01-03 15:00:00,1018.453564533753,9.030135390376655,6.983113663783458,5.126324941923548,84.8749436377052,16.006870613239588,7.331420378245457,2.9495634551050727,3.8348376364585666,3.3893367922868225,1198.3796623578996,3.0799383606511666,5.552200107660707,139.83994166730156,0.041501096320956,1,0.0,0.0,0.0,11.33291421754855,10.79083906914644
2021-01-03 16:00:00,1018.5415907406757,8.037105583438391,6.773093659710995,5.084287946992941,81.24963370818442,15.625271661719966,7.377736230404166,3.173374872183583,3.591539901693813,3.3708310312542773,1196.9858588177108,2.453385364670387,3.467827815914261,131.30255037167402,0.054747052582726,0,0.0,0.0,0.0,10.823140355378406,9.85768091764314
2021-01-03 17:00:00,1018.591902095029,7.1917441741782,6.616604830812295,4.93268930361528,82.07332168594311,14.381320281451837,7.174198556944285,3.241801259957542,3.6053445199337526,2.6188202031935948,1198.5361597103736,1.5916316507166088,3.7514625880487955,141.9667996193351,1.3517971406935239,0,0.0,0.0,0.0,9.651304148988697,8.794284370453527
2021-01-03 18:00:00,1017.6594616451769,6.414760019607949,7.003063623947975,6.216994077114082,78.80772123866004,14.321996339265617,6.8438245950391785,3.1102775982564697,3.345087006835427,2.9440887959185913,1195.364699151139,1.1770374019689407,2.9973066184791444,145.71890246177583,0.0,0,0.0,0.0,0.0,8.525784038705277,7.797922054251884
2021-01-03 19:00:00,1017.546393103688,7.736050463894679,8.429762516030756,6.6105675249391105,78.46622811358779,14.56408266072575,7.560623337263029,3.2342582398984323,3.741752237264655,2.2653189781850402,1195.8611104075453,1.9942615882830608,4.40509566379868,165.17145390591924,0.3578619311519262,0,0.0,0.0,0.0,10.36463979576262,9.115010496372435
2021-01-03 20:00:00,1018.5771187086748,8.526971073629348,8.933045967643558,7.327495039692664,81.80693585434176,14.227339886327055,8.496713203581757,3.7175775185772806,3.831607079243907,3.094491505355166,1195.3609585039567,1.8628683533662111,3.1675758327192063,156.3539927508848,0.02550259160559637,0,0.0,0.0,0.0,10.437054393684061,9.554382974201975
2021-01-03 21:00:00,1017.7088061420831,9.758634036941507,9.675261869299092,9.113154599167672,75.93164224066888,15.275693277645937,8.531086389464484,4.112206559403882,4.159223116414145,2.7774409392677906,1197.6040369408406,1.9269357536827458,4.824326750922799,166.29406490915346,0.0,0,0.0,0.0,0.0,12.588126481894053,11.271580059416209
2021-01-03 22:00:00,1016.809080072775,12.075875957742351,10.660785668397306,10.286734311227441,71.50723252456346,16.458051855197176,9.272600747130536,4.396994741387172,4.0242151288014005,3.295006530420148,1194.3149792313607,2.299742036887729,4.163018700676857,165.745385501486,0.29670647977440856,0,0.0,0.0,0.0,12.404901161618929,11.92570479194817
2021-01-03 23:00:00,1016.8874689031381,13.943989000045256,11.974340281375431,11.261046455305296,72.31856356462859,17.78101285153906,10.083581816358535,4.550271675793877,4.271876122988933,3.426812213526127,1192.3986444293496,2.2459142399141125,5.456284451198645,165.28365522335974,0.0,0,0.0,0.0,0.0,14.589834150782847,14.051279134142375
2021-01-04 00:00:00,1017.0197207526744,14.7375387171056,13.641474268282673,12.096292646405969,67.29640814787338,20.397729937435198,10.011617349443123,5.05956488849732,4.999162848873646,3.9568777010101197,1193.5403323617961,3.0919961788875705,4.832961434861661,167.91824314318828,1.118914098091064,1,0.0,26.314399670243873,0.0,16.759608022065247,15.831747842522336
2021-01-04 01:00:00,1018.1109360507039,17.33168898372407,14.95563392503391,11.719899351925234,65.64408633166921,21.697939316446988,11.52076906924335,5.647767449589058,5.967988690365681,4.478341593796587,1194.1623464369065,4.713878968815502,5.960442726243593,199.64170007617938,0.26755780512438443,0,70.62827394344968,140.92793093761674,108.32180144118756,18.347163520824694,17.55185116599167
2021-01-04 02:00:00,1017.7818427213425,18.56347951751924,15.21417250126545,12.334001040645285,64.0354680515646,23.039748031545717,11.579554099090577,5.725069224113142,6.003241755618912,4.228537347254594,1194.092778482995,4.422907452966071,7.260490090588241,183.80826049992902,0.9079216377451381,0,140.90340087591346,296.05873531062184,396.28442162301235,19.475298597124933,18.92580238521338
2021-01-04 03:00:00,1018.1717859458107,20.673202970772568,16.440686637224854,13.788982155037756,63.371129610132286,22.94628242941815,12.264521686395328,5.673370412836274,5.949770910078478,4.776632199520729,1195.2054718815773,3.981628799439851,7.456018766436114,208.16416860603593,1.1640331578285266,0,208.9033411859246,452.0089578987718,438.1464222451919,21.76540957162035,21.012068413293235
2021-01-04 04:00:00,1017.2259251711437,21.508378615892294,15.85971907604689,12.429291514895057,64.37393799117842,26.223890852015934,13.709068370099772,6.326215286993206,6.383940532562924,4.936556730778114,1193.975449316212,4.01856420536525,7.394410128572071,211.52177776989106,0.27728350350253717,1,275.2234999981678,489.9714706870006,624.8189947092253,22.411371735438554,21.92489814085209
2021-01-04 05:00:00,1017.6397581746106,23.861455826707783,17.10220911878198,12.678866101864235,62.02537496090287,25.348418955657632,12.892968432657883,6.940880280480479,6.594406120922339,5.475320728321257,1192.4164629793454,2.850030380170087,6.7072676397942335,222.98731438821326,0.024857677585235494,0,253.97614393757425,618.1145592063309,715.0184318244736,21.511037564599025,22.098243287820203
2021-01-04 06:00:00,1017.9555049361157,23.254588705240074,17.157757066607378,11.512051788722328,60.43938893869646,27.025906377969477,12.644130091806035,6.474572644945757,6.226322351853428,5.2863522015700575,1191.0184145886758,4.660180101412122,6.605029612523504,214.85287977416775,0.0,1,273.01715228873246,546.0961459216154,674.9349060724728,22.93567079233997,23.154268025720167
2021-01-04 07:00:00,1017.1466083315336,22.574786220639453,16.091455336290366,10.981075437555855,55.90185076445039,25.07093421740875,13.146789669156759,6.885330173937621,6.722813913240524,4.923667568892197,1193.237321751893,4.228926569479908,7.195704780655765,217.9788157632516,0.0,0,276.1428471560079,591.8175344909939,667.83753589335,22.668889454922432,22.733218533899333
2021-01-04 08:00:00,1017.6955472089682,22.76373623057497,16.306191325141754,9.725448974418338,55.92699023236212,24.789951843428362,11.869212864102241,6.924348419417989,6.26555328031247,4.944971608735246,1190.9711824118294,3.172712201685124,6.760769285637051,235.2067271559207,0.0,0,262.8945236646628,515.9792823777589,656.1699550244457,20.79635162964671,21.554962968527686
2021-01-04 09:00:00,1016.7336600689172,19.137423462635603,13.892183614620885,9.166211190955941,56.68580922609708,23.141215995864478,11.478626218884697,7.019176591855013,6.042524002858251,5.159748985100965,1190.4317775219017,2.2841461585614375,4.5257098165762635,233.64512576284866,0.0,0,228.77454662277174,457.3577405688877,454.5650574638453,19.825129713773045,20.09399412850897
2021-01-04 10:00:00,1016.9029097624751,17.590128183594327,13.217421398963925,7.96312867250708,54.25447263488716,23.18106248797137,11.453562671692211,7.008465936655171,5.754756931886776,4.742873063354809,1190.44747162142,1.9777400920817736,3.720952533864696,228.9732720834554,0.44634276673371653,0,182.6264683912231,245.02504152544054,304.5144197482951,18.43582991418163,18.329643513802903
2021-01-04 11:00:00,1016.8152406279114,17.627639419473997,11.79113101698008,6.7703168520788415,54.57159419879065,21.002285860209504,10.20238720104493,7.107379638784401,5.617136595515359,4.126936161641939,1189.411907496131,2.386575038647208,2.9911177500107455,264.91741896652286,0.6146849024891347,0,71.91862953306934,94.05978214986418,169.45377051131118,16.57956648189221,16.993168971542975
2021-01-04 12:00:00,1016.0884132554036,15.042327913682165,10.472250132971599,5.710506788529625,55.8827173850599,19.463499922950827,8.77935318956421,6.749007464849039,4.84896356835972,3.946585892323383,1190.0244147458775,1.8294966082489719,3.931709685015246,241.36795064312966,0.0,0,16.60961819249973,30.001775434445545,63.89563310381874,15.073598892365345,15.448887226760846
2021-01-04 13:00:00,1017.3563446860846,13.104760049362362,9.279289527639847,5.61417471869552,54.43078171699024,17.760828620797675,8.880916645768204,6.787540797680365,4.270377431389328,3.6423953161953446,1190.1076334071308,2.0655459298877696,2.2868044763255684,242.56829584308184,0.0,1,0.0,0.0,0.0,14.66784732306112,14.333247593229586
2021-01-04 14:00:00,1016.5102079351227,10.071522727677026,8.385571260688987,4.636504668574691,55.963231783868025,17.388677531368938,7.855155718155408,6.262044087615784,4.31459105858001,3.2924036145688405,1190.949180598474,1.7629714902682203,3.684467218792981,252.75405198107887,0.0,1,0.0,0.0,0.0,12.758663540279635,12.138792813491392
2021-01-04 15:00:00,1016.8120251229823,9.326882152912383,8.00153311231412,5.1714188365360485,59.327263924369824,16.113091138664505,8.115464131937655,5.929972645205077,3.530608210985557,2.8094294313118082,1189.7350282589478,2.3575463911384698,3.7045014669279297,269.8026517947046,1.1698192229340103,0,0.0,0.0,0.0,11.02248380090121,10.455939227920375
2021-01-04 16:00:00,1017.1003214545117,9.47425335700544,7.81333925775897,6.202418944688887,56.66590134525942,15.709864522832767,6.913233563321975,5.55020369004362,3.6407411752962355,2.825245172380681,1188.7873218044788,2.3491636776036184,3.278351305134291,237.1172698097405,0.26606305847581413,0,0.0,0.0,0.0,9.974708802633643,9.752420943768403
2021-01-04 17:00:00,1016.9840967958853,7.84953312354456,7.002522651051241,6.105538331095245,60.45837551506988,13.861591731729105,7.426217312968965,4.9838789495098315,3.7884861185381618,3.1187288696261932,1188.4099324971976,2.96977150375697,5.567047164429675,271.39441199309414,0.0,0,0.0,0.0,0.0,9.623499700393339,9.157621104672959
2021-01-04 18:00:00,1017.067841993111,7.1187945815999685,7.630975590457789,6.500512317369008,60.51213841681651,14.109409685523401,7.77007947942256,5.055156282385169,3.6158187807017477,2.7237711025877647,1190.2095697475231,1.9551582945390296,3.8301928735190156,250.88526498543698,0.11123289249498225,0,0.0,0.0,0.0,9.931661875110898,8.916125738998215
2021-01-04 19:00:00,1016.3629844908612,6.965255652613995,7.4176268771358025,7.016550739054711,57.93409457789565,13.559777443564613,6.97386607287917,5.063503702360509,3.7595824737114523,2.820238282360934,1190.0863305059233,2.8274534010746373,7.011666366458183,262.34082824842216,0.0,0,0.0,0.0,0.0,10.936333346736031,9.370933108435114
2021-01-04 20:00:00,1016.007014382159,7.795595773415903,8.9850498992914,7.2457482938707996,60.29572594147293,14.636328065925698,7.674431126457524,4.407606808805837,3.825032167363905,2.9888746448293864,1189.500468335104,3.6534480576486854,6.540683910769473,252.02455062373866,0.0,0,0.0,0.0,0.0,10.613258244273636,9.361642237810257
2021-01-04 21:00:00,1016.1834656729259,7.852707228067597,9.286201399747593,8.529490712531844,62.59255674838384,15.49793665624012,8.497856233097211,4.137349470832338,4.421406725976858,3.5951001415185666,1189.6556601335567,4.66561741736989,5.073277722241921,277.19323464314556,0.0,1,0.0,0.0,0.0,12.7431337008202,10.778396393521405
2021-01-04 22:00:00,1014.7967344080827,11.180348294644809,11.43662877673179,10.6046981168607,64.40804448959662,17.23222497874771,8.703119894480595,3.631818515624027,4.132352074468637,3.401774954283392,1190.607010925461,5.220514941949742,8.243119214681709,256.4216105292962,0.8335575299838044,0,0.0,0.0,0.0,13.651911202935203,12.164139879632463
2021-01-04 23:00:00,1014.8861171671051,13.52128581511714,13.296277048383562,10.734464806413554,67.8615276244856,18.955596632593977,9.922837803761384,3.419044435507312,4.691397767747885,3.908206216593679,1191.7312879907986,4.1981321877224325,7.7473855094004085,245.42370745951965,0.0,1,0.0,0.0,0.0,15.119139050732553,14.128857128415538
2021-01-05 00:00:00,1014.8807665715789,13.897066470980562,13.416559089321,11.589723524332472,71.22928809616363,20.495533345415744,10.506039877382781,3.464877490097777,4.912375905757468,3.8803639655897593,1189.7092902529046,3.820042992975683,6.389481460838451,246.2711190843782,0.0,0,0.0,0.0,0.0,17.214478188768524,15.831146403273825
2021-01-05 01:00:00,1015.0342337225429,16.60756053620537,13.567277642954059,12.426674770027867,74.4682097167102,21.131508134506298,11.238652171323487,3.522353486486149,5.579588821636751,4.258703002022523,1190.7530985712435,2.8581396204636036,5.513798767179967,246.42853429213628,0.0,0,72.31575215015256,197.87035746420486,166.5069623264275,18.629761451140688,17.41430697538284
2021-01-05 02:00:00,1016.0430145564538,18.189774757436595,15.393944787693338,12.45358930826965,74.49863585398796,23.499233952311492,12.005833286109233,3.3279740811349487,5.737685024789899,4.602510544622055,1191.8228158275795,3.876408068359957,4.428786891580637,243.0603215271403,0.0,0,166.41259694415984,309.0677995665271,380.8693887278987,18.66105141006764,18.235208615830537
2021-01-05 03:00:00,1014.8881095792917,19.981108413126247,17.03838382656239,12.508866086491633,74.84889237336994,24.220598118565384,12.528982348905874,3.1610489259456043,6.40442914766863,4.69370154905398,1190.313820467919,2.724904712402759,6.932356929448309,240.956167330137,0.0,0,191.66176931244587,406.5912324520683,478.2300407259866,19.99459428337662,19.720499886923026
2021-01-05 04:00:00,1015.1974699567685,21.965640369050845,17.15206725389103,12.8279853898133,73.33551751274027,25.033853974758127,12.90984396525479,3.037414609853686,6.192874914596263,4.998486928420736,1191.3241138475923,4.034541148355706,3.5772542140191845,231.40896269809997,0.0,0,263.99315748608245,523.9810949947107,615.9140554755082,21.331983654747855,21.28776654708036
2021-01-05 05:00:00,1016.4251764395269,21.268325101820615,17.120809026034195,12.077917907540746,79.27260058596548,25.44129921432495,12.754742538338693,3.1625585412816486,6.730314044577,5.336721178709536,1191.575298717458,1.7946741473902408,2.7035539310261787,212.11449074199652,0.05300423188228337,0,288.6692329988428,583.7000546588097,724.0116866663359,22.13521775425729,21.893057983367154
2021-01-05 06:00:00,1014.9849413218486,23.429989306849944,17.281016623605453,11.49041940547711,80.65814210518818,25.720032102819225,12.718131043783826,3.1172477285454723,6.618627906108794,5.039927087781623,1190.598534821207,2.9268045235105613,3.4822844919112415,216.59732329098338,0.4438422357886015,0,284.78380217261093,602.6427473570596,775.7580861897962,22.78877038480215,22.72100832286687
2021-01-05 07:00:00,1015.7425679388151,23.255105159266126,16.473716369355017,10.636729931390027,82.26615761144645,26.666711880832526,12.638321602066268,3.1782776095015084,6.442396525616206,5.159128797739609,1192.3970391801959,2.0939336128778643,1.7200697205666942,219.87604468766466,0.0,0,283.91070414593065,586.6488729838338,690.5820856428205,21.650609101165767,22.318640146543483
2021-01-05 08:00:00,1014.2867890713711,21.752431418649667,16.00679042079727,10.187694740861565,87.20286165217324,25.349857805953643,12.230380608744875,3.489065109074933,6.407526573248643,5.180977194872512,1192.6000964238306,1.2056177214234463,2.245145775219939,200.66278340226347,0.0,0,228.3739609597585,478.01546811286215,612.106053001114,21.892910833307017,22.062120128536545
2021-01-05 09:00:00,1014.7490671155314,18.920358292503188,14.792514676662389,8.848744452909926,86.33938608005545,24.32994661086988,11.482054140581912,4.009960006904388,6.112913049285658,4.6836349276613065,1193.4840164377306,1.9902388694020228,4.063924547759497,207.43333640518546,0.0,0,214.32483823911093,428.525603113137,439.6102388564909,19.373882531730185,19.61728380496136
2021-01-05 10:00:00,1014.031822103798,18.30250696179833,13.869551417680757,7.836990238422845,86.05900923083598,22.86887657073153,11.083517661332142,4.257561261063326,5.821190936050363,4.819082758522992,1192.1218074617507,2.5500663706827313,4.085793256482424,194.20903554293253,0.2643808290750884,0,122.70534033205277,229.79006522798437,429.28992270553596,18.143715653489913,18.299909876419008
2021-01-05 11:00:00,1014.3978078354485,17.933583714692073,11.988441432266205,7.188411120460101,82.94751866046396,22.775903576334155,9.459375475451681,4.358815303722201,5.346854353034907,4.325159550065292,1193.7167664747628,2.442747717418338,4.006863745557155,184.79505785214778,0.11608260791575697,0,99.0944578752121,178.31637139767176,205.95838496317216,16.783156612070474,17.298665940185053
2021-01-05 12:00:00,1015.2173314818407,13.055404003490008,10.97502866744028,6.073759793108734,83.97401050160651,20.65250524442322,9.11180550405124,4.992535324190051,4.859682298489004,3.966975487332143,1195.503881540731,3.4189913552761473,5.014645338345101,191.94143892539594,0.4685799970855422,0,0.0,0.0,6.811256224334701,14.910662984739217,14.900286348919844
2021-01-05 13:00:00,1013.0382203849657,12.686181250644395,9.182887075099345,5.395763532315654,84.68198370675015,18.0865546719855,8.551349669558025,5.283610290440669,4.544757208353718,3.2877875847169356,1196.631109481762,3.8526047659976967,5.330063862491331,155.64622613634455,1.5090357237672491,0,0.0,0.0,0.0,14.571896468792009,13.872993794459806
2021-01-05 14:00:00,1014.6416341403493,10.173999455072906,8.031288339904737,5.309772330419793,82.9380731463153,16.86319247264768,7.671295996161762,5.449470515594519,3.9133710044103527,3.3252775115973034,1196.2801292689717,4.133793142889565,6.235976971877843,159.35493680399912,0.05887418841397635,0,0.0,0.0,0.0,10.834339307383832,10.947030635795183
2021-01-05 15:00:00,1014.3574153011454,9.906344961617005,8.430937560791747,5.267705557110766,84.85912203763954,15.650237041195261,8.151202743249108,5.925964197875984,4.107729494726704,3.225790345805204,1194.2830234969542,4.117596340896016,6.122601701521154,171.61876348858615,0.0,0,0.0,0.0,0.0,11.052856170308141,10.634399860850072
2021-01-05 16:00:00,1013.5642384895314,7.599217003224077,7.232573477782942,5.092995581270685,83.70419875519801,14.876783566434675,7.163253081065609,6.221384619229807,3.453929099888248,3.309838519219168,1196.3836862512856,3.6927800342628068,6.505424050402473,170.93888016548192,0.3831297049464738,0,0.0,0.0,0.0,11.219230814166012,10.117294483548177
2021-01-05 17:00:00,1012.75433134395,7.555361204202383,7.406088056234509,5.597713420838649,79.72368451825915,13.853832045949874,7.076434794768955,6.4087614582530605,3.507581849519258,2.954466839275441,1195.9331739295858,4.241857391178255,6.481072995988071,169.0504639074611,1.6342811419649292,0,0.0,0.0,0.0,9.890974850919907,8.963307762086153
2021-01-05 18:00:00,1013.8398759313723,7.395822293418365,7.285187561577662,5.900457070718001,83.00023513599048,14.219408261680849,6.866507983290089,6.917384840524063,3.6296090082962067,3.0252432463556698,1197.1937306493803,4.213865356777695,6.151362126084277,140.5035553033831,0.06093905210926254,0,0.0,0.0,0.0,10.673706890519345,9.386483888296555
2021-01-05 19:00:00,1013.2290367938492,8.557951477498472,7.475252524809221,6.706520440885372,79.33604210274851,14.93048910828525,7.3079317942546185,6.498804929153155,3.7189906039863807,2.599068093728731,1196.639592843198,2.8975984570735864,7.120704016506259,138.69285888807167,0.0,0,0.0,0.0,0.0,11.70704190134937,10.273086354196995
2021-01-05 20:00:00,1013.7087832854221,7.929737409151732,8.607563619219498,8.328908345458945,74.0418577065155,14.147033522791286,7.265614949039714,6.572455707882222,3.346031506955894,2.935405016328083,1196.20740964997,3.5292438443190384,6.300134200261776,136.7512694974335,0.28377894049921104,0,0.0,0.0,0.0,11.177537734149341,9.972649714402309
2021-01-05 21:00:00,1013.4097771950579,9.606376809243436,10.385194170544946,9.236382095909764,75.63756576878643,15.193285944334672,8.274479309001402,7.000657156889818,3.9209702131751607,3.395621151041914,1198.0911381108979,2.9515993675949255,4.2541093852872365,136.182210226659,0.0,0,0.0,0.0,0.0,12.903472721335092,11.333138446484673
2021-01-05 22:00:00,1014.5431028942714,9.960461164610791,11.168918845827434,10.273700349786242,74.44469858838363,16.758420722351342,8.671254824063963,6.988840943902878,4.341948939889764,3.222453289920015,1199.6773180639334,1.9070607782841602,3.3604446793146163,121.84736389722946,0.0,0,0.0,0.0,0.0,14.985219668157185,12.922203613433524
2021-01-05 23:00:00,1012.939400239561,13.762737133485434,11.335220029821693,11.16270897795366,73.90347760617229,18.228687949330943,9.703758391175775,6.960228268775613,4.62217465419868,3.8824616716715927,1199.7646401930442,1.9978729120616265,3.5886034661224375,123.7293256913414,0.0,0,0.0,0.0,0.0,15.274688309539629,14.099566443786754
2021-01-06 00:00:00,1012.1812020059025,14.467643806350006,13.3699788050186,11.887905673924061,69.32504719374681,20.999232937372938,9.57204136586417,6.624256105913061,5.268814991534702,4.146663572920061,1200.4029478599143,1.7182438016630845,4.992179271062766,115.31570570169019,0.0,0,0.0,0.0,77.92389024451609,16.570162587447964,15.623419074079095
2021-01-06 01:00:00,1013.0125357664257,16.678024445958748,15.554696284710134,12.771499716630583,69.69798365159365,22.053768880622545,10.885477916583433,6.348504125219489,5.223867187670861,4.365527583812989,1200.739709885409,2.6847971878308385,2.2082203310183455,112.71761645615176,0.0,0,75.29375469655007,133.75559273438245,142.410175065154,18.665225410831873,17.53878792894131
2021-01-06 02:00:00,1012.9143175659626,18.984426543605537,15.56108282339077,13.252451316217387,66.49199829700262,23.47216117605912,12.571828490831722,6.284111992834089,5.340191773961958,4.534259474972803,1201.4498121075223,1.8298090941728131,2.9014049822123513,95.64089796812652,0.2646236912096175,0,158.15103720356606,222.632857024351,354.12313237312753,20.214292197633924,19.376385621375547
2021-01-06 03:00:00,1013.6950545815531,19.562835207754464,15.522206913550631,13.364064782388546,61.62963929644852,24.11045784036257,12.832635562317465,5.9116843729304005,6.222725375133522,4.651269106509367,1202.093856409489,2.3921896007375287,3.338925523405252,99.43379670311231,0.37631696570210993,0,192.9127244768853,423.2773860515887,503.235692296672,20.621713294537486,20.11140076020194
2021-01-06 04:00:00,1013.1454466803933,22.088342250525756,17.822053303089668,12.807863852547483,59.669666453034985,25.052995719313216,13.371907391990467,5.994254567582478,6.191620881752959,5.394306343361987,1201.804435479223,2.1054684551621734,3.6275110413908,95.98768777824517,0.0,1,263.6608141402165,515.0149561225539,653.324112240667,21.17938735881663,21.164143259084586
2021-01-06 05:00:00,1012.6328658862193,23.40463300136005,17.337548481603076,12.989326781373105,63.113698305167894,25.069702250851712,13.549361584389775,5.282450905348823,6.0971806199164025,5.285483495091688,1202.6710810124448,1.6184155552590873,3.9493918139730697,88.41546961687514,1.07615915925096,0,267.4551994285365,622.6828063218545,656.757501013183,22.952071251416378,22.9356523387687
2021-01-06 06:00:00,1013.3884699877746,23.205053676448102,16.741676016221632,11.878211110081597,61.78536663896533,26.390870114023908,13.209394703189513,4.989362969656586,6.468297521886705,5.26812322493509,1204.833428318619,3.3361709244108093,5.9240639777588395,83.48394775789085,0.0,0,291.76284167936853,548.5622233718442,656.5308125772356,21.807656317034883,22.396552159536963
2021-01-06 07:00:00,1011.1378119290811,21.615178315387436,16.045780781689775,11.20215681887515,58.745518356440904,26.0410822601388,12.504609163444538,5.14778727258573,6.695000334619942,5.076541041906431,1203.7257105244541,3.1155328215295963,6.047607185006097,96.06814916673888,0.0,0,255.04272133652006,553.9792028106533,704.6481859635345,22.32780584793767,22.28123613907668
2021-01-06 08:00:00,1011.4486403197113,21.84153672424476,15.939103791967597,10.091585811661758,60.00103238559349,25.839151105045783,11.833383286732943,4.277007668002527,6.046387582114121,5.046804810459324,1204.109929927212,3.6678238275985433,6.962219478369136,98.57655649466075,0.0,0,251.71665730630022,567.754891291605,569.048431697227,21.028413417993832,21.319708979165604
2021-01-06 09:00:00,1011.0915124275961,21.176274481578037,14.061811138225831,9.040397412101768,58.255026710413915,24.13722583044121,12.11629171874044,4.1112313730398204,6.527859362569277,4.881471591417865,1204.642789504622,3.599347400362033,7.203554767301939,103.77630465715295,0.0,0,200.67728269780477,435.99562316330264,403.19947922347774,20.894066934656855,21.106739289825338
2021-01-06 10:00:00,1011.3940569319628,17.685407863823873,13.68282940357029,7.614118229480274,56.87837006462342,22.929110426899804,10.979768994252682,3.843686667304195,5.582423681092669,4.679975136946715,1204.782091481684,4.31663401087655,7.6847741634692035,110.38196874552871,0.09574516571736391,0,168.87158713477322,321.97518744625484,442.0185962213932,17.956835292464316,18.371894313671262
2021-01-06 11:00:00,1010.4785743584354,16.31821615114776,12.080141033175204,7.230173096874479,53.3057041019255,21.637937034895437,11.1828893014745,3.6141914425056845,5.40563073847893,4.457450911817411,1205.0110343864294,4.812839259727096,8.237140172403665,109.37659947312626,0.39635767972382674,0,76.46051208436428,173.42877199509388,227.52486467864236,16.455977873567072,16.605951941500763
2021-01-06 12:00:00,1011.9630357855767,15.613580522857045,10.64473992943698,7.268693394364966,58.462857502064686,20.445948787753533,9.2579528172105,3.325846645513372,4.756173516430475,3.843505694828979,1206.0865310472902,4.592202079157081,7.796885980999542,108.14885592193919,0.5015723415507027,0,2.450064662076377,18.314865897382237,94.16938927085945,15.913691341217012,15.899342358116634
2021-01-06 13:00:00,1011.1531875461521,13.118514443117961,9.40920801431005,5.357147009782498,56.200929943809385,17.711977918336157,9.452479141951349,3.1593829173102868,4.620093502085426,3.3960977527795784,1205.787488708539,4.628718646485088,8.145418387049817,105.31657329911185,0.007595433734092105,0,0.0,0.0,0.0,13.198050195676803,13.540495806614128
2021-01-06 14:00:00,1010.0315152166713,11.288380107488742,8.244534727327176,5.14999007436171,54.739435056440726,17.368028066869197,7.951025354695702,3.050451351943008,4.223250435648267,3.4168561702547016,1206.5457911341114,4.308605915300431,6.6579133117771,127.48713552549387,0.03581500957175887,0,0.0,0.0,0.0,12.56621493188318,12.329601152469788
2021-01-06 15:00:00,1010.2741195732085,10.644792115843941,8.100373800686903,4.8219443139488085,54.8052670017201,15.747111531794301,8.033942976229026,2.8848012195532453,3.6414410477539616,2.802028395111191,1206.2805531053393,1.9770628848708953,4.464442578778005,122.41323533218211,0.0,0,0.0,0.0,0.0,12.284043068914242,11.724880886432842
2021-01-06 16:00:00,1011.2171278625812,8.399783714678827,6.691799723570681,4.956617020449353,57.52318650626113,14.274528943316517,7.8343850372686035,3.095488254543438,4.266127288113523,2.8960373164599456,1207.539460059308,1.9585635332120632,4.9938093467933236,124.23909327500779,0.0,0,0.0,0.0,0.0,9.459407162686745,9.372309043658344
2021-01-06 17:00:00,1011.517945770274,7.7331149969906745,6.192685209888215,6.183250101837908,54.75758172595458,13.162142165938553,6.596546952206308,3.526343925913102,3.4520438267626576,2.7390510424307646,1208.3556545587458,1.2602803182442215,4.282772923814596,132.24934226778365,0.05316094068561383,0,0.0,0.0,0.0,10.319649506726565,9.38503601048543
2021-01-06 18:00:00,1012.3274322146557,8.897521869052827,7.530537615818199,5.943984755520336,60.792744832907495,13.931763144060824,6.865801035159928,3.510085574223835,3.4011074885387944,2.8983496384403336,1207.8782550838387,2.1901321802750244,4.804185116616873,132.67255652645292,0.7100379084622922,0,0.0,0.0,0.0,10.757022241926407,9.838561061967651
2021-01-06 19:00:00,1012.9452961715078,7.122930199024107,8.084129514302758,6.861161468804612,58.96143693548113,14.928301533902621,6.90105167212439,3.5286947182069714,3.7449184364371275,3.2374084155503793,1206.3783272425649,1.3732090291845533,2.2566576806345524,140.88379982663298,1.3059201176790438,0,0.0,0.0,0.0,10.372886815319584,9.3390929193057
2021-01-06 20:00:00,1010.8315275466208,7.513278835191543,8.842192749184166,7.386252215179688,63.24121621764857,15.641189910664066,7.259738539457525,3.885590740248119,4.0638128709930355,2.571851390677961,1209.2506255818998,1.4751597551621645,3.476745359089933,147.0138054010446,0.0,0,0.0,0.0,0.0,10.573051247708396,9.29058998727654
2021-01-06 21:00:00,1009.5958766803948,9.64260322928058,9.871061346470073,8.755360581074987,63.21650783980729,15.935047418215738,8.60923286364941,3.8261648182538623,4.164627201821033,3.606308868639818,1209.0302490846436,1.765868259116497,2.723092916617549,156.4211022117935,0.14402774992667644,0,0.0,0.0,0.0,12.044547355081825,10.764371045647971
2021-01-06 22:00:00,1008.5711678003398,11.307293720572245,10.731028619518948,9.40822101723827,65.5888768980128,17.98100283192114,8.967406847402676,4.2638572825087175,4.009763975394686,3.353384968176198,1208.1422231264125,2.3556614514528738,4.124460863907028,172.66569535482643,0.0,0,0.0,0.0,0.0,13.030625282058008,12.091589083769952
2021-01-06 23:00:00,1010.3821379852509,12.560746864817466,12.584697961879666,11.303089118148211,66.52828737116907,18.425615187906487,9.835666354354306,4.842273613502949,4.654553234245148,3.7589788823114874,1210.1090745072952,1.8127132896734004,4.144162381668884,177.0986612655934,0.2180693886217403,1,0.0,0.0,0.0,15.07492882022321,13.88123806642413
2021-01-07 00:00:00,1009.4107208622894,14.277322086311594,13.454821969929405,12.989303252333002,69.67754113763839,20.476651775821384,10.8185036463745,5.297433438691637,4.623725503523,3.717033568475255,1208.1121399622357,2.3705682686829537,5.383575043352707,195.46737407280781,0.0,0,0.0,38.93541263961429,29.565458135641116,16.432977163669616,15.313228849502286
2021-01-07 01:00:00,1009.6239070468126,18.68744345628322,14.419992607950173,12.346263442841266,75.73665197533548,21.32729882616191,10.593724466474885,5.193123120914783,5.5685695839182525,4.509957168168289,1210.704665878215,3.44527428958892,4.555769737786194,199.08975034093268,0.0,0,76.64722845377202,115.84512314700719,160.4193963499312,17.815789906898747,17.502933121156794
2021-01-07 02:00:00,1009.363720605503,19.228790429271577,15.512035598188023,12.21170463861217,76.65240493063506,22.742700580357898,12.50096433060881,5.587322624766704,5.422962372293901,4.608294507270339,1209.724109387691,4.434996860669733,6.920156404617792,213.45607194570013,0.05828704270299928,0,155.52398572384814,260.41902494353724,374.2747522579732,19.78345058258757,19.48038447531292
2021-01-07 03:00:00,1009.640127049216,20.144254482510945,17.432766108805655,13.35957344608418,76.44920939546728,23.90388612867898,12.360838797338493,6.436275158775711,5.9000199070579775,4.836234655186202,1207.608018330574,4.113134323294231,6.896898419717761,206.29710840491003,0.0,0,220.62492226477787,500.50630334214134,544.4676184245554,21.592471844134526,20.875865291499185
2021-01-07 04:00:00,1010.5071311528358,22.56935444187122,16.008040819355678,12.557405035353815,77.44941146887008,24.16588794914447,13.057252180119518,6.30482746932687,6.298397804870394,4.651753461560734,1210.123548540946,3.884420225724854,7.091369811441938,212.79266368978872,0.0,0,292.85958295114045,458.4061846069451,629.2944068620009,21.666386081259787,21.663808431600316
2021-01-07 05:00:00,1009.6838659754875,22.65100500421961,17.246246278844577,12.954268461630985,80.81982381651657,26.439101087707865,13.242558212212824,6.89676128077803,6.537890051661805,5.173870354316367,1209.580102979455,3.2061457387470536,8.529798145902282,208.9353031628845,0.0,0,289.21479525988815,578.4868346135094,644.5357994684254,22.727833402704835,22.684854458958483
2021-01-07 06:00:00,1009.3375582244363,22.822982987577518,15.937127231816175,11.674015218272691,82.86654250601333,25.679183780430993,13.48851835782926,6.7734222710240335,6.447813075320936,5.369165664763315,1209.443150708177,4.602170817449912,6.426064088954623,228.2601489749549,0.0,0,323.37489608413034,674.059353902516,764.1466904264303,22.917319930336426,22.853788455729173
2021-01-07 07:00:00,1008.5446051426779,23.1209976206527,16.177372980569338,10.696480066215745,80.24066333995344,25.39483556785682,12.643813682482989,6.928621298036902,6.75270547478018,5.111855264450246,1209.2485695860896,3.4676580678972657,6.559387559190672,219.32494560765272,0.7891082430107529,0,266.5760863338484,578.41183785747,713.2542125325233,21.259584404257424,21.959447495854256
2021-01-07 08:00:00,1007.9445295168496,21.023885642513342,15.181114084494636,9.907567633029531,82.83550332150216,24.606166581900304,11.398828681622021,6.908517328492436,6.443686022115116,5.274070353670159,1209.8180031628228,2.870907728447515,5.764256845882752,216.7184535311073,0.0,0,247.0541446443174,573.4860690332232,607.559175358586,21.035608156466843,21.345485947606345
2021-01-07 09:00:00,1008.8089238447411,20.903693292234415,13.290288689998992,9.244705433482576,80.21427652853313,24.14046096885115,11.680444921941985,7.188511028302046,6.189605122592665,5.075107171802132,1209.3916947247842,2.142337386770608,5.1584313281925835,251.8317764174014,0.0,0,169.41554601573702,450.3630632881291,493.89560613566175,19.54291925357258,20.105257721579154
2021-01-07 10:00:00,1009.0712441520604,20.339068365412235,13.303219986529179,7.81745077327814,86.73509161485781,23.881746155279878,11.034224547762367,7.241171016085216,5.504119819603069,4.471780923451832,1207.9247857641496,1.8358234081056468,6.093402837062884,228.79173950319154,0.7773700927943562,0,153.0261308001947,299.7119246306079,368.69962697384943,17.57696454135192,18.766499809999374
2021-01-07 11:00:00,1010.4475772294077,17.39687672435828,11.619024359216981,6.750942880419067,89.00172143600886,22.59980369602648,9.771575831265693,6.6723847955436435,5.728102147162861,4.629605625882503,1210.931326149568,1.683768997180572,3.7654704545579194,249.92068143907534,0.04071051823764554,0,90.59619262793296,150.06561660299766,165.5741465588495,17.180022636017945,17.708093017512173
2021-01-07 12:00:00,1009.0591346453035,14.736651527351615,9.472795795412718,6.0510429952103815,85.16016524924618,19.16956656209899,9.462988269388,6.661560697124793,4.839386971144306,4.009058992865023,1209.2662075069898,1.7547426069831586,2.8141253528405192,240.4787185744214,0.0,0,0.0,0.0,0.0,14.769709729289975,15.15552022806563
2021-01-07 13:00:00,1009.6655606657083,12.574473942880093,9.756234657029381,4.998322965898177,80.62165267080113,18.269861731396755,8.518913426148643,6.715104591112805,4.9592799189436425,3.699366196034546,1208.6038692490938,1.1153790687038025,4.527106730333363,263.77129919085024,0.0,0,0.0,0.0,0.0,14.166835744982514,13.854217661812273
2021-01-07 14:00:00,1008.4072106814415,10.712762018658438,9.049521834678734,5.280404829109323,85.7066684274901,16.48282111495316,7.476640491261,6.259665491816214,4.654439011385117,3.4197962445205485,1208.0070308938805,1.812603939857948,2.7842334816244136,267.8049095205796,0.0,0,0.0,0.0,0.0,11.562711004504699,11.501988198799442
2021-01-07 15:00:00,1007.7888441650958,9.165371875874177,8.322615911730557,4.285735782149749,82.05001465537114,16.251528183486478,7.768117495329261,5.901322906293359,4.041871134692935,3.165335012764369,1209.6807973093366,1.750943105121178,1.9838066746638772,262.5658441773573,0.005887019970206964,0,0.0,0.0,0.0,11.457593328824883,10.772813269062238
2021-01-07 16:00:00,1007.8977795712918,7.8073321967936975,7.303949359947334,4.97417639932792,81.66368217343766,14.947144350940329,6.9302182820165035,5.885948717425219,3.9073645138592257,2.4347428441269714,1207.3618220687479,3.275372251999761,3.121749815483838,271.24826733573866,0.006541491835106883,0,0.0,0.0,0.0,9.58786664348315,9.07935881666944
2021-01-07 17:00:00,1008.0257335850616,7.914011398439661,7.0266768425918755,5.869224394122721,83.15345288395056,13.88616037857568,6.8431752375837664,5.567986996276365,2.9345273079550256,2.8037877288151756,1208.5206929813123,1.7031522554802976,3.318689718114375,259.76894660565085,0.618557097623515,0,0.0,0.0,0.0,10.482684799384586,9.43921355875972
2021-01-07 18:00:00,1010.2477431650062,5.786753627753712,7.887395864819859,6.334392475784407,81.11570996882368,14.03628654029551,6.874768727561441,4.910071581865574,3.4609995169019245,2.527210705667509,1207.506520941876,3.0807397151561884,3.5600276269484343,282.3417468082605,0.04597933937642856,0,0.0,0.0,0.0,9.793946964178158,8.510158295211271
2021-01-07 19:00:00,1007.8299642348712,7.875993424975944,8.60970214293923,7.286921887345711,78.15520388445361,13.965735731561733,7.808434801389461,4.695176950263731,3.7715443885503044,3.1661561488962526,1207.2460399540073,3.5316286808438444,5.393628283156825,267.1572281822687,0.0,0,0.0,0.0,0.0,10.094555549830364,8.893744730305261
2021-01-07 20:00:00,1009.1030640747762,7.806016202124669,9.168856524366069,7.995231075584656,76.20078873479673,15.610970624480792,7.735349870051443,4.074264754167825,3.885863947986153,3.277986113802909,1206.327888723798,3.320345190630917,6.2294024471543175,249.77910464473973,0.0,0,0.0,0.0,0.0,11.805209856673617,10.216028978281729
2021-01-07 21:00:00,1007.6582605949739,9.607009200494346,9.196428360546154,9.526303743286093,75.99192359591805,16.03083907038871,8.374046051657759,3.820903817904269,3.6953951606001962,3.3218595290672552,1206.4507483793438,4.173459223643493,7.676473139671993,257.9701331905669,0.0,1,0.0,0.0,0.0,12.009170059010069,10.778156765848328
2021-01-07 22:00:00,1009.0773562778134,10.211108462859412,10.991971235295182,10.461460653127528,73.06335457151306,17.334911710458233,8.869803733747725,3.7392578270535948,4.191255592026429,3.3523065125322247,1206.7001184550954,4.66504726211923,7.473136795674069,253.65038940072196,0.2209933166164728,0,0.0,0.0,0.0,13.600248715186318,12.153977724900795
2021-01-07 23:00:00,1008.5947533174239,13.85948938597447,12.410714681832653,11.228823640162531,69.73941861609472,17.11362699036845,9.999866553980233,3.4741924712780112,4.1044983313059955,3.48781415855624,1206.5285161368472,4.328495820194786,7.436682952527349,250.00038237855537,0.0,0,0.0,0.0,0.0,14.914264161032033,13.945097112541749
2021-01-08 00:00:00,1008.1194071003978,15.871944472120298,12.572792548848062,12.240442674523496,69.33487363704329,19.966605660585582,11.135735211765457,3.0745739740849944,5.082598568034548,3.868483799744877,1205.0922600416418,4.8180644673296875,6.017482803410699,232.71064002376298,0.9860243380689827,0,5.682096177934179,17.7684411654632,17.1059261679263,16.903435951486856,16.188971096818356
2021-01-08 01:00:00,1008.1732913047507,17.74226572884522,14.898229718168148,12.793104382062907,68.7212923632096,22.59451975014464,11.595823526955455,2.9774199734830673,5.011562887408416,4.699111235408232,1205.355455947713,2.74678008354483,6.993521828944368,249.40080898755392,0.0,0,102.64108743589205,148.4785982223173,296.30693818564083,18.749513173734393,18.066066007269985
2021-01-08 02:00:00,1007.6465407122112,17.93967165694453,16.804477167305443,12.702622406469516,65.76150738982291,23.66306453501835,12.261004713559945,2.817375619984472,5.976095568557517,4.46156052269601,1205.8884544309703,3.0235094799220072,6.797026555770322,227.42602566011269,0.0,0,147.3353967038048,324.9974556212641,318.764605042943,20.005143419745366,19.149343825410135
2021-01-08 03:00:00,1008.4950081591973,21.237238999238592,16.742414342318117,12.462014015635754,61.43273131802731,23.319095894159116,12.742968545028186,3.0910119713826423,6.297205143923298,4.377409066546641,1202.8772764404464,3.7375280236154795,5.3156567132369394,211.31446968970005,0.0,0,189.62411104760727,383.9005762987405,494.4170576476166,20.365001329127413,20.219261295827778
2021-01-08 04:00:00,1007.7452752120583,22.21160179162049,17.612235401099273,13.016319869262928,64.4781292427511,25.03943950636483,12.29219460029991,2.636856654637203,6.204164742795356,5.245263586238403,1204.0610974571662,3.0113869803085636,4.653973742387015,227.98287236369018,0.0,0,273.3284836184515,525.489180607009,631.893147823488,22.19512173511658,22.05555933886086
2021-01-08 05:00:00,1007.1032408511664,21.603716737319743,17.087809591761033,12.65296538174214,55.39095569098253,25.194795224775046,12.64382554384175,2.9182993125161416,6.553143925524419,5.45921161427046,1202.6328955500508,2.43463196304065,2.7026709408669487,218.32717837416143,0.0,0,318.47530009890795,641.6381886297357,645.6453509163849,21.371823242566443,21.55576339861287
2021-01-08 06:00:00,1007.0392082375687,22.98299183136043,16.740073283636132,12.223015633844117,58.50066797214495,26.855550780181435,12.858204776084076,2.895360882864655,6.456580255187898,5.531843137433305,1202.0374857716329,2.490774678339964,4.111497838515392,211.38462987364457,0.5941204680695943,0,325.7756702563512,591.0150601062074,788.1601542496372,21.524535843641353,21.901026974622884
2021-01-08 07:00:00,1008.1808460273086,22.98258075263584,16.422125344771313,10.574677831830739,56.859302986523666,25.91769409887237,12.395411020598912,3.551715234533635,6.497270418436577,5.36678059239675,1202.8492019640232,0.7614709817332461,4.455048932984722,182.7785014356009,0.18975450344342715,0,304.077503213298,653.275560852112,652.5146633881717,21.534888144161076,22.114026849359668
2021-01-08 08:00:00,1009.2906635282869,22.31745592195173,14.990014503079514,9.616178231616942,57.30597669897627,24.812254642840927,11.822468855336794,3.353878070615975,6.069586221028032,5.279534419988285,1201.53386543951,2.117555252445538,3.288746413213051,198.85318270652317,0.0,0,212.92446945349656,526.1621001638204,536.7660261928974,21.4987733253974,21.92601508862175
2021-01-08 09:00:00,1008.1434066221931,20.780937206356555,13.850915244721705,9.12555483563118,57.26513062793616,24.25971965888966,10.908723580212314,4.006345839707113,6.1851586964277985,4.859114952234562,1200.3475415241671,2.4063520562899448,2.7924633697371406,198.96910495647452,0.0,0,199.41537981603804,422.0037410260885,468.7256448847688,19.09579698839556,20.000330882919233
2021-01-08 10:00:00,1007.9119416653392,19.203861991793172,13.74185346989698,7.879952230039169,57.764642222186055,21.696317235465767,10.415330119244071,4.643864516498146,5.421762953955119,4.184740875301669,1202.3695678247466,1.8350260243196288,3.5848288958366448,187.55031481239354,0.0,0,138.30799024682392,304.6647400921546,382.65100430930846,19.00115333254077,19.318798078426237
2021-01-08 11:00:00,1008.2303742868042,18.102080335397332,12.495214561746339,6.195328117308099,53.70351733268853,21.010433618886836,10.0826699519847,4.987390440920318,5.022242535187904,4.3161590624230275,1201.4434490767612,3.8699923726222414,3.9796231413385885,190.84589618234602,1.0513852418477776,1,78.54308136731869,142.83449729496118,141.26462528405204,16.93371785789585,17.56633009735582
2021-01-08 12:00:00,1009.0448013933654,15.858223736937461,10.026845808899632,6.280618901903588,56.173164674666964,20.018221862913144,9.37622146088725,4.638818486164233,4.975614336666599,4.124314554483881,1198.0676940436408,3.0981744820310255,4.711640277471759,193.9266064847557,1.2718794871396373,1,33.76529668881346,0.0,15.109969443355217,15.140759385967332,15.764323616124363
2021-01-08 13:00:00,1008.1772193762133,10.922509171531944,9.820450013919189,4.76609587370295,55.51996385515576,18.86992341361156,8.34609928958693,5.406978275660049,4.569522776423969,3.6623631345637295,1198.0022123095684,2.3482416650690956,6.202426737606579,178.19121498273915,0.0,0,0.0,0.0,0.0,14.534937599431943,13.83032341308277
2021-01-08 14:00:00,1007.67811054156,10.77779301161364,8.288538757881255,4.743489567442381,52.088033855297525,16.029342939701344,8.045312156047297,5.486246027375243,4.304460346110353,3.3638327762520794,1199.548172438642,4.026259891559374,6.509146508709348,176.3720887276655,0.49015517833055855,1,0.0,0.0,0.0,12.014635357176664,11.5416058429392
2021-01-08 15:00:00,1008.9004442993822,9.22789003122686,7.747458027827486,5.541098968831756,59.94288752319891,15.566781659029505,7.325990080962197,5.761372792857945,3.809438330172914,2.9586482547724793,1198.1507815165603,3.765903009925068,7.535200092345969,170.3857432882829,1.8211208811917796,0,0.0,0.0,0.0,12.726403221388276,11.559483392381726
2021-01-08 16:00:00,1008.3703956739279,6.845327768815638,7.354580459339139,5.881776588196964,54.132068688753,15.308690446552799,7.591937777325168,6.262881228495061,4.078100227480465,2.7604217668042725,1199.4214577361772,4.862747715880629,7.266337541846991,142.44978086327944,0.0,0,0.0,0.0,0.0,10.424321372921556,9.35010827064087
2021-01-08 17:00:00,1009.2713804867277,7.338521530450083,7.500823007365478,5.079207763201639,58.93869444025088,13.478718380078961,6.941076617868659,6.777747117624574,3.5832322584422878,3.2085187114063336,1198.028145947516,4.5542220956115225,6.278345126841874,150.5816859876062,1.542908523347998,0,0.0,0.0,0.0,10.168270962100054,8.9623921251949
2021-01-08 18:00:00,1008.2081458468019,7.874130440687354,7.264676655303554,6.081416547646242,60.17331817059727,14.114591417392086,7.338332619036961,6.851982582412947,3.546576355703245,3.1748692739760282,1197.2092955801045,3.8268719887816776,6.33149718848937,149.95157353365474,0.0,0,0.0,0.0,0.0,10.955718017978999,9.64274165052675
2021-01-08 19:00:00,1007.1041502368039,6.5119958879740505,8.473591347920168,7.067842667382662,61.41985212952738,14.237432293818598,7.395528867321688,6.736357055875241,3.5905580360478084,2.840359582203899,1195.3944578127216,4.586849851723947,5.835302361142791,129.75428031143147,0.0,0,0.0,0.0,0.0,10.493989221499877,9.105512070996541
2021-01-08 20:00:00,1007.0147346369343,8.307277426807397,8.756778592808244,8.733740115704833,61.51084623567678,15.661037737471668,7.190887919063191,7.110622305506419,3.9015438681129573,3.0170742364772583,1196.4240738641065,3.914351839313014,5.534864225356561,120.6707247247738,1.5666102090175538,0,0.0,0.0,0.0,11.84262827297831,10.159195703684942
2021-01-08 21:00:00,1009.4588927437966,8.702069316400117,9.97928929789585,8.861257691762152,65.91425381680467,15.6422912163249,8.306142853144575,6.5512583336236645,4.054543311117072,2.95530025116874,1194.184331047854,2.5860400061589477,6.435770953131669,128.73552209724062,0.29617886377756963,0,0.0,0.0,0.0,11.030217079456875,10.039739190795263
2021-01-08 22:00:00,1009.5493034451813,10.529661583424241,10.474667512919096,9.900827365206299,62.99697937557602,16.914199700812475,8.55180855577081,6.819026346337769,4.338403579941659,3.528514969987893,1196.3052445334101,2.4793512733962144,5.879879386666778,103.90015583260505,0.0,0,0.0,0.0,0.0,13.268178929839861,11.898633151219993
2021-01-08 23:00:00,1008.062285955033,13.963623183098832,13.270286115039319,11.669857461848581,67.91044953935135,18.8745656059672,9.77147148979148,6.7146069326315665,4.758968253319332,4.041346980199811,1194.975748238868,2.422834502789539,4.3837057409841895,103.58779062621772,0.0,0,0.0,0.0,0.0,15.271474152266897,14.233239524648482
2021-01-09 00:00:00,1007.9381675616155,14.620209525921707,13.712513494909158,11.719508702510774,68.87225064689507,19.33682566597532,10.29795566549291,6.747714945916667,4.635077072590559,3.6941538440110593,1193.2973169003176,1.6920353436939237,3.362960229898025,104.05040422141066,0.0,0,0.0,36.28846938335964,23.922192559807893,17.24785207845501,16.09830710601826
2021-01-09 01:00:00,1009.4559479783329,17.3941011031276,15.020048101030309,12.78181564388806,70.60329699916672,21.442472667339693,11.489464413354773,6.491523293505956,5.030859037536625,4.403359514063503,1194.511473517634,1.552550219160502,1.9410627183720681,112.00051916837509,0.0,0,61.24644153273418,192.68901674669263,160.54341298212958,18.585564155333376,17.69289519787018
2021-01-09 02:00:00,1007.4464613218792,17.690147318757266,14.863888348709951,12.287550625763293,74.73978125144485,22.772137494579713,11.449316194039506,6.257281000649107,5.734788250939704,4.707804448529002,1195.5502188255477,1.7381124352163697,3.2063911385596477,107.01371555268403,0.0,1,171.05496495757262,236.83276338728996,372.86809771782384,19.909381410370287,18.977280841380626
2021-01-09 03:00:00,1007.6648207222788,21.960476542468772,16.011095247878167,12.931080482675357,77.89520857091567,24.173184780766714,12.50635719278622,5.965056093978774,6.021125395243436,4.954049440401704,1192.711315088325,1.3412676830615342,2.6359433552814786,113.04964269239586,0.010718895048668131,0,200.56868371777227,365.1528777020052,518.5394740978127,21.281637176274383,20.912623539195412
2021-01-09 04:00:00,1008.9469341475383,22.350059942690045,17.49447070433776,12.184336283595318,76.81348847632626,25.620355647188042,13.073257890649652,5.6885217348491635,6.415000074486297,5.367794018111018,1193.1189649349174,1.047993438119006,5.018842297879644,91.99667921538921,0.0,0,255.39849676970962,542.9807263128718,724.7701090775324,21.75470534599784,21.934409674641532
2021-01-09 05:00:00,1008.1713894799631,22.599656720457343,17.139797785842983,12.012356177027302,80.69278361498232,26.072635700275484,13.357311304245004,5.4553225487255075,6.4528921198703,5.56631463398111,1191.7967110657394,2.6749412448426466,3.0310751615162665,90.54969443998527,0.0,0,272.1737822532401,549.6831602532477,659.3349662971423,20.635723644364642,21.383857358136627
2021-01-09 06:00:00,1008.540869885682,23.402882556999927,15.81979257821357,12.122507379449575,80.7060830486874,25.62565884573566,12.634532630370034,5.029866205220472,6.616372986890842,5.1533032644254675,1191.9951822738687,2.005550025352413,5.307587466664103,105.23911968749664,0.0,1,320.7521962284333,635.783704241671,692.9365756518254,22.835346943176365,22.941877313224403
2021-01-09 07:00:00,1008.4751601178706,21.740533010049074,16.750634614222722,10.929244185414149,80.11483568589253,25.863904559398016,12.692857026479063,4.5958332813452305,6.199769685521345,5.2937457259781535,1190.1060597605142,2.9481068347510053,4.9846487845310365,92.31775511159,0.0,0,276.45520839972664,514.3487674101602,643.7864983827416,21.108969586222162,21.610947387795555
2021-01-09 08:00:00,1008.9399326201169,22.75597474950236,15.126036424895345,9.851108359106592,82.47447687028446,25.941373229756888,12.321942454403809,4.396309369309616,6.296889191594917,5.056077225686536,1191.3392164486497,2.9498327131182185,6.277963070986306,95.18034060407915,0.0,0,282.6478431902267,515.6788445213253,554.5765977596474,21.058868058490607,21.585394473977317
2021-01-09 09:00:00,1009.8627846672805,20.430064906644898,15.038461331277288,8.642094879515735,83.25922120608607,23.826957837720645,12.276444388377671,4.165224708730556,5.792448824188268,4.722105078835921,1191.1335120879469,3.301610801039116,7.2649053598177185,84.15828550435704,0.006167183107725904,0,233.5029060616093,422.89459602220387,472.1517221509623,19.906490696762074,20.464806857143824
2021-01-09 10:00:00,1008.8791150857943,18.857151339466107,13.06478335201045,7.8201565962838915,83.09556756932513,23.072583390198513,10.361409780197672,3.6032196024823935,5.827371586874282,4.654162831376205,1192.6635432004189,4.493427665975518,7.787190457050095,107.73305035126322,0.0,0,141.081180981095,319.21868388012973,383.25503476106184,18.49465941749949,18.875593221362955
2021-01-09 11:00:00,1009.3945200915114,16.726393430344327,11.911396733323345,7.070078028376828,85.72863877791882,21.45633393214581,9.82083915689332,3.456030567627512,5.012571559181118,4.4448827598230745,1188.8691926223246,4.169095996385835,6.921063345279153,122.90828175522964,0.20873239998154136,0,78.23906969597661,114.04502721565851,218.04640813923004,16.302941704155614,16.791936080999367
2021-01-09 12:00:00,1007.3147773473004,14.593544018078136,11.111876255989166,6.523742118986637,85.46929237540952,19.968497492081646,10.525777004709257,3.5003305050404387,5.0696620197081845,4.043385737083404,1190.2085513779407,3.9966327971857076,7.341024047714098,100.42507853424112,0.626777919751306,0,0.0,0.0,14.783992234366577,14.23778354181818,14.70001514416209
2021-01-09 13:00:00,1008.9942585769996,13.415717067319752,8.887704126214924,4.457006366059812,81.69037352406832,17.631756918260198,8.55408188645677,2.9000626229747137,4.317971556166802,3.5131809039797566,1191.6288589549404,3.177673000780502,5.7555991404834055,124.68487257408172,0.07208684949989641,0,0.0,0.0,0.0,13.274826435665366,13.507856730940878
2021-01-09 14:00:00,1008.4396859764809,11.179134795072974,7.835595341767296,4.788887718486608,81.18583540385731,17.705381427156116,7.257344547012696,3.391324933226775,4.173294441355645,3.3072878720288674,1189.9767524968631,3.116701641904105,5.880470994469938,118.12245874058208,1.146242338291858,0,0.0,0.0,0.0,12.991980916736035,12.602329808907827
2021-01-09 15:00:00,1008.2229197236609,9.799369449489795,7.479304530383235,5.064064916563315,84.70756189408084,15.370183362436658,7.2665034799862935,2.732169005052085,4.118325366510037,3.0602903785412185,1189.9517750610637,3.188227579605102,5.801765931550304,105.7773111209758,0.0,1,0.0,0.0,0.0,10.487024411599844,10.418927228593303
2021-01-09 16:00:00,1008.5817539790701,8.06564048708459,7.53805753943221,5.112279734689212,81.35980819917751,15.316883562370135,6.0481590537898775,2.9613115717346363,3.7464378920430255,2.7922807244725325,1189.221522021435,2.52933018102338,4.581639295860652,119.62972266879557,0.02884131019228936,0,0.0,0.0,0.0,10.002137864042105,9.48759825761988
2021-01-09 17:00:00,1009.1058293923779,7.6318332574414764,6.338209146996575,5.726820807601127,82.50438241456916,13.89375673824183,7.102095208461054,2.9305767590529834,3.2219792158215363,2.9035969247742512,1189.0810992721915,2.575713137928484,3.290949823528266,124.5492117638787,0.0,1,0.0,0.0,0.0,10.329193931841163,9.315320746527755
2021-01-09 18:00:00,1010.197188127952,6.706805879252473,6.389300254427422,6.32018927706196,82.16846487401658,13.68724767405212,7.383714170587566,3.705534591804998,3.3655212310611953,2.8836224192586153,1188.1741462341668,2.3567129811431875,3.0447152983803774,136.83472214859373,0.44474017815461186,0,0.0,0.0,0.0,9.413520203411231,8.469588580476078
2021-01-09 19:00:00,1008.4971129473396,8.833405678674133,8.180370813791077,6.928846512953791,76.5895157603197,14.81100666749832,6.949578411936301,3.3672411079926174,3.250835555471036,3.0367925286305564,1189.38448940481,1.5936399919550226,3.8429093440139335,150.3856819452112,0.0,0,0.0,0.0,0.0,10.062602500503129,9.251933801858282
2021-01-09 20:00:00,1009.6788521622813,6.974245478223137,8.30058301664478,7.810508066277333,74.67692549084762,15.300789879032326,7.563426765860211,3.614256549321214,3.3620101944023024,2.7892450458265468,1189.065425991205,0.7936252781238831,2.156908800433058,171.1276169063608,2.057732424139976,0,0.0,0.0,0.0,11.178399855569939,9.775612134698866
2021-01-09 21:00:00,1009.3654242116821,10.225801877001713,9.471084155200941,8.960204674997712,79.08911485026694,15.861692262362707,8.71186778558701,3.9258502520120087,3.962872463446974,3.0359761253303845,1190.2411554277057,1.495844525547116,2.5124970852251516,144.9830184426133,0.0,0,0.0,0.0,0.0,12.371697803416355,11.025605973033713
2021-01-09 22:00:00,1009.5912595692613,11.957535215504643,9.9628936077176,10.55107791434868,74.58542724246277,17.38057527490313,8.345972009563834,4.33508027492745,4.362059668712013,3.710913890386242,1189.4308557902382,2.115531466971151,4.195695788476306,161.26037181744564,0.0,0,0.0,0.0,0.0,12.905401585035314,12.266495036447607
2021-01-09 23:00:00,1010.7583991152001,12.33293647500389,11.85146695251091,10.757564065301152,71.11941156995425,18.30280933925665,9.28609134019843,4.587015288885228,4.699892616489351,3.6565179730623867,1189.8611507520607,2.1671302876745617,3.9646448377152064,164.06773205108004,0.2339721585185025,0,0.0,0.0,0.0,15.117999635162047,13.947664182173895
2021-01-10 00:00:00,1010.4915660881408,16.560491527389164,13.473817384991097,11.844301674340494,68.13211909470749,19.99581618614054,10.50476191969893,4.973422639075517,5.120525362975947,4.006026205850324,1190.0372294439908,2.472687894333119,3.8375534429202425,167.32020538510696,0.3641903814129672,0,0.0,20.72776969593977,0.0,16.838313351599187,16.093051364057388
2021-01-10 01:00:00,1011.23788730133,17.767395558881827,15.128738317169175,12.56627184590083,67.02122541888473,21.22210207438317,11.035745264974103,4.641454364729103,5.385846397476606,4.275562109843886,1190.6160305527376,3.4795023284350997,6.764695220284846,187.9269362859081,0.5135645487566645,0,69.5308154597817,93.98413240788778,232.29902950954903,17.35982590595756,17.341818162403367
2021-01-10 02:00:00,1010.153200281525,19.679797304775995,15.282366171198401,13.502548183758048,63.73656965123562,23.452032474650096,11.86871117003655,5.695472253851699,5.695321956249998,4.826606163744322,1190.336023167169,5.050775443959138,5.405894989069147,193.90665412522281,0.0,0,189.31785249928737,287.51820740768494,370.52386507892794,19.632667931244047,19.3646594187727
2021-01-10 03:00:00,1009.8307530870837,20.676469780410507,17.251134319533985,12.879450277017762,66.02657286270481,23.89593402153562,11.994976334911849,6.003561324297332,5.846046306367361,5.082889873566865,1190.028148668179,3.8817389939015845,6.57250679691317,182.567500137373,0.5931464577102449,0,217.64290165969328,458.98821157451306,546.6808345287749,20.21505253301489,20.25011856062796
2021-01-10 04:00:00,1010.3209129464956,21.77614491952245,16.533250848288507,13.231697681330255,60.94649769278734,25.93873059517557,12.930017051992985,6.493288978855554,6.211022171326561,5.261872104659099,1191.4255124061035,4.278847152669982,6.473998991074736,207.54311674550806,1.4615081255375584,0,248.0968968193672,515.4518241618179,569.3421836784668,21.544042662364745,21.471932294361032
2021-01-10 05:00:00,1010.8082036317189,22.580820431384815,16.65480632590409,12.92732145071558,63.05564774130174,25.637637873574494,12.934579842449411,6.793901075893838,6.184619062368368,5.164424513818391,1192.6807775368104,3.624232140300376,6.7314687175922385,201.7555010101446,1.9929481629325054,0,269.65490912537916,567.3261204881576,606.9889381694513,22.35548146224286,22.324915723120288
2021-01-10 06:00:00,1010.8713061880652,23.27337141742366,17.545361221576933,11.761325131392413,58.592140442661766,26.010254282008166,13.159875931216936,6.694509195290515,6.330966894574616,5.0255128045022,1192.0382962520412,4.74753355244053,6.024355241447811,220.11827719134968,0.052929038332617584,0,268.02938548468154,676.25305591134,721.745276479101,21.86426957929775,22.324027666642287
2021-01-10 07:00:00,1009.9799340581718,23.70823700283627,16.33721972591277,10.864918750218129,56.01299952839684,26.174918968061576,12.765916437788311,7.0426310579066085,6.4666741135212105,5.544153607098733,1191.6187199471917,4.272995414268212,6.856998609527847,238.5810798401446,0.0,0,273.1698764985741,536.7553283001789,628.0008921114351,22.159617835235753,22.71383566446407
2021-01-10 08:00:00,1011.0387086099232,22.055123182778523,15.121915462565944,9.847129186508523,56.157015767205834,25.208084633301436,12.330959694237604,6.749301749935453,6.275476888168477,5.210492279932433,1192.4454053401325,3.8474932560563353,5.772699106096878,236.05368838568245,0.0,1,274.9914913061044,568.9414306700357,658.9477629408008,21.34518144461634,21.877125212889876
2021-01-10 09:00:00,1011.2691655022857,20.018843713296295,14.255236272748636,8.83926547541107,50.89347345732787,24.093686529976644,11.079070934748518,7.153468468539221,6.6736057793587795,4.757196341145382,1190.878299417778,3.679897905652372,5.786922876168712,238.3437134389947,0.1925067495721673,0,203.591398891125,465.1140581468961,388.6436811117416,20.342585897217454,20.518530944071323
2021-01-10 10:00:00,1013.2221394823007,19.577098943669498,13.78523798008333,8.250114969811138,55.26957545231597,22.98498827609577,11.150978425155676,6.855120346197502,5.4808408804990005,4.884763769388884,1193.1692911868724,2.3417031363292358,3.8286251441152976,235.9958978754843,0.18934342405394866,1,130.83656503714855,290.99334153532146,326.5730052548903,18.708128809968382,19.121978578892843
2021-01-10 11:00:00,1012.8324413928565,17.715357883296576,12.542144800125959,7.042036752438782,54.78808869713253,21.99982344739396,10.052933614199986,6.642445747945806,5.363208823487436,4.203461071071215,1193.3064417204112,2.0131671974846883,5.420842196586291,246.20084005156707,0.0,0,60.682037850071495,153.97580493821954,150.3772391891114,17.627026249050324,17.941620061804763
2021-01-10 12:00:00,1010.7723203476781,15.458261669913496,10.114002377058217,6.224691520069881,56.64948549309594,19.668573888931682,9.337352684554977,6.694933071928071,4.715253577759264,4.282140680637738,1193.1886871190688,2.7291062410235596,1.7442301640279747,254.91457452522982,0.0,0,12.98961599879868,0.0,0.0,15.632056682237204,15.901103109315184
2021-01-10 13:00:00,1011.350016587241,13.451296873747356,9.315233706602704,5.056975635546599,51.35571722342608,18.38396722574827,9.082626550595485,6.812183375677522,4.534214257152235,3.985074063753878,1193.8015112975177,2.036113972556412,1.7622765676377536,257.14628639101596,0.0,0,0.0,0.0,0.0,12.875897559817215,13.407102004814192
2021-01-10 14:00:00,1010.5351511730178,10.810350308889506,8.377097159518032,4.734596157241631,57.83484532739108,17.005143363668715,7.725967848367232,6.3217763267192435,4.180581363576958,3.2157034456637845,1194.5897654984603,0.6101390104120501,4.432852372148728,254.18322202473726,0.37430677543547397,0,0.0,0.0,0.0,12.020995460333554,11.932879384484611
2021-01-10 15:00:00,1011.3602075695496,8.692853333516222,7.084433685323973,5.857805149598505,57.78300560232601,16.18965191064455,8.039997268709149,6.299297629535678,4.108315833466808,3.2678235231803363,1196.452553278611,2.1015774628987334,3.647182526388228,259.4478293425146,1.193466879862679,0,0.0,0.0,0.0,11.22824328917775,10.53171185321913
2021-01-10 16:00:00,1012.2129255487835,7.464061368275946,7.096628613296602,5.08069469095865,59.51370607063075,14.75392489035765,7.73349846212486,5.534293743888172,3.6110285864797578,3.11720765625094,1197.024693986022,1.8735270770227053,3.9875336470717886,245.61900204055587,0.0,0,0.0,0.0,0.0,10.477972616417174,9.456726911946724
2021-01-10 17:00:00,1013.0535052692499,6.1277691157669505,7.00630920352917,5.255561512359092,57.99425714362321,15.10859458951245,7.306840698424342,5.556866576243461,3.5128473405551652,3.3638708483703845,1195.4881953429892,3.004459726004956,4.6609799592030665,252.35220809956226,0.0,1,0.0,0.0,0.0,10.293009195108942,8.827357001248496
2021-01-10 18:00:00,1011.634560604604,7.165864028082165,7.793422293840328,6.785612828847037,61.42119195040728,13.921730711142452,6.667551942169306,4.869567992552607,3.413936407505556,2.6515397764732285,1196.391752683007,3.2040952347100915,5.456965816120367,267.07559752545984,0.0,0,0.0,0.0,0.0,9.545803883235827,8.43811370432708
2021-01-10 19:00:00,1011.8240518868455,7.214179241428833,8.37222286442478,7.163517077624574,57.92609049505536,14.085603223062947,6.439726064153029,4.697769378963983,3.270900911754955,3.127397663851883,1196.9192195916862,2.5743548043119655,5.9238544629984915,268.1159053610818,0.0,0,0.0,0.0,0.0,11.593656637081324,9.834618396818328
2021-01-10 20:00:00,1010.7595264598708,7.76380537655369,8.437467473748775,8.252511311418013,63.92609513040906,14.718331516484499,8.183250300464788,4.359296279080556,3.5705414199647194,2.964238719065384,1198.7304286073725,3.970038977840229,5.512851626072977,259.72060614937027,1.0809262062789036,0,0.0,0.0,0.0,11.067831960240893,9.663777406497283
2021-01-10 21:00:00,1012.4775717849249,7.274212573466032,9.560220589730644,9.003186440779269,62.71742299032372,15.099038598551681,8.38696014797186,4.132298346784838,3.862952485203408,2.9031990258600233,1198.5811619022293,4.231146888545571,7.386603531627106,272.06372344677703,0.0,0,0.0,0.0,0.0,12.197499482303524,10.301623639231677
2021-01-10 22:00:00,1011.8883886892976,10.126877771214044,11.223444959715499,9.964111738188858,62.81491065861628,16.48163657662063,8.747979207173676,3.764572904609196,4.26476517668127,3.376002566033137,1199.0475052299644,4.461981322148262,7.498158075254998,260.2556038274864,0.0,0,0.0,0.0,0.0,13.131287689661772,11.50162394262048
2021-01-10 23:00:00,1012.4455637165678,13.71403609516202,11.898362385223395,10.982532689464518,65.79382608037048,18.181752284515305,10.284144762580489,3.320074206197684,4.7235608897911785,3.689910098096912,1200.0129030509918,4.568014504872526,8.112360423416282,250.1733477843014,0.0,0,0.0,0.0,0.0,14.431407829105378,13.60638538693584
2021-01-11 00:00:00,1012.298511377466,14.534761799955731,13.77192110917534,11.316329095478606,70.01106227725847,20.567914924425008,10.251384440034041,3.444010582849642,4.95308069805778,3.7882219613769306,1199.4035865915891,4.873816004830644,8.143443669089823,237.08450477234965,0.0,0,6.528524258400791,0.0,0.0,16.52321859753962,15.604727022787007
2021-01-11 01:00:00,1013.0554746981373,17.322966535179948,14.619596144673151,12.457763996533515,70.30929446686557,21.536351240934113,11.16701709666847,3.4669460772932594,5.33779331485751,4.37301757789333,1201.8872461367835,4.042568387399642,6.549956083087676,259.9194960434084,0.06404411933391962,0,60.19631267756705,206.3012081448113,141.69645852556695,18.140276654890524,17.39512189672266
2021-01-11 02:00:00,1011.8554970681295,18.026520199017323,15.183281965446435,12.996821042625319,74.63443273992942,22.75767790519215,12.196214074752799,2.91362380952436,5.40583736830259,4.791561851099717,1201.0435399752564,3.456075416560601,4.702001072545589,248.98673002106403,1.193578229127786,0,136.77973324005526,278.4308016628233,241.6316877292811,19.451619687713375,18.776046842659348
2021-01-11 03:00:00,1012.2186592823264,21.66394808714385,15.944027902977913,13.739758873849789,72.12377637546832,24.85590805992259,12.055035330028506,2.6329535847109935,6.168607075231094,4.896168268236261,1200.7084322042103,3.573983777094121,6.418018344961722,254.55165672422908,0.0,0,224.54345167862132,450.9756759068683,475.0417403919244,21.638096036684164,21.102822673649058
2021-01-11 04:00:00,1015.226040005961,21.82738386823722,17.599058208393952,12.882574644927956,73.24580491276825,25.971740989152753,12.80049929378154,3.1302484076463415,6.159858528246647,4.930861666665349,1201.8494766643798,3.676744175471515,3.5014397653463103,253.0914833299623,0.0,0,274.2090845995201,574.9277224060919,659.4557418478071,21.393907943126383,21.54278294600671
2021-01-11 05:00:00,1012.622692896081,22.930434887851018,16.91814148712503,11.500858872525448,81.87619630341794,26.423246188188287,13.42992795008675,3.054378679617751,6.598313387079557,5.129416577865488,1203.8201187752331,2.6219114844915508,3.984796135564838,213.0167118402562,0.0,1,292.5967953354686,554.4327474125773,668.5430273948745,21.870076495775944,22.128762199663903
2021-01-11 06:00:00,1012.9047438624374,24.62804585431718,17.596859492577202,11.749232664274842,82.41420197660103,25.57345500138242,13.024644030972178,3.241728621240063,6.7632879895708395,5.19909132864131,1202.6650278077657,1.9772700384842754,3.0625620512944396,207.15666255872816,0.9654719469670047,0,302.59581838779144,598.1001116055297,695.1919029260167,22.459202278754685,23.072098064009758
2021-01-11 07:00:00,1015.3807084501177,23.788914680725128,15.974671519373356,12.045007995092158,79.80170643254091,25.547930647637582,13.184727172325667,3.5791466649082406,6.411305734095001,5.202575317043092,1204.533237294498,1.9360151959685907,2.6858842138277526,185.17746181356543,0.10047534368048117,0,290.7801986020915,648.7031667698291,690.0560355951234,21.508929088290813,22.546793001303342
2021-01-11 08:00:00,1016.3636121894812,21.713607295374587,15.54353042763748,10.325297149321825,82.98438176982549,26.103020457864005,12.701724608441594,3.6231462946618,6.094375849523483,5.261196636989336,1203.4420206379866,1.8477718007832582,3.6418245912007974,216.54523283635112,0.44439320221333944,1,265.1895522902762,528.774288476633,556.1059110093507,21.194296495310677,21.713316923138823
2021-01-11 09:00:00,1013.2299735162193,20.241600120083188,15.529141199848086,8.617239151584696,85.89720710807191,24.36321053311934,11.66068921032923,3.946229605731258,6.057320449162573,4.902916088101084,1203.7742413006183,1.8834261827168874,3.463516871845486,207.27035048307783,0.0,0,226.4512538594005,439.21406239468564,496.23905746279513,19.03046099705581,19.73571772256047
2021-01-11 10:00:00,1013.9994960600822,18.772118491936343,12.580007818980661,8.14486163135263,85.32728861091724,22.866186467551973,10.019245253954773,4.295935809961343,5.81974039960373,4.31946067427406,1205.6595974105942,3.246961523160686,4.125017973641421,194.86964421461295,0.0,0,162.60331414473058,283.7098430412668,394.51647477494123,17.70357613339803,18.351415321035383
2021-01-11 11:00:00,1014.693321164272,17.42748113475369,10.86013614036316,6.652827391580632,85.16811911297413,21.912088251280505,9.742971256835597,4.946654432263147,5.325124567404427,4.198118639725279,1204.5724177895045,2.1808471265184197,3.663410681217974,174.71112710937857,0.0,0,78.11742220842464,182.77346027880222,196.50148990236377,17.03980125345999,17.396568809554868
2021-01-11 12:00:00,1015.9280430873993,14.926343106024383,11.165694032336928,5.589052628583172,87.1903081626252,20.50364953367905,9.709325652568602,5.006013920822713,4.887192318124133,4.033204210179326,1206.7003927730864,3.5774529141213454,4.860740027700265,179.10966310875233,0.0,0,0.0,0.0,48.90823656308554,15.26202894877595,15.502925315984719
2021-01-11 13:00:00,1013.8795486334263,12.65277673767744,8.92304605894572,5.367717294404905,83.41024797020471,18.16136094392077,8.043220231925046,5.100161639170872,4.724477874485708,3.9142420428678033,1206.6448299095216,3.3816977149730865,5.068412302778784,174.87459553026434,0.0,0,0.0,0.0,0.0,13.3908389106854,13.436648996734258
2021-01-11 14:00:00,1014.5956174709728,12.0270268754963,8.321665563631127,5.158202763887269,84.55124429166527,17.109719979309943,7.883065035539212,5.44486459042311,4.349515654938834,3.6595692883073063,1205.817712129121,3.095414307523135,6.1263179489911,173.93540245543736,0.0,0,0.0,0.0,0.0,12.569348894804424,12.446282566408346
2021-01-11 15:00:00,1015.5352872226748,9.263198826263144,7.2845946353564806,4.251564218714355,83.82249571108451,16.22063934748925,7.634915782801161,6.027845984331922,3.870081900154749,3.5064089308936355,1206.9996250678712,4.031674153126519,6.637041027674952,162.02434553645116,0.5601011422712728,0,0.0,0.0,0.0,11.480457585643336,11.008128289276232
2021-01-11 16:00:00,1015.3814960749523,9.681509134850645,7.258552530099266,4.6921612648586635,82.44485696142452,14.223704004313463,7.743536620680234,6.059689619234879,3.3701486612712093,2.9868923949745394,1206.8826739642143,4.006862162038912,8.445058844588251,159.27640148385825,0.7438977646259414,0,0.0,0.0,0.0,10.104368319744035,9.872478099498553
2021-01-11 17:00:00,1014.8516306270574,7.336113184313972,6.528379669710449,5.569604535863379,81.12068908152702,14.210617770978658,6.775719044896828,6.219628188853125,3.6423868976422877,2.9935508435536167,1208.1204361712387,4.5690387381247,6.762104694449423,144.94923036160353,0.0,0,0.0,0.0,0.0,9.767088444918873,9.146507733257414
2021-01-11 18:00:00,1015.1628941270849,8.249722875957309,7.133347510430306,6.0499038922157355,80.75233819345522,13.442805173474643,6.802405182843022,6.859158005755676,3.3465345613117248,2.509107693119406,1209.9779681887048,4.171483136249059,5.031572147944366,151.81481893925263,0.16000347034937124,0,0.0,0.0,0.0,10.159944937997574,9.258814659434968
2021-01-11 19:00:00,1014.2858771546021,7.5227169855848715,7.993418013547428,7.208718166609564,79.20023642710193,13.71265479380217,7.293265055805591,7.016284922145541,3.593979475640456,2.926865323085412,1208.016001076567,3.3246104607685303,7.401648449229728,140.43118586635094,1.2657750629072866,0,0.0,0.0,0.0,9.775784343559865,8.983608283925733
2021-01-11 20:00:00,1015.3094610048203,8.7458691709991,8.097917729791147,7.535382013748778,75.40314471493096,14.522297538553213,7.892081522684853,6.895988199245644,3.7311933406591486,2.7457166951665006,1209.194030311703,4.180130143068236,6.043447785872169,116.70766051806872,0.0,0,0.0,0.0,0.0,10.766887225462847,9.775007175865214
2021-01-11 21:00:00,1015.3993828315726,8.835918014445172,9.317155146838106,9.344050770313203,77.34384330527729,15.99591908182042,8.280707392480988,7.058731858230342,3.561550342811638,3.138964023425187,1208.9345058835513,3.545067002237881,4.895191652357317,137.3236611816388,0.0,0,0.0,0.0,0.0,12.522473244273392,11.034343825825193
2021-01-11 22:00:00,1015.9089310867762,10.402368544188823,10.71760739188845,9.61807733559553,71.92951526100529,16.83898868568094,9.465765535056606,7.0072398348635145,4.266216336882317,4.00596767777443,1209.159512279489,3.348401579724823,3.9661874198597737,130.97215977763304,0.0,0,0.0,0.0,0.0,13.519435535946988,12.037641159782174
2021-01-11 23:00:00,1015.3877694095689,13.251241807690294,11.47654889257376,11.707460959238487,71.52142599420645,18.12287666690065,9.495062291866857,6.999869118765634,4.714677937421104,3.750127993115056,1209.1705991442404,2.282858439441558,2.956884255781414,119.12258382741008,0.0,0,0.0,0.0,0.0,14.747112178839767,13.721433040854757
2021-01-12 00:00:00,1016.3161570794985,15.691987269725756,13.266320541907332,11.18312104984677,69.40943905455987,20.025777281662503,10.644072365736823,6.853000788356834,5.127430483062104,3.8272373561639395,1208.6531477166,1.8563004409398807,4.818387670100311,113.5251447471195,0.0,0,8.177989009580841,0.0,0.0,16.05715890849173,15.54497843368002
2021-01-12 01:00:00,1016.8539797992995,17.09873191222048,14.722947658309208,12.055913252148109,68.75831434201767,20.979432906481904,11.514764284059655,6.010931168732513,5.411701717873043,4.392140655314604,1209.994398212173,2.07153016239344,3.071860404903614,124.08149272585126,0.6810150250284727,0,92.40347332172351,111.39380726387057,166.80402342439356,17.515819409313348,17.13797271410199
2021-01-12 02:00:00,1016.2709454173839,18.099524665441365,15.468206783521506,13.045356133020997,61.87950644302757,23.21440160891692,11.826164805063643,6.237475427676607,5.354562791210073,4.496584962682122,1209.4927342574188,1.4310124106236763,1.6401835791904007,88.49146167440665,0.0,0,118.97346601201133,378.0393976120421,409.59126590080484,19.42470885672823,18.744516267230352
2021-01-12 03:00:00,1016.5286453683703,19.704673393089863,16.286758012951875,13.665266880911343,66.04156814438255,24.808334068098446,12.836360437298442,6.103580837635628,6.31607638421715,4.656379314792348,1208.9720833222125,1.939196752440146,3.530141219059314,115.13817913747106,0.5605288377195973,0,246.16590330694146,423.87335085212817,528.3637874637951,21.86048998480356,20.75739103897081
2021-01-12 04:00:00,1016.3881773098566,20.929207748745124,16.865578024925103,12.974192233372348,61.1460193047757,25.156550402212616,12.903875074121315,5.601948968443544,6.381242639185172,5.4598583912194245,1210.959392215931,2.0765371577468064,4.679362142254779,96.45331277327989,0.052711461944745575,0,305.1266820576131,523.2739996835421,632.9197939922187,21.809165539397803,21.27350226978844
2021-01-12 05:00:00,1016.4418403929419,21.49007113125496,16.668480495480527,12.659672857482542,63.30850515442336,25.69423046108429,13.309811361782316,5.354536883185829,6.208224873559503,5.372473396800229,1210.0853049702482,1.8248566550816665,4.441107448031453,111.25619861676421,0.0,0,308.7235137766767,549.979853569375,698.192185349781,21.12191551470171,21.185048253946533
2021-01-12 06:00:00,1015.9582874790985,23.076639751612962,17.122213728561476,11.793841598057897,58.437068433169486,26.186720176607786,13.017841376743256,5.150139996335626,6.342447391968346,5.269107324999149,1209.7719010426567,3.063727752419522,4.278725222243728,101.20375847169043,0.12388327083069783,0,316.1176152425998,608.6088091416154,640.8485020382388,22.39435469210753,22.429283422856003
2021-01-12 07:00:00,1016.8800672644,23.514937355508177,16.949478712131718,10.538646960202783,58.00201272416348,24.78132024831865,12.836318466191095,4.6688886913165755,6.495133581292509,5.080746333497376,1211.3263519622922,3.2241427404517133,4.891180857831604,87.87516391857797,0.0,0,301.55291983591087,648.159322835048,689.7655327398111,21.156236620909784,22.03397227416486
2021-01-12 08:00:00,1016.6378948486562,21.918812179428134,15.165737630973984,9.782695316032031,60.83719102337026,25.464561151005558,11.99532696249944,4.617543596795634,6.4349949443363075,4.977072587946886,1208.1091374181499,3.714347810583352,5.551720077197695,96.25018165866645,0.0,1,253.33895430159708,529.7898530249405,659.6181565106133,20.867778628108155,21.527610825048153
2021-01-12 09:00:00,1018.4765644751446,19.074563919355903,14.575401954077789,8.456830841115595,55.58713059474337,25.793583588991734,11.405285194484076,4.225397250456228,5.963067600510285,5.15702451079269,1211.1497042096803,4.307725497744744,7.949377205206433,112.94322462853417,0.0,0,209.92863013059392,466.8625986775023,481.92866976957106,19.444571477371536,19.72320569317612
2021-01-12 10:00:00,1018.144413729265,18.86646767776578,12.988892613594944,7.396935038469631,57.98881237501089,22.938661889442614,11.44370039646922,3.690711950032633,5.915105081475809,4.661315507532909,1208.901288058202,4.916516645909184,6.912284261834957,102.72251152392862,0.0,0,169.28809790721056,301.15935426145296,398.87140311804114,19.679915733781986,19.38575094761402
2021-01-12 11:00:00,1017.2754439435014,16.956593063177348,11.991787062832339,7.110332329264453,55.206417250521966,21.493351753756965,10.439484352729876,3.428301879617092,5.029675201833747,3.6940218255332633,1209.8707908023061,3.8558650336418827,5.6266359742815135,101.2805228898869,0.15855410346328647,0,58.18136963342786,114.2592994365549,208.4346674978261,16.286101367757734,16.840779238113843
2021-01-12 12:00:00,1016.434639204119,16.467199125157858,11.305288732294974,5.6813044435667495,55.83083766058698,20.371803500049882,8.994805941125867,2.6978843713908494,4.791508197781252,4.484187703131775,1208.9225014088308,3.957553917355091,7.039357948244448,104.4362471192947,0.0,0,0.0,0.0,41.38364212783537,15.589166853800378,16.013788853046293
2021-01-12 13:00:00,1016.2307017655233,11.909451100136128,9.590780383151278,5.6348866423878645,55.268244258215596,19.269752063483843,8.735666169901076,3.05531431905008,4.1988986303777995,3.7260296172714296,1208.4128032245196,3.4530825444126023,6.39840464783193,120.8903106792185,0.06472991450365412,0,0.0,0.0,0.0,13.465059497072444,13.526478342051176
2021-01-12 14:00:00,1018.1462672021983,10.726525678180586,7.4453114762794295,4.600863087303293,57.206815858264214,17.487483922217084,7.064231649559837,2.7597307154334785,4.070518971426066,3.468673801146967,1210.4493411023943,3.0295358924238736,5.324923913144672,136.2227948518814,0.0,0,0.0,0.0,0.0,12.939534702015422,12.231769905774819
2021-01-12 15:00:00,1017.4734002018882,10.537242626888865,7.8045515563057695,5.118979627734415,54.77074378662457,14.679555873588978,7.269947471845795,3.0442459084001245,4.240955265129007,3.36881082526311,1210.766281809279,2.7027155281751236,4.1836745951289664,102.02262379871328,0.0,0,0.0,0.0,0.0,11.5310698211761,11.161931401154963
2021-01-12 16:00:00,1017.7142417416355,8.386781608667077,7.740903011276105,4.956351953488939,55.04152189719505,15.085546996124743,7.540119413023586,3.060958636199584,4.112522341240423,3.0538500809209914,1208.4390283871933,2.457148672269034,3.4648437935303638,156.5838356985097,0.0,0,0.0,0.0,0.0,11.283038033738142,10.447104616442985
2021-01-12 17:00:00,1015.9984167737305,7.666912541148964,6.892849688304267,6.128116524050679,56.8225475148774,15.490410114886437,6.95566868799413,3.259785909633536,3.5980293542124886,2.990270731996482,1208.7221803816485,2.4573119358462594,4.583731833000004,136.1513473816775,0.39538570618419056,0,0.0,0.0,0.0,10.509236616354942,9.480287346400267
2021-01-12 18:00:00,1018.1969834061885,7.0802091059167145,7.7211349574308645,6.342660720842923,59.5928190348499,14.311220523379733,7.106965334342682,3.547283286820753,3.3723141585462892,2.715255306527015,1208.147161195412,2.034389857472659,3.4659594770752165,145.80224135298798,0.299057734146692,0,0.0,0.0,0.0,9.613854687007729,8.68840196985616
2021-01-12 19:00:00,1017.8764626923207,7.5035538667475326,7.4234525796932065,7.545106815348808,60.42694099376851,13.62714408562971,6.107690863795716,3.4626572278276537,3.506783280396208,2.5949299436598396,1209.5019664519225,1.1913214215425034,3.4132994257050093,141.82792158927006,0.0,0,0.0,0.0,0.0,12.138152960871713,10.220811609097417
2021-01-12 20:00:00,1016.6793827406814,8.616123440919488,7.859302593167167,7.718990658102152,63.920549752942385,14.94476238950269,7.594814887506365,4.170508043011559,3.7956298724899504,3.016816071753316,1205.3182978073203,2.3668300830427054,3.226191541639679,152.60323728537819,0.0,0,0.0,0.0,0.0,11.462562626118523,10.157101515913116
2021-01-12 21:00:00,1017.2421778165965,8.776505327282683,9.7377816710774,9.080862606989575,66.86921191416668,15.11701568721018,8.477715012970329,4.046490289043985,3.626743657892362,3.437794793031061,1207.4481912531357,2.3463731283187514,3.530100156360584,161.21960651310948,0.0,0,0.0,0.0,0.0,11.871714990641117,10.609573842343263
2021-01-12 22:00:00,1017.8788758959712,11.614641005235699,10.013060448314523,9.699146111173068,64.16603764899212,17.6164018446344,9.232174145661595,4.053916434605333,4.1355001648037515,3.2704394883233707,1205.9641797494446,1.7137832821026437,3.339709049884324,155.61718586327515,0.2972392543856174,0,0.0,0.0,0.0,13.657061389650089,12.414372884191378
2021-01-12 23:00:00,1017.7551808941458,11.968345527359977,12.071071103240136,10.884925141365692,66.57420953347138,17.96914443537093,10.199662109612014,4.540289269644118,4.898750047236272,3.5438123469130227,1203.937239889027,3.167429259636415,4.151296229764048,164.97072619761212,0.24606877417185224,0,0.0,0.0,0.0,15.411934061274911,13.981442969390297
2021-01-13 00:00:00,1017.5215456328328,15.229857580982054,14.121022164629421,11.764582674500224,67.12752116337427,20.037121817345994,10.511904891675814,4.9254506599384325,4.7908579861343235,4.244203852075984,1205.5173224254954,3.1634692062981333,5.931929444340026,191.84567540891246,0.0,0,12.191447896862764,0.0,25.843747340998092,16.954677187242062,15.775522536694748
2021-01-13 01:00:00,1017.7113080598882,17.195671035120526,13.708667935484586,12.202591672026603,76.01863886481893,21.124024269619152,11.270416874911168,5.465721785564525,5.238423587801461,4.219133813094797,1207.2944391410608,3.3663985348607324,6.815712420906605,171.4489909662202,0.7771021100623049,0,65.11781552000731,148.52878640900246,219.22375725922004,18.42136307894681,17.636214243295527
2021-01-13 02:00:00,1017.6280472288798,18.568594838265525,15.028232856358793,12.392206668269992,74.49162467478146,22.726775971226004,11.453410957262054,5.494590306605473,5.752638731196288,4.517888017233119,1204.3439508095996,4.014663914832153,5.307901629165271,198.30224524648975,0.0,0,133.18781750025622,329.0348426698374,280.0407209171989,20.08365143796337,19.27169022761248
2021-01-13 03:00:00,1017.9838996116704,20.640974556764395,15.90643013683693,12.434166650851227,76.69985612557946,24.98571601004951,12.418667847005166,5.94040482343811,6.117288623680757,4.773899282834604,1205.3306705039602,4.112947627107001,6.565443741082639,197.00035451450958,1.007515678638737,0,219.63319445298137,430.8841756329032,553.7410031469149,21.16590507662321,20.645075910904854
2021-01-13 04:00:00,1019.0679315820636,21.49242512340958,16.84386893052291,11.912275772642927,74.81958322993783,25.247881005153445,12.339661632665248,6.2533671632138565,6.1740372964367545,5.026234288343224,1205.2660386278214,4.552789406156572,7.641043793219346,197.75453997129765,0.0,0,255.57261973059278,489.8919846040267,557.4967415926213,20.96115385421139,21.045944776893887
2021-01-13 05:00:00,1015.8629477850747,21.97721568150932,16.813493833873576,12.011991104008189,79.12908145711704,25.515953720871543,12.255125028599238,6.442464724706839,6.4642816160839915,4.844383372366473,1203.5709826928335,4.373907840481457,8.475279291797005,233.52877945894974,0.15940588640724795,0,307.91932033764255,551.2718070955009,670.0906713376146,23.18646652284291,22.63004760259451
2021-01-13 06:00:00,1017.7489614913679,22.752469680870448,17.47625063647607,12.03782439605739,81.62509768662441,25.42738601455664,12.506127985479488,6.8943338839048245,6.621587906747888,5.0921319774916745,1203.2106255621609,3.9571199987836634,8.15761847263347,210.45497438738576,1.0013669373287248,1,307.62747128675096,592.1955675661186,671.5591809171231,23.15135768219828,22.87551438176298
2021-01-13 07:00:00,1018.0984342439671,21.954614565552383,16.70866381427666,10.309806929043525,81.39478472329968,24.85970421453469,13.289230600717783,7.007649519264888,6.841179104186332,5.205184595374827,1200.8718925444841,2.822710513011809,5.648968967415878,214.58509491073897,0.0,0,315.4541591433782,591.6442854811867,697.0105725939671,22.092147522792256,22.156812607194016
2021-01-13 08:00:00,1018.2094046685911,22.154161455140805,15.645564300106036,9.43150151682649,85.14179230641935,24.5705121059453,12.140059184633886,7.202928933045206,6.273789229789705,5.0838780717762955,1201.362953045005,3.708217456639341,6.704077181216012,229.55328173971768,0.0,0,250.49689504881968,518.1948445307462,610.9215185261994,20.89391108460253,21.368079199379576
2021-01-13 09:00:00,1017.6870550036086,19.851794403585707,14.405617995510847,9.657954157601242,88.48185523895498,24.298620307841457,11.745544821769894,6.9337949637777605,6.052400708711705,5.080126747939772,1202.4713522747322,2.8131723608066337,5.046909041685614,228.8829561539028,0.0,0,233.4827193581212,419.2844612650051,528.8731745990752,19.831419369688597,20.184924440980705
2021-01-13 10:00:00,1016.58777024779,19.498383916093754,13.305316079804719,7.653820605641107,82.59476174014812,23.490116884361345,10.748543304018506,7.210121019553998,6.055490469195906,4.967878444438964,1201.1059637297137,2.9443471184992633,5.151493024449268,241.34736201946362,0.0,1,190.69351794276633,301.8513423624056,442.19023072621917,18.27200420918084,18.8155676650698
2021-01-13 11:00:00,1018.2606830118491,16.243517013270054,11.378052212656433,7.078051165202513,82.82749842865375,21.272738524404073,9.469059767141006,6.606585824376409,5.278395395994174,4.613079543455916,1200.8907010038731,2.4052136385453604,4.345047725283953,247.08615650963324,0.0,0,78.72056476290885,153.84245085774532,201.06595522210208,16.849935579809834,17.095598188617476
2021-01-13 12:00:00,1019.3818801713313,14.603593559093293,10.95100414347162,6.3875024950021135,83.24448786894284,20.785271800359503,9.77843725758669,6.454373947370911,4.735129393447563,4.182930476814787,1200.133157579683,1.700334869502231,2.2567779583793204,251.62861295910426,0.0,0,9.986133538815402,0.0,0.0,14.088928851180237,14.540783252471973
2021-01-13 13:00:00,1016.7711975009448,12.492225253429249,8.780428484462659,5.772075491611046,88.08407124064013,18.088335518270792,7.794441544096927,6.289328549019715,4.661821227478019,3.6596702277235393,1201.668644381867,2.2312440166227976,3.470363659277325,251.26571449049635,0.45082411929616784,0,0.0,0.0,0.0,14.794411851370981,14.190242458043894
2021-01-13 14:00:00,1018.6842100847315,11.927602710212462,8.74970724263541,4.512666495948515,86.57359802839541,16.880994138560116,7.791825000257361,6.287417557899504,4.465235005017597,3.275386186008635,1198.5241955361348,1.8221707520024129,3.8349417669110117,248.15379263195035,0.6275797289118229,0,0.0,0.0,0.0,13.2027100393668,12.777360489187583
2021-01-13 15:00:00,1017.7217664901674,9.574348712439246,8.17062499164169,4.908002547727917,83.58713735208201,15.217570952712098,7.477677584985525,6.240475623315554,4.0115492552601175,3.155047549077825,1200.041065392584,1.9559883987692712,3.251824988408854,263.70809652991875,0.0,0,0.0,0.0,0.0,10.348985453678907,10.392118856849025
2021-01-13 16:00:00,1017.9235500001784,7.923583107943445,7.229903440665652,4.50453407326676,83.06350038556836,15.29922844457732,7.247904199747572,5.563611870523421,3.681558762813899,3.077885269413258,1198.054386314029,2.0953207640259173,3.5173716387816087,257.6676925759352,1.6384656222545377,0,0.0,0.0,0.0,11.064299194968612,10.055627600832915
2021-01-13 17:00:00,1017.1149054983059,7.621696998436259,6.915541243822332,6.543997454154565,80.26721285197509,15.253200349287873,6.715139081667045,5.251957674340977,3.2614325859394295,3.0052765681022517,1199.1060085235556,3.397151669796525,3.0586285839301843,254.73940272678985,0.0,1,0.0,0.0,0.0,10.07373717483227,9.138204020699945
2021-01-13 18:00:00,1017.670876765091,5.5249653568692185,7.423472508526795,5.575223057005076,82.38665603328461,13.119091519531901,6.324615673254284,4.95679640893813,3.4883261509463255,2.92461714670317,1195.6848519669923,2.6433666354521748,5.546894013240753,274.7999369909752,1.408054066634886,1,0.0,0.0,0.0,9.910547324742437,8.470824283828206
2021-01-13 19:00:00,1018.956310213579,7.242399876938826,6.33775116521886,6.631657570603247,78.37161778691369,14.031364007948248,6.9938060454696345,4.767269269343674,3.7977422458296664,2.816653914177909,1196.600972712178,3.2832889175938362,5.851038980902458,258.4824562434252,0.3499094068940112,0,0.0,0.0,0.0,10.684136319490117,9.049826564459158
2021-01-13 20:00:00,1018.3568621972593,9.470056694187816,8.753201282171009,7.605009002735599,76.97984692109002,15.43623750081838,7.4522131397129465,4.220434652677746,3.4541384780154964,3.118141963427125,1195.5389467853186,3.2169563200525046,5.547828087605014,269.7044862559426,0.0,0,0.0,0.0,0.0,10.083634632325584,9.504054934483127
2021-01-13 21:00:00,1019.2476988863164,9.43578830498945,9.610520162741144,8.459741080202727,76.95783102853491,15.033886552167882,8.033168725377394,3.893316608416704,3.8903903934595165,3.4036463635928373,1195.5995673384546,4.48919856358202,6.471378810067751,269.5424505742194,1.7581139281208324,0,0.0,0.0,0.0,12.195362650625512,11.096673170750842
2021-01-13 22:00:00,1018.7715586426275,11.047539218418542,10.865984752159218,10.632618538322223,73.50629580037136,17.283341953485547,9.434081631585322,3.4453457279553827,4.172503053568329,3.5760320768135094,1196.222376262666,3.989175575737034,7.093218105326635,268.0521380171306,0.3598261805237307,0,0.0,0.0,0.0,13.581425860021413,12.326108566365901
2021-01-13 23:00:00,1018.1453680174847,13.313137504929335,12.544222866135808,12.019346398896833,71.48796089630513,19.057821829488635,9.329278713822589,3.3535668915266235,4.472230518218663,3.68301453484429,1194.9324192552076,4.045232288052711,6.522706874782282,259.4162010440431,0.06382769776408254,0,0.0,0.0,0.0,15.081703263953003,14.034437217366916
2021-01-14 00:00:00,1019.15043020241,15.626923670319961,13.440216572524271,11.679124715873007,70.02115041105822,20.039114407178356,10.716399702160425,3.503441543018196,5.049584600903786,3.833230261498786,1195.3425301671023,3.8673647088411887,6.734192509576804,249.27569733399758,0.30869101568867063,0,22.237121790492274,39.32971527992259,9.423188010436421,15.778506860857506,15.370805659833895
2021-01-14 01:00:00,1018.0644019824515,15.67232567579725,14.093445960032176,11.964765701563708,69.63281794428539,21.828045806085182,11.399998014848013,3.138799960123881,5.47688961590498,4.139069368245401,1193.0365749962277,3.866984850623702,4.88562910161033,244.89174663660916,0.30901575331973474,0,66.56182485035627,147.32856059778854,172.49897668182018,18.391895799002185,17.29725744889862
2021-01-14 02:00:00,1018.3302926739236,17.822371462746233,15.597279918903027,11.983637612317853,69.4107004744299,23.880451193063763,12.370439960014652,2.8824135919260034,5.836565380958677,4.463756475281556,1192.4858594788877,2.819246393993814,6.763577644132929,238.84235426468553,0.0,0,149.96401745906846,364.25608047646114,385.1219437258058,20.139651143247765,18.890232403004806
2021-01-14 03:00:00,1017.3821408997287,20.80405815325269,16.456224001458146,12.901930092903447,65.43072097901582,25.216853964169864,12.447223713979684,3.2472287945457867,5.865298219056798,4.899943177158844,1192.9450372612716,1.878377366948861,5.012727427973015,214.89958579479244,0.0,0,176.7581782515462,458.13156065498816,506.3534888716119,20.889401349313623,20.40801106731328
2021-01-14 04:00:00,1017.6209639409003,21.427789636947235,16.9329958161689,12.721628849661302,64.10662844724857,25.165168816189375,13.160744044503396,2.9133417935635464,5.969841366809918,5.143191235252451,1192.5298995668352,2.7842258323730182,3.4364769081564166,238.6110768324018,0.0,0,271.4795820859559,521.2686403427554,625.0139505915719,21.3321808072461,21.27686461657237
2021-01-14 05:00:00,1016.954987363109,23.645824293866497,17.077311910339212,12.1740112388655,60.46887044066692,25.529366033084802,12.925385021283768,3.404605874324678,6.50136642673975,4.876204527958077,1192.0426810166061,1.1075972543056383,1.7466577019167664,228.33077057193438,0.0,0,314.24009941200586,590.0870807517454,725.1174768366809,23.535058422190183,23.24665957232282
2021-01-14 06:00:00,1018.2466997686178,22.779377927080343,17.296366968087312,11.875376938979166,57.97780255586436,25.54000994446315,13.113956744157644,3.5486705880111415,6.39881619170347,5.09920097832729,1190.9511983305797,2.301235867068921,4.091257145257838,228.2552426620863,1.1405715878639637,0,294.8540954502148,594.5307033415,727.7477929919606,21.415280120312996,22.090886198037857
2021-01-14 07:00:00,1016.4514426648179,21.373235095313376,15.68847237321376,11.107275598975058,59.407672360101735,26.284037032948778,12.084580202697309,3.4791134390369716,6.816551215370962,5.207768084607962,1192.8119459103975,2.499013795851705,3.4768577361545008,212.6394454245365,0.0,0,292.44647104341436,581.645063168096,675.8438587718913,22.075639365930805,22.00559908244888
2021-01-14 08:00:00,1017.9560072928564,21.040593488484706,15.485778055154137,10.107983958502947,57.35210059243455,24.510264643811144,11.192972434722739,3.4147148751525815,6.675940044879646,4.859294502521805,1190.976908761522,1.637638019116612,3.1989330647508236,214.0098630855888,0.0,0,255.4037064364528,517.8712128671934,501.8715351482871,21.016657277480547,21.07612800290651
2021-01-14 09:00:00,1017.1106799757664,18.732081035751,14.977767687648058,8.815144780320713,53.29654971483121,24.1163536681237,11.808612617986906,4.457900123069142,6.458798130659034,4.935308968035781,1192.5160128803288,2.5239134484404677,3.958867593442796,186.93045297958741,1.0375027858764203,0,204.45410987844699,439.52541396138815,520.6611465203338,21.00527560986586,20.44227464812997
2021-01-14 10:00:00,1018.130350514501,18.83611212390203,12.241395442843743,7.467770293750732,54.8549733588128,23.05134488547728,11.126415054913442,4.393414924601569,5.56197781979307,4.538514341816697,1190.877288788778,2.1522478976358856,4.403143497664285,182.1991981207388,0.33136108137909726,0,154.64342573693187,369.5989520564185,304.4038348871478,18.698312735606493,18.737827827702052
2021-01-14 11:00:00,1017.7213261340951,16.938683471735107,11.898866730703114,7.215966000659242,54.96253303242974,21.301413014255758,10.375481108182498,4.587926239722011,5.502102385002202,4.165898799789176,1191.3126246658421,3.354994393215552,4.471510169391468,162.21034342259907,0.0,0,61.96086275020063,107.08286238316319,176.86144033675006,17.327259261783723,17.456443243589312
2021-01-14 12:00:00,1018.5016018979921,14.702876103152727,10.229709715706827,6.135581140170548,53.979084265943044,20.139910132509605,9.194019001712956,5.191225582955007,5.1741905034503075,4.0106410864897875,1191.047144480012,2.771891073943389,4.796628626193738,178.65650804168382,0.0,0,0.0,45.69419054035234,18.552349262989058,15.704429689057662,15.639179359983045
2021-01-14 13:00:00,1017.5513864543672,13.684662966500747,9.151095419405738,5.86240804963241,58.091798268477085,19.72934238853133,9.259209700923332,5.487756912738118,4.763442279055117,3.7678732117928098,1189.5164669967585,2.262185281607794,5.350327007759109,165.30228470240158,0.09287187679704939,1,0.0,0.0,0.0,13.241260262308634,13.571353314483275
2021-01-14 14:00:00,1015.6280976027623,11.838963885561713,7.879614994077061,5.4376224079806255,56.4707906794684,16.93920070482675,7.829790944679201,5.94622795662862,4.179120411161233,3.2302942171460183,1190.5857269142143,3.795668020539245,6.62232883849723,157.0743270349415,0.3450577229782832,0,0.0,0.0,0.0,11.974909582365152,12.19738616578463
2021-01-14 15:00:00,1016.7484672896816,9.223873854158315,7.492778382732036,4.431721592068866,58.88815684810801,15.539656499167,7.667875145194486,5.867530442264022,4.195172808813239,3.10294938661333,1192.0514495385157,4.979814621625141,7.849675907472358,162.64100017145137,0.0,0,0.0,0.0,0.0,11.189596803159917,10.795571128269785
2021-01-14 16:00:00,1015.778118373311,6.5775112024907525,8.045098946835068,4.5781360980910675,57.53646946653768,15.31151348948434,7.393562832377269,6.349269901927942,3.701056891596658,3.0543051909201044,1190.3063932994176,4.547734231886075,6.887292968971632,148.38331659197058,0.5399692307852276,0,0.0,0.0,0.0,11.104736136534486,9.690800560667126
2021-01-14 17:00:00,1016.2122479811684,7.704690496032049,6.3714325927147115,5.263254023094209,58.2624755684816,14.324236864338362,7.693222987378238,6.294914840188969,3.576732485553488,2.6884709717897666,1190.914981392014,4.022588464646948,8.150797430757795,131.8596289927074,0.0,1,0.0,0.0,0.0,10.218223982776207,9.043733694047349
2021-01-14 18:00:00,1017.7445166525541,7.388752159956002,6.638512553132534,5.790666999295027,57.520202646981225,14.719667885605688,6.9329884185603365,6.8653176867171135,3.192433309644571,2.4684486319152192,1190.6932718445921,4.29028360956215,7.030572786330827,165.44766772752135,0.7824123101329558,0,0.0,0.0,0.0,9.9059340763179,8.946452060184548
2021-01-14 19:00:00,1016.9517999271869,7.489167488797308,7.117543065187425,7.352894368541589,60.892437631262304,14.286788852175444,7.05296619991214,6.874796167646379,3.680064254480994,2.533574239315166,1190.3207543108192,4.321186311818778,6.590127994186409,133.74377888703555,0.3067648209793389,0,0.0,0.0,0.0,11.211751295020854,9.70765547320524
2021-01-14 20:00:00,1015.7865086889313,8.758832594240191,9.465781316242353,8.161773215067395,62.52610785135091,14.679635973307866,7.152458180994695,7.025817357121779,3.6488795516088635,2.877159342647283,1190.2412597640418,3.401817966866126,7.608127860510503,117.74536069571981,0.0,0,0.0,0.0,0.0,9.939849089440614,9.276992725544012
2021-01-14 21:00:00,1015.4362663484986,8.527766082984888,9.436027308900433,9.498078868406031,61.525520746455186,14.865496868833436,8.963352926104431,6.970730055231906,4.032295600640283,2.887788207315115,1190.67043215317,4.313195042671191,6.322142572974748,116.73310289574572,0.0,1,0.0,0.0,0.0,11.424620081841597,10.300538458987209
2021-01-14 22:00:00,1016.1728276295502,12.40612877032965,10.87847927851391,10.250175701383998,65.03865938392146,16.19013265309417,9.214622558321715,6.919417741906743,4.297022739960934,3.3304556209647593,1190.9818065391376,2.2966648354168804,5.658847108859224,116.98501486038965,1.256424367070574,0,0.0,0.0,0.0,12.0357772769046,11.602163471172906
2021-01-14 23:00:00,1015.0705590255387,12.257848211980434,11.98956513913374,11.133827071212757,67.39554191966641,17.529236384171256,9.995944267435943,6.705739006768879,4.647958747678956,4.022405716111497,1188.9885776800581,2.665631468429889,3.0763338539334595,112.71537683430884,0.034490482651497956,0,0.0,0.0,0.0,15.758420188159288,14.380433481440127
2021-01-15 00:00:00,1015.4020140395451,15.524456049040571,13.005389594105122,12.349316275735742,70.82695908811141,20.1896695831421,11.84268968891475,6.890136850505722,4.9908572855066575,3.72428032246226,1190.736737726145,2.2551355933211266,5.02169519415615,123.73961042770362,1.1488689244058685,1,20.74611200007216,0.0,0.0,16.540964813137087,15.64437013193946
2021-01-15 01:00:00,1016.0816387618652,15.889408974730749,14.545974065050505,12.680825896195477,72.88059310727212,20.871789530681344,11.466697096435347,6.830029693586254,5.545548514585859,4.254061883827474,1190.4801178542807,1.3698362087351046,2.9646110586796244,106.70107746074608,0.9153661433440939,0,99.33583938264707,131.55097657870158,170.5603191215937,18.70352128759242,17.523133423594224
2021-01-15 02:00:00,1016.6474448039605,18.348814718910962,16.897103057184022,12.905648197183357,72.7196487126074,23.62778868295969,11.465329366985987,6.174241547591059,5.710221492622986,5.026460910854277,1190.4730185799224,1.5075297874102942,2.8483915501727806,123.37667205580982,0.31588965578678363,0,179.42033782277392,253.24739914774287,384.6985752887732,19.438207145791118,18.633539313412022
2021-01-15 03:00:00,1016.0995020013593,21.718312302200083,17.118481719904846,13.591754793884562,76.67799069056008,24.257763969547234,12.422115032677253,6.110708100994234,5.769620687889218,4.930154154018994,1192.3858991371449,2.383216298819901,1.5405504617005137,98.40170445675358,0.0,1,217.98093435754475,422.8467641228411,478.65071315182036,21.25891267197781,20.937247886573353
2021-01-15 04:00:00,1013.6669683931215,21.745573354174923,16.449059951482266,12.894247372186989,77.13584214130299,25.074058963155803,12.45437869408492,5.770477011583383,6.412829226951446,4.965685827046208,1190.6065997140918,2.236770051209623,3.9754574402699845,105.47974016162226,0.0,0,284.56655516859644,460.33897334675,608.9836239503322,21.39364216424864,21.530325482422924
2021-01-15 05:00:00,1015.6292871845222,23.315352433905467,17.320139278227526,12.312793447442433,73.3921813854208,25.373627420132213,12.835925718688292,5.348915917603651,6.287087634451268,5.127734464643029,1190.2185252602358,2.7244096770402444,3.449276546866516,110.52422609593869,0.05381058487513013,0,322.26134693312895,584.5744477100218,788.4569699143457,22.167580915497286,22.391222660900976
2021-01-15 06:00:00,1015.3275793572839,23.165868772103472,16.36092105929486,11.451697533877635,79.63719765389509,26.311129374135103,12.779163892421886,4.6946808533270685,6.235147631463572,5.285872501678655,1192.7055462816363,2.1820163231478062,5.326603062837569,111.95152304711678,0.765229761398346,1,277.5589527223099,594.9069272401008,652.1844858660626,22.12813308615492,22.56564990980464
2021-01-15 07:00:00,1015.4836677123396,22.653935901112426,15.3433058303077,11.230416525467003,84.05827738465328,25.393306047963204,12.450946881169376,4.392384174444012,6.244440072605083,5.49826537767237,1190.8081465288765,3.7726255139044316,4.754788180061201,113.42314632694851,0.8223155883399361,0,277.7129850514564,480.33925439338987,643.4984085372834,21.81419295958112,22.226880066842302
2021-01-15 08:00:00,1016.3266509607,22.882898457728416,15.907683285904053,10.473570872064803,79.62676954351119,24.70346342067171,11.690970663097037,4.15976332311836,6.355704581548046,4.933059763045881,1190.6406086672675,3.9792723146337727,7.723735089608903,98.49526235022196,0.0,0,229.8936069449892,498.69084614866944,640.1222263636528,21.881535386196862,22.247736231317084
2021-01-15 09:00:00,1013.2628265403816,20.491193072236037,14.912849261660682,8.921359768534707,84.08357538850039,24.836815647421947,12.294594530029467,3.5721990552856067,6.041356411160848,4.697006080846198,1193.8371998781245,4.093878013599199,7.173309977870269,102.67104129412539,0.0,0,233.3549168504597,443.0004691209987,544.3769063872213,18.82323313211736,19.84917291598869
2021-01-15 10:00:00,1014.3189570075737,17.75348332470559,13.631727316836256,8.431585275092345,87.65940982270659,23.177310580387527,11.07348102227309,3.9960309266080545,5.323463394065434,4.324238253443958,1193.4674161869739,4.460696010445405,8.793512766624072,80.03036467149047,0.32567201943001156,0,119.82935465223312,257.45816460173916,370.7400436822997,18.425232832533993,18.5671894915322
2021-01-15 11:00:00,1015.1417593544036,16.50828429645393,11.574110765703267,6.161626748747901,83.35044701458621,21.435449556490955,10.095091361041629,3.5414517595979818,5.311497379043239,4.33120206062498,1194.1795157168706,4.075641225353745,6.151196280830403,105.53527665106246,0.0,0,42.04886672114237,175.763114838945,271.62171001003145,17.085358443293465,17.0413086387954
2021-01-15 12:00:00,1013.2798094523116,15.3858342100913,10.43901109969239,6.108394286478791,85.00429816085537,20.320716492366945,9.707047139421148,3.2619569827513057,5.233846244994974,3.7188625260364345,1193.6797199022956,3.8298817729780423,7.971394203335271,121.63050947654459,0.0,0,0.0,17.307168396543194,15.872796743599547,15.42997170853734,15.580684222113318
2021-01-15 13:00:00,1015.6008359619624,13.206304013633632,9.711333388471324,5.491027074856761,82.26364040615132,18.451551665940258,8.851747709978921,2.68256759457462,4.521512298159552,3.5966606209126226,1193.1692035182407,3.714681126772954,4.843405285746829,123.43620125543939,0.0,0,0.0,0.0,0.0,13.637522647291204,13.791964723296825
2021-01-15 14:00:00,1014.5887805156731,9.903059224835271,8.52776676435835,4.830794439228801,87.74334967766319,17.191506575225898,8.124018364070844,2.6656103229715065,4.216904689314496,3.2182633117779416,1193.8142127863823,3.212524597164239,5.850500667830801,117.85157334038074,0.0,0,0.0,0.0,0.0,12.175408083743383,11.761955258499892
2021-01-15 15:00:00,1014.8444940079543,8.836105986921893,7.380735004933753,5.9539708348804625,83.69152773367608,15.348935361693,7.773522766432281,2.999531722362608,4.147938115685612,3.366296564622967,1195.1879061031732,4.090264780521611,4.494701504046456,140.42285193437567,0.014799637960110912,0,0.0,0.0,0.0,12.2730063223849,11.058289173886703
2021-01-15 16:00:00,1013.5828035248713,7.664591825282953,6.314935229562526,5.125347927998612,83.08363474235465,15.839046881748704,7.2092822398790934,3.4244824870723765,3.8600597459642554,2.8590902379853174,1194.660230711324,3.0113091780984447,3.9575944851484066,124.73693838162853,0.4374137860425209,0,0.0,0.0,0.0,10.487873792916366,9.534288130108841
2021-01-15 17:00:00,1014.5621885794336,7.016764673807496,7.060585370374326,5.402378001948661,84.60890103537977,13.914635058427477,7.27381550627523,2.9808859192535637,3.7554614780967395,2.920275074054241,1196.7233734115925,1.6801416454216571,3.301227646299872,126.95248685171717,0.7012848726974402,0,0.0,0.0,0.0,11.541133859899853,9.828560258184229
2021-01-15 18:00:00,1014.6369495699923,6.036860487978914,7.762822373990036,6.223558007984757,81.92955850708913,14.778008163474988,7.361045186827392,3.440708795313616,2.9454892779892594,2.4791815996622875,1196.447372118216,2.8923149762106433,2.5361762441500475,135.3183826477365,0.9932891538720493,0,0.0,0.0,0.0,10.346940000156756,8.769893823159906
2021-01-15 19:00:00,1013.83893337721,6.832733614003796,7.16971620575208,6.249668162740791,77.38016397013739,14.110010617613336,7.379330856416911,3.3719306322270453,3.8978158682548156,2.8671903993436834,1197.59684559634,1.5033216153659752,2.0226338486550333,134.9658888123827,0.0,0,0.0,0.0,0.0,10.21463807488623,8.742495321629523
2021-01-15 20:00:00,1013.7101630304973,7.561769430042813,8.921451863766263,7.717302174534233,76.20544415182539,15.207396135120842,7.663558537362363,3.725472632484692,3.828241981408926,2.7201374542865224,1198.076031220049,1.734477604816271,2.676443048430407,158.8623388509818,0.33315426465667586,0,0.0,0.0,0.0,11.460914250206631,9.79190094973525
2021-01-15 21:00:00,1013.6085700700646,9.883219032340918,9.832968009227892,9.451701258670038,76.730114094523,16.12447106239375,8.954565244020987,4.242936769778577,4.431635111025,3.0663421625901646,1198.8224549040222,2.322875572545883,3.3607719102606084,162.1792945078842,0.0,0,0.0,0.0,0.0,12.267471882200814,10.96555330191214
2021-01-15 22:00:00,1012.5710035694233,11.566384917693174,11.266372940303876,9.840002832446494,72.63404356641192,17.573425877575026,8.854897579592905,4.24676938731535,4.093534793845144,3.842240514851245,1199.4541978946124,1.1793818354586871,4.64538026592773,172.207940250376,0.0,0,0.0,0.0,0.0,14.338936714106024,12.977441112738045
2021-01-15 23:00:00,1013.0128617973471,12.827380318517625,12.626944359546396,10.718817173343323,67.72340625905976,18.026773875802775,9.971245265249182,4.5146826630557015,4.25908131121643,3.8758520213251457,1199.1327398467913,2.4368608902061317,4.552240030645484,168.883829060875,1.0524489732277238,0,0.0,0.0,0.0,14.332800493579,13.541483113430782
2021-01-16 00:00:00,1012.8779819740381,14.725572142890515,13.130368412344025,12.393234618203852,69.89351840272181,20.53781770063945,10.761571356680829,5.2836141108249475,5.001443691345041,3.974317483433743,1200.1839692666338,2.71333307451641,5.933232161035499,179.41927020660737,0.09890088915523682,1,23.585739574722236,0.0,0.0,15.518288909832208,14.916473429399597
2021-01-16 01:00:00,1013.1758303499435,17.168499379247418,13.855069688275218,13.029036720682175,65.08168179444972,22.47613419607075,11.092856059055354,5.356407919556568,5.333154101702325,4.950371236079645,1200.7593676908498,3.5471662260954213,4.501498789085634,165.18827218572332,0.8384116306283566,0,120.5766093772277,133.9185038167671,203.4432318237493,18.3403348266667,17.50516156224545
2021-01-16 02:00:00,1013.5381796163135,18.428397424781043,15.401221491474276,13.08520400067272,69.3502778305897,22.87065351037903,11.663128974901385,5.902281304768565,5.8807327967229535,4.416965061925328,1198.6163943235833,4.020648734225217,5.939199694806076,197.65410972646478,0.0,0,143.73403028036392,317.17327708745506,404.6704817562516,20.00517968444707,19.185482073750617
2021-01-16 03:00:00,1011.760875655778,19.854071791975176,16.867009918181235,12.81752664669682,64.61332379004996,24.25999372069035,12.358935654326515,5.8629502213230635,6.275645840697093,5.08157141383893,1202.2108703962617,4.087203342253596,7.300854742878018,201.69393815879818,0.6176192565841395,0,185.69440370436917,433.29783307986435,490.5390952949815,20.816545740632417,20.217705006090398
2021-01-16 04:00:00,1012.377350459406,21.270048384027486,16.60452690861541,12.752386592879349,60.689649886512875,24.93442910146654,12.64740491635413,6.566910061165269,6.281579276700755,4.732695593171901,1202.229059104398,4.218426429826375,7.2441681106575,196.35633485111873,0.008066361096861818,0,255.1159591630553,498.72010688517827,638.6132733061964,21.873178661334517,21.419530061603858
2021-01-16 05:00:00,1013.532533477027,22.28303739553253,16.649330564767858,12.112869704779575,59.47131373554426,25.622336831641867,12.411020851865862,6.586814341144878,6.400747130271059,5.110326440017293,1203.1522393162688,4.812815765233593,6.2806754142970735,212.76288561839,0.0,0,293.6636099551109,535.3722155501941,681.305805230239,22.236896178070726,22.103404313329687
2021-01-16 06:00:00,1011.6229570917488,22.18556834014541,15.866007274665717,11.388917589777217,55.61460310645396,26.855711399466244,12.679601700516013,6.819008332811805,6.604543963903225,4.930442049963888,1201.8033263483023,4.276575990086794,7.479305921301607,217.42150697929821,0.0,0,298.93442910460317,625.1385952877698,660.7980365144041,21.081784874470355,21.537918619048444
2021-01-16 07:00:00,1011.4310223587071,22.840848301656543,17.107813427006263,10.531439746525441,55.90077612207044,25.293437694669297,12.79224583145001,6.9057111038576515,6.397623006295101,5.210566174565055,1203.2679063202906,3.856336397618473,5.860556673811095,243.5292342581586,0.0,0,301.9915702512084,566.6592262725683,635.6965775316352,21.780312407932236,22.106234771195286
2021-01-16 08:00:00,1012.1222864993762,22.43900420192416,15.81078464778442,9.73152889261376,59.04226534831487,24.725093011781286,12.754661098898652,6.868520509625114,6.23104168549731,5.050424535257085,1202.9758369741926,3.5185614820534488,5.062149437536376,220.811739093645,0.0,0,304.0458061392559,541.4291303358234,641.8142460180627,21.66076145221504,22.032335167058545
2021-01-16 09:00:00,1012.5082813331087,19.545885438933635,14.717750828976321,8.527706332834212,60.6053793033155,25.048091155326492,11.87935041063002,6.999663437901006,6.2680871595148835,4.786995177587144,1205.2845063736083,3.9179444987650927,5.389558208397421,239.88280428359099,0.7218249437572487,0,177.86961721435785,439.47299413262886,463.1894105536757,19.900948012948586,20.192890797791183
2021-01-16 10:00:00,1011.715045618936,19.017590097851294,13.592563884702079,7.282936978163179,56.963905632061916,23.312274212944235,9.914128005149657,6.881097458426547,6.001955571380728,4.818411405025271,1203.5948834579315,2.6417108021687117,4.320895205616094,230.37587192273435,0.0,0,139.8584066593239,282.10326857726045,273.770953080212,17.680287929084777,18.294453097753735
2021-01-16 11:00:00,1012.64309174883,16.916597304133745,12.097397571084791,7.03739382943812,54.94424200215079,22.613099395136395,10.441801660824677,7.071294454100775,5.605021816426402,4.1971630595224685,1204.5177355682279,1.9071518549246482,3.296094912604037,239.9534291024166,0.0,0,108.46857707798644,198.19389678129863,187.2932661578397,16.76625184392978,17.141538947068998
2021-01-16 12:00:00,1012.1403502141785,15.239056079875821,10.400234539103586,6.224413868759313,54.136081248692165,19.774780681087115,9.180731293256542,6.6914393741551494,4.966354057454906,4.065370349561474,1206.4121666511967,0.9196674307747066,2.8224543722334485,252.0502218396773,0.8984557442174667,0,0.0,0.0,0.0,15.735053537947046,15.788285738357246
2021-01-16 13:00:00,1012.0044217573432,12.920390501507311,9.254568559581132,6.187382143069849,53.21533545224012,18.51022629800365,8.84455282991425,6.232787440679187,4.18381363479558,3.8535281339312415,1205.663829378221,1.0027812340666564,2.1745470541302314,250.39099305430074,0.0,0,0.0,0.0,0.0,14.95363194930203,14.488135206939418
2021-01-16 14:00:00,1011.6514534533328,9.98248050404779,8.118236563388162,4.854256840849839,59.63064440434348,16.669661528114048,8.008087967289727,5.949690472375219,4.2203587827214175,3.103355758220753,1205.7629154067995,1.4862369735442498,2.7137858971284934,255.11550110073713,0.058145880144546525,1,0.0,0.0,0.0,11.322430205683041,11.227136824647868
2021-01-16 15:00:00,1012.9487053184514,8.459473241307661,8.894924117789792,5.118866655537022,55.76430960860193,15.829009897204605,7.422448486890832,5.654656369535918,3.7877438256847795,3.0017889942412745,1207.9777872414056,1.8199785531031534,4.147956740821067,260.60128718544513,0.0,0,0.0,0.0,0.0,11.571736800599668,10.555282466293885
2021-01-16 16:00:00,1010.8021874335282,8.092393272633977,7.402427155271322,5.276910012784044,61.240878603358425,13.91679922865122,7.114814051190767,5.80763443816211,3.6750168905212255,2.9715417089218414,1208.3791600113657,1.8865653776023963,3.910065151017479,253.84772452899114,0.0,0,0.0,0.0,0.0,9.970981912068858,9.274608451595958
2021-01-16 17:00:00,1009.2446266823052,7.992740033509325,6.771747552627601,5.463935286140206,60.88673891485156,14.546922320593104,6.996757200170682,5.116995493059191,3.4168930820228782,2.9669196923387844,1208.4935308071108,2.730945802199512,5.082834977970503,268.537041195494,0.70139840034316,0,0.0,0.0,0.0,10.383002197364688,9.44184531769124
2021-01-16 18:00:00,1012.0134509905159,5.450068840269898,7.456065941455107,6.510906598111205,55.91180541950925,14.16173704174617,7.597562255312375,5.060017155167712,3.4958520289068797,3.0842475531843063,1208.9388796176897,2.7157459777458484,5.412854830139764,256.94520256762394,0.28662063970282703,0,0.0,0.0,0.0,10.382673763718968,8.791032473325252
2021-01-16 19:00:00,1010.2480466539365,7.514601995548551,7.263075891341018,7.360885332891434,59.536673773350586,14.175667711032625,7.306379287569765,4.680018548164428,3.3432561347200833,2.797713048707533,1208.1551264005163,2.9873815512556474,5.194243321073872,258.720021231814,0.7030808153938556,0,0.0,0.0,0.0,10.248543084374017,8.845286675552032
2021-01-16 20:00:00,1010.5863043554745,8.904532173425856,9.354325532222912,8.152213782751241,61.16190975165238,14.608665414993549,8.185930788033303,4.303017994366719,3.4448184069796697,2.8974753069286994,1208.4556610632078,4.141945810271195,4.966262199545664,262.3977329868552,0.2558661326749234,0,0.0,0.0,0.0,11.508266467302656,10.25828322307034
2021-01-16 21:00:00,1011.4351477243088,9.236027637163183,9.336662613757444,8.95614938887273,64.10005578631207,15.3099823191966,8.718368469777669,4.087681040676491,4.18387812473434,2.9769526565333972,1208.26198396335,4.810530273358763,5.990567315805821,259.5440681147739,0.0,0,0.0,0.0,0.0,12.886049589828682,11.376316489201882
2021-01-16 22:00:00,1008.9949971920777,11.38514174721846,11.141841524998908,9.94856893099776,65.99708581723463,17.363856456016347,9.312876414535719,3.7460854880450265,4.056068477326461,3.4659968184353995,1209.303183744142,3.726666280042597,6.432626857146401,261.6176889083012,0.21939405047375138,1,0.0,0.0,0.0,13.434994130688217,12.292686060792024
2021-01-16 23:00:00,1009.1666510440909,12.437299282551276,12.723945424558423,10.503265678944581,74.03458530749542,17.8615407365331,9.10007229702635,2.9259651652058585,4.611837757397471,3.629993631137342,1208.8079059376462,4.402108010769777,6.370749209791091,255.6742669777791,0.0,0,0.0,0.0,0.0,14.231137724914255,13.35577871766914
2021-01-17 00:00:00,1008.7800513888426,14.916443660506154,13.669985305409162,11.547057252150994,67.84554425105046,20.255947956024595,11.042661054849823,3.203224144261432,5.190902969320561,3.9451935474348514,1209.0774989570245,3.1733306958428713,7.5168667490566685,253.97233891831698,0.0,0,0.0,36.78444104149253,12.826196032879874,17.454344192527557,16.067312323025764
2021-01-17 01:00:00,1009.320883822936,15.935912898004496,14.710784384267601,12.24413195074081,72.41583275462959,22.59013996801988,11.153518682306629,3.2056353852408677,5.571089392899703,4.2918051529453285,1210.2591586968736,3.098354827228915,7.0620459928528305,242.27843840146787,0.0,0,95.38445915875448,201.67355139425416,123.5683735283005,18.620963135801407,17.394022655057892
2021-01-17 02:00:00,1010.2051073295645,17.358959684106782,15.673382296743744,12.428819106836496,75.11530116147341,23.742760744322144,12.272548841455906,3.358441056126584,5.908969640983069,4.710325612418067,1210.9660152528525,3.1502432723347846,7.4535439988726555,230.59584446866305,0.8549634393770945,0,150.71921840659508,324.13285522197145,364.1897605910985,19.842016004597927,18.635336458486126
2021-01-17 03:00:00,1010.1721100325992,21.316790310350115,16.394225710974194,13.175543166987353,75.737107476538,23.490076715783992,12.111463329378301,3.3372915233164995,6.121233474680137,4.735782026788011,1210.2751436602214,3.567455216188608,4.38902306304611,222.2921534673953,1.5884190975824284,0,204.60319784819865,396.58529767599634,590.9085817259378,20.230422481390434,20.071295019037805
2021-01-17 04:00:00,1009.8753663116686,21.238706780868352,16.587179615914636,13.326826166520691,77.72036115556263,24.927783392534945,12.370262040303064,2.75775439125853,6.443838767384019,4.884798866759538,1211.7395348189254,2.1660207988239133,5.593918358200225,214.7159072985004,0.0,1,243.52050064823334,505.9721120501759,666.0109931850656,22.06095507852951,21.74376828888731
2021-01-17 05:00:00,1008.4280144144174,22.408537118810138,16.77161051181183,12.071304716477915,77.04180364651762,26.00628032801207,13.784828571253886,3.0506696985656303,6.723506365954831,5.245455828773701,1209.280779775513,1.7563258700247197,4.987438545158218,243.51338208537638,0.0,0,249.84689709401863,472.4724485461881,625.4755880905159,23.14708944641163,22.67619396467977
2021-01-17 06:00:00,1007.6163833447612,22.029490422710865,17.516477632453515,11.900203411686551,80.81957410700352,25.964859038992824,12.557406506788483,2.954726229689522,6.5850045187990744,4.594855019623483,1208.1620253607907,1.8922106160274565,3.0821381860000345,197.8722658910588,0.3102779665003911,0,313.86811772453274,595.3412937453362,700.6858608442469,21.89723879351891,22.00699644961058
2021-01-17 07:00:00,1009.4166110132508,21.740427818153837,16.177221333388236,10.535561886036955,82.92309809671727,25.0958520985932,13.144199293216895,3.7718881287840538,6.081448270070766,5.038375356814545,1210.7009232371354,1.7382917266590572,3.4092288115277753,225.74669592902717,0.0,0,284.1148004935691,611.6639032814403,700.7317999176901,21.668264205522647,21.740489041258677
2021-01-17 08:00:00,1008.9068550457024,21.806516840209305,15.005029692380354,9.856781786952151,83.64558222530881,25.388810398443397,12.295651793813807,3.9169960222566176,6.1933314644466435,4.808968584659857,1209.173385401036,1.3271841847067904,4.022971093288546,199.1529213530791,0.0,0,229.37031764505852,510.1150391073863,519.7226025671498,20.23157866185434,20.851640579888006
2021-01-17 09:00:00,1009.5654787893732,20.146150213597416,14.074654039908156,8.66546289743697,84.99859479549349,24.237632239561126,11.489545853216482,4.0701175773726375,6.199934186124237,5.089179782027213,1209.603191164176,2.8672777587118508,3.2208094943013172,212.56993332939967,0.0,0,212.73581714616995,400.6608570216354,410.202858646104,19.36616263913123,19.927212662909486
2021-01-17 10:00:00,1009.6758330936922,19.26457969859641,13.65888653166099,8.149177285023043,87.31410319560845,23.957162704301982,10.93601025076569,4.3491786856007,5.6245808132581425,4.511813447491439,1208.011679497217,2.031694420849808,3.6053113588552,171.86645393420002,0.3846781862273483,0,161.62496030820253,288.09012303561997,357.731392205433,17.82152121422793,18.530980185225474
2021-01-17 11:00:00,1009.1438264441907,17.38732925410595,12.146846706895365,6.6781174919997115,86.74560600443584,21.42629991930645,9.664842376309243,4.928829864736022,5.712249795545523,4.198439631069589,1208.760048015545,2.6121663048856556,3.8140897764546784,184.62152040098007,0.0,0,73.63223972824885,203.90606587427337,189.55708406846566,17.045059632724662,17.463555047950745
2021-01-17 12:00:00,1009.5630214964259,15.224594752427228,10.802563555809447,6.535239801884577,85.14258922699487,20.5840016926633,9.398490255771117,5.242265038952037,4.987364034366714,3.990275502949346,1208.0083377463723,2.7991102311447906,3.1119691850695936,194.5402440302525,0.0,0,2.3198536662484637,0.0,0.0,15.196532128484153,15.532167353313191
2021-01-17 13:00:00,1009.0627381561819,13.096468192829791,9.207690012187369,5.408776730233657,82.52815621684061,17.813541527819922,8.23022467448078,5.578905294665086,4.628821186618114,3.5703426601839996,1208.9015010015517,3.664611967398961,5.7404175798421235,180.15963621494313,0.0,0,0.0,0.0,0.0,14.099933933620841,14.017766621244036
2021-01-17 14:00:00,1009.230698924754,12.104437743452303,8.618699980770723,4.861750704353795,83.28887684491377,16.48599535105173,7.855564553248399,5.775376258607784,4.474948839780343,3.3194703683692905,1208.740903082543,4.453102672444554,5.717679757410328,162.73549117973778,0.0,0,0.0,0.0,0.0,11.961097351944932,12.167238075954504
2021-01-17 15:00:00,1008.1730605679336,8.595830112176218,7.255773178106953,4.499104314749648,83.41893068383447,16.118190292785474,7.869643362913381,5.930154340097156,3.902769848758324,3.170893944660778,1209.000025653432,4.957664873397047,5.871771908675401,139.8647033765138,0.016622248431410747,0,0.0,0.0,0.0,11.254463599278868,10.71730134912922
2021-01-17 16:00:00,1008.5261838500127,8.033342363382426,6.994664123948707,5.253106785192272,83.49507271944945,15.34571296759704,7.25738461299868,6.439000185776595,3.736217301468975,2.876361428557417,1209.8999770021996,3.8991172412839314,7.307368826139871,139.41350331243706,0.23998576578288178,0,0.0,0.0,0.0,9.958184711021643,9.272620934285024
2021-01-17 17:00:00,1008.7633353140158,8.065476264051195,7.48855001699919,5.923557671480877,80.9436345813698,13.725748679228417,6.412858723926387,6.695297267288979,3.7309359573662255,2.755045517998715,1209.063611944352,4.830647667066477,5.808565713367537,160.08201002633783,0.14997810860230687,0,0.0,0.0,0.0,10.190908886180123,9.335915752228235
2021-01-17 18:00:00,1009.2013901593921,7.885177866536625,7.660456393831489,6.322501665226063,78.73513531942953,14.012038703241956,7.400395517241821,6.693923313650481,3.2055458768332628,2.597968465257738,1206.4680003075391,4.4006734346952845,7.37691472059338,136.5175879874629,0.0,0,0.0,0.0,0.0,9.050580428363938,8.611464163260198
2021-01-17 19:00:00,1008.1720806404711,6.277358835146229,7.2775554272937555,7.946326324716892,76.7550240568902,13.513655455501032,7.311403457640133,6.809135457804963,3.494051628088883,2.6101322603490082,1208.3794750501827,4.322892197322555,6.672454671581519,133.39564405778216,0.0,0,0.0,0.0,0.0,10.479378398944512,9.039743428133757
2021-01-17 20:00:00,1008.8492065163728,7.85314796056537,8.174308946473985,8.593164325660364,74.19764448188896,14.71323766414062,7.534842227397074,7.1962781599360595,3.8667925533991636,2.9728968949767283,1207.5432029522156,3.3986865499769636,5.363885717293526,131.41234227210307,0.17289813833294654,0,0.0,0.0,0.0,10.962068778655949,9.482132082606848
2021-01-17 21:00:00,1008.1679313039112,10.293830517614653,9.721548238067749,8.935394165005068,75.27035007792726,16.175820705692743,8.641076645002995,7.332823221753921,3.9524598578886887,3.2127919645333,1206.9732413798295,2.9064796133589494,4.949351797724493,110.40306837420106,0.0,0,0.0,0.0,0.0,12.310690613291678,11.137844191463476
2021-01-17 22:00:00,1008.2380641336515,11.355655373639346,11.754364996022463,9.964370000896773,70.94295479239719,16.782520750431928,8.979175460711476,6.819736349841465,4.543466762415496,3.11436867124321,1206.6686065336514,3.0232311365336386,3.363782838025286,122.78934634888367,0.0,0,0.0,0.0,0.0,12.542377149987637,11.908414711044616
2021-01-17 23:00:00,1008.9504077781584,13.066131761215741,11.233174027452465,11.238245926257619,69.95684151498592,18.322568376413024,9.348455289116,6.826709906482217,4.2965867607088475,3.8414054289531543,1206.4977563385846,2.641722360435631,4.314695663319204,110.27168165019046,0.0,0,0.0,0.0,0.0,15.426263289574672,14.22563922009464
2021-01-18 00:00:00,1006.6502691216809,14.84762071459565,13.616767503091882,11.534216691427778,69.21219625431148,19.435102300851906,11.335131876965,6.802237422859815,4.661999646410757,4.152809527964936,1205.1859657319112,2.6570272570111704,3.417840585272131,113.65499555300028,0.0,0,13.593862052950803,0.0,31.723796913369146,16.419754764324725,15.523677801426109
2021-01-18 01:00:00,1007.1687234631993,16.801891712824723,13.975527722571178,12.959450282914466,65.37027249791637,21.228735063802645,11.32976422280445,6.629408685787681,5.54216587097832,4.505520681778747,1205.2640394926257,1.8190236988093749,3.2398644576472204,101.7148678316977,0.0,0,105.18387658688508,169.22798502988474,125.68706128193455,18.254013849593896,17.380024345151867
2021-01-18 02:00:00,1006.9846225506004,19.20175334416317,15.35081575755294,13.023048020545696,66.87721870045965,23.879055458107125,11.953703847233095,6.181101947524828,5.923161442986545,4.659977816948111,1206.1839391238918,1.6662926072667485,3.431896797714084,89.09342973651583,0.07273512128921317,0,113.76656204039,257.2351824803719,339.2832121102747,18.38171758896418,18.349752646343006
2021-01-18 03:00:00,1006.2712575021329,20.480192362003244,16.24023205038561,13.1021571446557,65.74019464173503,24.279103132977852,12.338434393982219,6.3767041260688,6.022010170413454,4.9759445574816565,1203.83599921297,0.6442401850831341,2.754016861317753,98.45220857875432,0.41058768301240833,0,244.93325912335013,434.54792474012964,551.4943536830997,19.8993625051213,19.939928595198065
2021-01-18 04:00:00,1007.5666504442067,21.898398195544374,16.66527468865995,13.122956486034207,61.40114596044924,24.69499853938132,13.316277953407408,5.768459339760396,6.379116985685799,5.476235653456988,1203.037478454583,1.358745838409806,2.499178160690134,107.62315593010347,0.46194089045008613,0,283.09081465349504,458.87964014913706,573.9058130796896,21.235601057286015,21.287989037558187
2021-01-18 05:00:00,1008.6832725819625,22.782425704593077,16.729454256867076,13.123661642757185,59.994523949649164,25.63816898277542,12.784321673264591,5.453573037027976,6.597930134959885,5.098806671371424,1203.5219721475792,2.3582480110849278,5.0818144132787575,104.24502504343072,0.6251876802546711,0,293.76011789004116,575.7921749905838,718.7272711195607,22.746934143544657,22.62852664160672
2021-01-18 06:00:00,1007.8336510439183,22.52534993005455,16.780285975816245,11.85520897826372,60.46825782248003,25.20128618941672,12.322207789999092,5.351776816302364,6.337227358829651,4.990861699822089,1201.9596034869933,2.449470534376876,5.550974730889901,100.30930867334727,0.2260049472851351,0,295.18566753284006,643.8244814850682,769.1589845280328,22.286387800726224,22.42053401863833
2021-01-18 07:00:00,1008.2010077586845,23.09989717202957,15.963861866415543,10.903990193500313,56.67170970116215,25.28847511166432,12.414285572837816,4.562891319617213,6.307519064423746,4.852299014902592,1200.8654073295709,3.8516914690400026,5.255753244034605,109.2857426827638,0.0,0,297.5864168711033,601.4576509332092,736.955126634676,21.689493610482618,22.167472948805145
2021-01-18 08:00:00,1008.8987645205273,23.9681744841663,14.666699134644638,10.582238504656821,55.44415112003883,25.876322292229858,12.778993505421102,4.2982733380602065,6.336983341516385,5.39036527058779,1201.7346497311028,3.1806134118030247,6.612863378677112,99.1794396335811,0.0,0,246.99631392215218,470.2572402870278,615.2379898782985,20.316108154502977,21.6466930895478
2021-01-18 09:00:00,1009.0775622371485,19.412963601964154,14.72273764460033,9.328614895504565,58.534803968703294,24.171399474926,11.990446741143415,3.7493355541956803,6.2414779637585704,5.202285589163593,1203.0129665349662,3.875180860744622,7.73842955854323,103.28869703702667,0.28049870900741003,0,208.57813395703087,348.32861339844465,557.5259966963478,19.134128870302558,19.928944395297517
2021-01-18 10:00:00,1007.9515419784461,19.22680876693296,13.485137274886714,7.7800270894268975,57.27948808308954,23.945365088050586,10.851935543433768,3.6799546861761954,5.516808614728399,4.41508005161315,1201.0066805367996,4.0492368323466295,7.880576148491572,100.02692154019016,1.8508616382925624,0,120.49946097122039,319.87778321843064,323.8880991707344,18.632255960636872,18.898000308409987
2021-01-18 11:00:00,1009.0845820867777,16.53841929878695,12.230630545324427,6.951707341000167,56.33142708408069,21.50524035136711,10.734582231577937,3.1701256089749856,5.348639041266781,4.165118691587316,1200.7019366568777,4.882621620615598,6.517968436878827,117.06155680460236,0.39611542172936065,0,42.815254389389096,218.53937887584914,305.4673984690695,17.38697969369915,17.45081395595617
2021-01-18 12:00:00,1008.0737013267473,15.404181804263423,9.752031718561243,6.208728002777418,56.851289242788184,19.98201065190421,9.703168899143542,3.417519063269758,4.951152673659102,3.935201792493758,1197.869851641849,3.821713650409949,5.541041971221477,113.63325317446254,2.5870315680551044,1,46.64613269411771,0.0,12.042477071727026,15.526383960999231,15.647638722483437
2021-01-18 13:00:00,1007.3317947960603,12.96203787050944,9.48590968793437,5.651790217540544,51.17376962865811,18.767532808656014,8.55668505458534,3.2046141084421844,4.695363253354791,3.9342685203061873,1199.9147659300115,4.061829951616504,5.231803107695689,108.89825535514684,1.753097840227448,1,0.0,0.0,0.0,14.901988104475919,14.492329600952424
2021-01-18 14:00:00,1007.5313320444681,11.533298341829758,8.670008173587737,4.578952247816089,58.21878369925018,15.663706208890325,7.947378128933579,2.974970632567874,4.248260325998239,3.142539560303943,1199.0480812286332,3.5424792500847126,5.434659476287225,103.82614708520389,0.4821091369123415,0,0.0,0.0,0.0,12.086760820447763,12.079686758302513
2021-01-18 15:00:00,1006.8309841212823,10.166000354063826,7.061952706362501,4.383432576567089,56.925931245498155,15.859828974707547,7.631250630103737,2.9799152584364306,3.8301631114596177,2.7581479575983767,1197.7707405215583,3.4516442427236704,6.169853706629774,134.48107025405915,0.2653370767177472,1,0.0,0.0,0.0,11.462619493603352,11.149066535952432
2021-01-18 16:00:00,1007.3168834401716,8.206491552162225,7.129057763712667,4.796868972273141,59.031181711244884,14.779354333262898,6.822953562510098,3.1826777770133816,3.9506750504748247,3.394272410771107,1198.1009335632248,2.980481339734874,3.733203383635573,121.13634071323042,1.1554614772386294,0,0.0,0.0,0.0,9.51440161158519,9.285163908101245
2021-01-18 17:00:00,1007.7563623426714,8.065029991577394,6.945514450648135,5.179574933385882,58.87402345386416,14.947464489023176,7.007528949682335,2.8934555410502,3.4432597642422365,2.903363665837136,1197.5819311661328,2.1476560509727367,3.2373624982194524,134.8345286168116,0.0,0,0.0,0.0,0.0,10.204993251961778,9.370227181895748
2021-01-18 18:00:00,1008.7044263125273,5.358991474347926,8.1443928836561,5.9556435570223325,59.49124793156211,14.482339697081809,7.1832056123215935,3.3087827659216185,3.441580727395709,2.8908826611837117,1195.8503421278926,1.026019718776651,2.7744203139364854,163.52599683144544,0.0,1,0.0,0.0,0.0,10.91159893634502,9.096461729130603
2021-01-18 19:00:00,1009.460341327113,8.38590999822869,8.730758368775499,7.304677914987197,60.31796014014514,13.637599199492206,6.639456866960402,3.607813075053795,3.232811733382477,2.7998678074131225,1196.7481742313269,1.6038794777613141,2.604999856944649,154.2056344780772,0.5652614651252872,0,0.0,0.0,0.0,9.763526084784564,8.7584418715801
2021-01-18 20:00:00,1007.0035167840293,8.334340276049089,7.769893976263146,7.953677682142274,63.23428875377235,15.424916886607127,7.675988205733635,3.3579699651454695,3.558236718954155,3.0539265002022726,1197.1297689917692,1.709772098818052,3.021403018706281,168.74988442221633,0.0,0,0.0,0.0,0.0,11.63458587110506,10.32222309140961
2021-01-18 21:00:00,1008.4524123726195,10.097636099529236,10.914160664525069,9.136963112895979,63.63625269671453,15.626202050090212,8.221183649293165,4.136987601140418,4.0425550434879876,2.848630685907944,1195.232153527131,2.0171715916566297,2.2439090527897347,153.9132282663872,0.0,0,0.0,0.0,0.0,13.066736007757516,11.614601670944182
2021-01-18 22:00:00,1007.3379357172286,10.146086978610885,10.43368594811101,9.601859610402668,67.85346652359236,16.54777338685194,9.457285403486386,3.981147220696331,4.314120391270962,3.2318158866279463,1194.1324057975628,1.7955985347970747,4.581912745688452,176.81790975484728,0.0760910635365264,0,0.0,0.0,0.0,13.119909489043458,11.92311285300818
2021-01-18 23:00:00,1008.5856589964296,12.347908722056108,12.681293256850637,10.865710357295075,64.86919382759484,18.54563735482048,9.07692102755385,4.629184747895835,4.731674830359372,3.7104487227814973,1194.376029580048,3.125824372880939,4.200102850940948,173.2942305097063,0.0,1,0.0,0.0,0.0,15.313597701660136,13.79704884830174
2021-01-19 00:00:00,1008.1398480979741,15.102156805901306,13.962850023738529,12.104327428296008,68.91684827641141,19.898615322168066,10.443405584503694,4.767321779180948,5.110196457189128,3.5458218214199464,1194.9767606721398,3.006809709157489,6.983307659780257,183.6601692076857,0.0,0,14.100896240396716,0.0,0.0,17.546779546766075,16.155793237843387
2021-01-19 01:00:00,1006.8220678838611,17.058625838283973,14.165704274936877,12.730915943572205,76.0475393802541,22.322146927629408,11.143977341015027,5.63354567119185,5.805771374912817,4.250079331360183,1192.4804772502046,2.98437751241729,4.7451834878113,207.180876550208,1.1839894140600702,0,74.23523528479087,140.7834520399732,243.86836473455202,18.26203131774454,17.487198771102914
2021-01-19 02:00:00,1009.0747354607688,19.198148011606882,15.914615151235237,12.588578280533092,72.6301247493929,23.170311014245524,12.370286314594605,5.452616075820848,5.600428234510598,4.5271671259331026,1193.8872521951955,3.60650997322164,7.557468156832973,191.10539597185695,0.0,0,146.62224119437042,306.9858329712149,293.61035117161634,19.97579114411745,19.343805565114785
2021-01-19 03:00:00,1007.8966017671966,21.416014862143317,16.368679387284683,13.064238534864108,75.26288403934933,24.34547014756226,12.483057834928484,5.669962021606923,5.7367754230928565,4.7879900910337785,1192.250917729614,5.090104351903186,7.845127125958066,200.898068144967,0.0,0,241.78108560100534,436.3673098254571,449.1476661263632,19.580632855210826,19.982105630403357
2021-01-19 04:00:00,1008.0051525210881,20.692549009563464,17.152693862694584,13.72771416031882,75.73483813329976,25.646475964134314,13.562729515885314,6.312245647692336,6.088927506462343,4.929014122977122,1192.8106148266058,4.6124390253891185,6.640268298947895,198.32946495097374,0.5789444364914332,0,240.9273169571492,529.7181562747929,598.8566937553078,21.827975470016476,21.482324763722247
2021-01-19 05:00:00,1007.631271649219,23.409079960514656,17.111688377886995,12.42749051770732,79.80311278090244,26.34199076678076,13.25915842928396,6.449348290233782,6.3081583722672825,4.95993260637198,1191.6642091103847,4.804478356698075,6.653567015214928,222.69414649833647,0.5232251131029491,1,252.30511292223315,627.7949961297257,769.8210318213946,22.231976704750362,22.295338364413404
2021-01-19 06:00:00,1008.0215407577081,23.00579733697055,17.37485218831315,11.50955205893168,79.13407193751385,26.39180254714865,12.776110535847913,6.431129761836093,6.305134612676618,4.835593629945816,1191.342813101169,3.6050395400630597,5.995012554664954,214.39373101713375,0.0,0,311.1107740411496,551.9488595084512,667.9996401793842,21.17429775209168,21.967389979574843
2021-01-19 07:00:00,1008.9482267892462,22.584759307525367,16.269189421303846,10.879701386103978,81.52907823475442,26.505286694141887,12.781620116219779,6.984548281402786,6.467620908962574,5.188060400980365,1193.1363892367808,3.4912090465006025,5.557718079181437,236.11321906627242,0.0,1,277.1907459892351,507.0881543932515,589.4999389842363,21.032971393266212,21.716842263386653
2021-01-19 08:00:00,1008.5184775083287,20.898422566206055,15.313990792358533,10.015621498338497,84.68811412883674,25.500493629163504,12.106656141491388,6.571315693534479,6.549569086788057,4.979205687182073,1189.9306593716221,3.103915033382758,5.683555526831468,214.92387635747448,0.56677242142716,0,238.26060198946263,560.2938444461778,536.1209802751508,21.233094135391013,21.352176018914925
2021-01-19 09:00:00,1008.9997287800554,21.008988317356255,14.880834954867565,8.88112737683192,82.46066615003964,24.32646641948269,12.001352312756755,6.792751805483375,6.368591986373818,4.573471828110132,1191.575300935662,3.092196868794333,5.016556787397122,242.05492321325966,0.0,0,229.83679469781265,386.52306707556886,541.5721563442088,19.61626069747165,20.15676688275296
2021-01-19 10:00:00,1009.0961846434159,17.310124504278303,13.398899173741613,7.8958771453098135,86.06610963286646,23.619586031044037,10.42106271918133,6.854571851940259,5.850861700369326,4.612506682566758,1192.5958698344955,2.468372898133846,3.0340754997957227,234.84662238888774,0.0,0,147.1046323248168,284.8209672553928,282.2629857453859,19.133425879439216,18.95893490133654
2021-01-19 11:00:00,1009.9358983813124,17.52442816868734,12.174950087473572,6.372254042761848,86.51613155172787,21.50746620057411,9.855801784293236,7.039829720002846,5.816483010744598,4.251592815108494,1191.3497176615008,1.9196289017789918,5.549229039287617,252.83733993642142,0.0,0,52.37443237811946,130.80744146620154,240.57156034582306,17.153002273090006,17.269427081667587
2021-01-19 12:00:00,1008.6806861074338,13.955525915168913,10.190105630564021,5.74552344636754,87.10991218943859,20.016623258172338,9.58626797503678,6.9911444809715135,4.928725388686718,3.9077952096675777,1189.1583378180094,1.6921321788285097,3.0603357067006836,249.1464405742127,0.8333042062416279,0,38.69892238019113,0.0,3.4895410550303607,15.434872840044434,15.37846940812199
2021-01-19 13:00:00,1007.8517470450672,12.966868178012117,8.81381922094303,5.447330944869938,85.15275491044325,19.30787418803337,9.153623379528614,6.752645335703483,4.285267623945743,3.2580381685154927,1189.059161228194,1.3227323277465988,3.082874315749341,247.15123381424894,0.13263021235262296,0,0.0,0.0,0.0,13.773984359689436,13.599436547592028
2021-01-19 14:00:00,1009.9680481259727,10.916581813870442,8.0481576740579,5.0554850001827525,90.9714055482896,17.810962063977605,7.132954632518316,6.25492046128063,4.460635613577631,3.536553502461577,1189.4668986160154,1.629830277633425,2.529394547244831,251.30981349411277,0.0,0,0.0,0.0,0.0,12.671847133550152,12.277283960299519
2021-01-19 15:00:00,1008.9327796343221,10.16182245361344,7.267143047742016,4.773950709743712,85.96726038075352,15.75327140941913,8.049312023721741,5.514538351040973,3.5716209498703853,2.904861654554332,1190.2810245055687,2.4307747669971,3.0543415611576505,248.77018310253905,0.1354037657258499,1,0.0,0.0,0.0,11.836756952648102,11.279997057072787
2021-01-19 16:00:00,1010.175949828275,7.946738151414805,7.5175707739480675,5.081019546643541,83.64013630558026,14.577071788640588,7.099654291004429,5.762210890895061,3.549961289783388,2.9734235664269275,1190.2807237404063,1.4078064316326093,3.4281222916315355,267.1624977941852,0.0,0,0.0,0.0,0.0,10.850616861859534,10.021328023011437
2021-01-19 17:00:00,1009.6798298354846,6.786696396885489,7.491639798450345,5.589876252756115,80.14845127620505,14.93603179236984,6.2521769387037285,5.641411103178775,3.655133707050957,2.6792353197665797,1188.7420080981544,2.7286135304942563,4.31361537268847,249.20920235308554,0.0,0,0.0,0.0,0.0,9.824560743316042,8.783421267923218
2021-01-19 18:00:00,1009.3595560699046,6.645378112820158,7.145752409605756,6.568938545221123,80.41248346604996,14.400209178957606,5.8591091297205375,5.246758081562713,3.479523703990244,2.7222546964904026,1189.127242541553,3.690046347439813,4.98832807165751,257.32921361267205,0.0,0,0.0,0.0,0.0,10.773637239856,9.143531331651463
2021-01-19 19:00:00,1009.8372478367683,8.163611327815723,8.48396985968137,7.01110896406075,81.98407538893086,14.362235669364274,6.702488936080496,4.74529344661489,3.512920707992097,3.071347506803101,1189.2022221654743,3.353032637040578,6.327933365484181,263.1479716443644,0.0,0,0.0,0.0,0.0,10.783047958028808,9.50753832369424
2021-01-19 20:00:00,1011.2151570163068,8.447204648151102,9.286306869810835,8.180890626791497,80.91906923125256,14.642911222198386,7.743834392422647,4.078059160480985,3.464803887759338,3.067093155619346,1189.8740342382023,3.571185878019539,6.467351169052078,274.9195654954619,0.0,0,0.0,0.0,0.0,11.360447280911965,10.152611229757312
2021-01-19 21:00:00,1011.414344181592,9.073204763441435,9.788896619861374,8.841765150318361,78.69690968635676,15.923207602238035,8.316046908315904,3.894938599274311,3.937179350333517,3.377479851834041,1192.1078120513398,4.587948767895069,7.295477223888486,257.1810800942073,0.38445052941481983,0,0.0,0.0,0.0,12.257130466385647,10.889660167914412
2021-01-19 22:00:00,1009.908902952857,10.834487506024738,10.480352922916117,10.320419263858938,75.45267028999716,16.98914577005607,9.299338369385959,4.101187660376057,4.450732497747539,3.4660770989242993,1189.2853369270383,3.788139140481448,6.961766848580068,252.75030379748827,0.08210851612663622,0,0.0,0.0,0.0,13.833766892545388,12.36986272654963
2021-01-19 23:00:00,1010.0843453296101,11.832423675769974,12.978644934404658,11.200659357508371,69.44657247070967,18.11491663959834,9.594924954053855,3.1845652068292223,4.615765015653413,3.768645862745124,1189.3637839039734,4.268904313946507,7.154617550109132,255.24097161409233,0.09991409471057666,0,0.0,0.0,0.0,13.934426521378233,12.943934957673143
2021-01-20 00:00:00,1010.9220658645107,15.271931940595984,13.447092357792425,12.215751164869978,70.97432363565143,20.064521164293545,10.152791773806689,3.038380946801053,4.83395482407177,3.6437721999547503,1189.3562945419046,3.6059109747269167,6.5390062614222755,228.54739014601097,0.0,0,0.0,0.0,149.0673990460675,16.743786064509607,15.639118175220254
2021-01-20 01:00:00,1009.491439989162,15.838681365433315,14.726631986573235,12.778319145279264,65.55930236059326,21.685626293434908,11.171444644896486,3.3091250686612383,5.13872087553431,4.24707785534971,1191.2997403062702,2.9005734075803558,7.08806460684319,233.5457065362121,0.0,0,41.26051590320712,203.259677757849,180.45102723500366,19.10785597811641,17.715173719317573
2021-01-20 02:00:00,1010.5432611230194,19.52625752608476,15.498178741512428,13.11390206096072,63.14277193670073,22.812302466539837,11.999702043790611,2.9441526450144835,5.5880810834088726,4.5550182136302695,1190.8232038272188,3.368634053926009,5.942138230264135,237.52989046073412,0.0,0,128.89239447828578,265.97231249180675,308.92351014798965,19.63575415763318,19.03881908091609
2021-01-20 03:00:00,1010.3668168980572,20.746889364236267,15.977551096269133,12.960206616849176,64.73806588367813,24.69455353142404,12.592785580656566,2.7636489755590756,6.139126922262693,5.093261101494252,1190.1937082099462,2.368302468366521,4.873540116389699,229.43885098759742,0.19697738162288592,0,197.38938544643446,451.0931412266218,472.74696624188937,20.69508886208584,20.532714287223282
2021-01-20 04:00:00,1010.751126569166,23.59906948997729,16.141209145220763,12.946150709743652,63.54639889453944,25.84056861886215,12.528625777915423,3.3359787297201886,6.367758558148606,4.937984618959946,1190.9769503783773,2.549538557012033,4.165631605707585,215.41467588248886,0.0,0,290.91528894334624,589.4062799569492,530.9841550597306,21.11216297066965,21.679098559531553
2021-01-20 05:00:00,1009.9475111539424,21.957311722705505,17.312786388475327,12.8599332607902,62.67533276183087,26.2805038045621,13.354851756655547,3.2128259540572124,6.288787319314464,5.212082893358103,1190.821784019588,2.7218909195978482,3.6270333076293184,234.46390141975948,0.7193949380745118,0,303.92666387812005,581.024735148303,668.0087823295949,22.21727042856874,22.359550611314212
2021-01-20 06:00:00,1009.458393506655,22.928136536271555,16.38498191867973,11.525997009627561,60.38767076297399,25.861875807393,12.691641024834112,3.191588959555685,6.057848115603589,5.2451514686169505,1192.2057213374396,2.801294678420044,3.292304331372752,222.59756729557327,0.0,0,293.04529674414533,590.940676559079,792.5543332204434,21.852980347265273,22.13741910083288
2021-01-20 07:00:00,1009.1890577671654,23.986208000958708,17.76125526422925,10.697843230370122,59.16287186711701,26.17346570982861,12.337869692666246,3.2387561465821335,6.532891292168039,5.39064602360303,1194.9129169922267,1.7665145630557362,2.985295613000452,215.21211341208124,0.0,0,299.1951424841653,575.3286287544784,692.9500549513491,22.39714845508271,22.874061553730037
2021-01-20 08:00:00,1010.0724094942293,22.762175978479497,14.854891035765476,10.051323214507937,55.04031377324867,25.235133121436654,12.031327061451869,4.123906093398916,6.119496625881608,5.012481668080099,1193.1194161509184,2.229357837071931,2.583311169806499,200.4216999545096,0.17297325748212056,0,219.0184235381307,584.7470577487351,651.3878301354498,20.352521239263645,21.499987938321865
2021-01-20 09:00:00,1010.7196426102231,20.169505813386483,13.70411160084826,9.107706605214295,55.931853642961386,23.624767697836333,12.087529946841611,3.9951096362506555,6.198472667582884,5.014085527162491,1192.835943673027,2.073648300133529,3.879869636645705,201.49945325483884,0.030282857992574963,1,200.83391213300425,440.3753716635756,449.47756484032806,19.52650487950158,20.17260577781949
2021-01-20 10:00:00,1010.9736069829545,19.15677719986139,13.363770549118998,7.578776425874786,52.49687903439499,23.33636468924886,10.900823223321451,4.595425325842557,5.598778071574446,4.259026973172492,1192.6437184489234,1.972819300469964,4.376885574665449,199.03634880776514,0.0,0,158.01990758016723,385.7681070887468,339.8328915379146,18.105736011914228,18.678061779121855
2021-01-20 11:00:00,1012.8807506337747,17.071951910310858,12.573700129796814,6.919727736171286,51.12158882059247,21.625980091093695,9.907474773693883,4.831430353588014,5.1906484769198435,3.987778967534256,1192.363396007617,1.592985636711167,5.743045183669236,184.3234988807801,0.0,0,80.95323965866567,166.46148257927345,191.3684633345732,18.06731356801363,17.9818926983651
2021-01-20 12:00:00,1012.3397097240511,15.197369107175977,10.554693795164967,6.092976126710425,56.481285419686145,21.296774001034702,9.77443510779425,4.895819687667361,5.03063438145193,3.5433311310751043,1194.8558372084783,3.81324616354107,4.517096231484207,184.44572239240347,0.0,1,0.0,0.0,0.0,15.287140103151673,15.532419125231627
2021-01-20 13:00:00,1010.810250383407,12.440371333990562,9.622571821735935,4.620952993457163,53.622078291810915,19.175721161024235,9.520420216018683,5.244708132335877,5.083311278351513,3.846614140903658,1195.232963828216,2.9200750916827736,6.217191266772969,165.06693576193678,0.0,0,0.0,0.0,0.0,13.547407301900435,13.518142580714297
2021-01-20 14:00:00,1011.9840715364481,10.937475718109523,7.4102450369549215,5.03375459248823,57.25610960995007,17.35557507846729,8.09761512469759,5.973303266238115,4.3998059982233215,3.5347333875577527,1194.5338990033092,4.5270093483013785,4.758265366346922,167.08299891654283,0.0,1,0.0,0.0,0.0,11.241881127116693,11.345553305895981
2021-01-20 15:00:00,1011.5071105916402,8.224509087813903,7.238797967736378,4.937499286548326,58.35850216809079,15.881944563524792,7.993060521671714,6.292503466524008,3.9665836880613456,3.3308373773559965,1196.6734289855472,4.394236839550905,7.395285259586402,170.71945922105908,0.0,0,0.0,0.0,0.0,10.808174337816716,10.181653232359933
2021-01-20 16:00:00,1011.7329504754791,8.166383186032158,6.58766327505282,5.087707803944915,55.77098429398702,14.885708704822385,7.570139522605541,5.910192024148914,3.7727322015995375,2.8252971483174365,1195.953740508127,3.792243686292186,5.804349814018661,164.9585855697073,0.0,0,0.0,0.0,0.0,10.847037412082495,9.783494606929622
2021-01-20 17:00:00,1012.2370828920716,7.587607861082724,6.056124848329381,6.131836020421354,59.2803220847421,13.702600340449028,6.763471022815259,6.642044938434394,3.200888088269276,2.728179476946183,1197.1910812399422,4.436249259825347,6.182150623166588,159.4664271102407,0.0,0,0.0,0.0,0.0,10.392691384516226,9.35747427388524
2021-01-20 18:00:00,1012.7131645683792,6.8408064111492815,7.281807671383889,5.726853843207741,58.071084824974434,13.130506386400045,7.070453938666762,6.707807846624149,3.2755319258494886,2.7757904714675377,1197.2060270582836,5.19228855556244,6.99783107078154,142.8556841543293,0.0,0,0.0,0.0,0.0,9.639253068859697,8.631894623265547
2021-01-20 19:00:00,1012.0759622517925,6.142057766278091,6.647096539463957,6.7209446296693,57.176820815615514,13.7681654877248,6.801225510522204,6.67272060898412,3.048925487556968,3.1296288690426475,1197.2346736690972,4.603450183024375,5.78837599103521,134.43002464049357,1.2892550215873708,0,0.0,0.0,0.0,10.031037874571801,8.580258127984996
2021-01-20 20:00:00,1013.3284389098492,8.763769073720471,7.940974189884519,6.9763710253444335,62.74661880888485,14.77998906820812,7.66973942821614,7.021964724967852,4.046936673238658,3.2995351409830773,1196.9659984805148,3.188269658256174,5.077357478649054,124.08910206348308,0.37180615530491357,0,0.0,0.0,0.0,12.245229586766621,10.459388685431804
2021-01-20 21:00:00,1011.6941539404469,9.598313277102568,9.398600264654362,8.866038604422245,63.318000755092115,14.704589673776214,8.09192997578915,6.730080641802721,4.2448170340513265,3.3102335605444138,1198.290118757235,2.644009620907663,4.61214718200133,105.35660993990207,0.0,0,0.0,0.0,0.0,13.8199400174713,12.006107690816492
2021-01-20 22:00:00,1012.7433914686751,10.491789431609263,10.475655890712131,9.93332355276917,65.23753630228788,16.727839103863584,8.884903812632,6.876324435095198,4.3285637052429715,3.466203944960692,1199.7967660362183,2.6054778323346794,4.899660506883503,105.26744758647698,0.0,0,0.0,0.0,0.0,14.223600708013448,12.59685477427577
2021-01-20 23:00:00,1014.9472542397373,12.733027326393195,12.389160860790456,10.846376367929748,71.99279335239028,18.32327921282267,9.514761812526126,6.719690495017829,4.638794452963062,3.956493685417001,1198.968505325671,2.0816192429225984,2.968112463492754,112.78728673722827,0.0,0,0.0,0.0,0.0,15.969001817590138,14.33842633689377
2021-01-21 00:00:00,1013.1784637941003,13.94953141805256,13.630391129257832,12.312495299391534,66.94828603453452,19.892286723257158,10.481169269106909,6.6320925547376905,4.689681999500456,3.9488315085700654,1200.4397413956033,2.474035667901611,3.2246253010531194,109.63508320596085,0.9562253687505647,1,0.0,3.7197903871478855,19.362096333901988,17.661855657752092,15.994450348123372
2021-01-21 01:00:00,1014.2774563468244,16.352765271375553,15.110448761325445,12.837181969236239,72.72363515404365,21.22205247152099,11.549572274466788,6.5177931875055615,5.344368575603627,4.232394548026553,1199.4406236804055,2.0895444892950326,2.7274594663441163,121.61760732513295,2.032198081570407,0,73.13378629720859,220.2696479540158,245.3528822950239,19.452489150319565,17.85211452074351
2021-01-21 02:00:00,1013.3348959237533,18.623532057549987,16.044173120672074,12.909550501515191,71.8926712022483,22.82924309280929,11.938461164849997,6.082461886991969,6.108478375680776,4.574195575877235,1201.825342968807,0.873629120319922,3.6862971110388005,117.97258163088348,0.0,0,179.18828304778708,338.4030919348549,316.9740745909192,19.322605429366124,18.702361062713504
2021-01-21 03:00:00,1013.856917154903,21.51674881808844,16.992852654098403,12.851328358896343,77.55677430401094,25.104587601181183,11.754727183572287,6.314635805774676,6.086943371418956,4.652785263539935,1201.8772859868923,2.1035046027921727,3.9462865956973774,95.8610724820088,0.4805926670524304,0,189.53114570282744,461.46868766303714,585.7166228451042,20.118041693217624,20.243542029085184
2021-01-21 04:00:00,1013.4772157608242,21.480550856654283,16.874569660373876,13.258650886168619,78.09686247235013,25.527225063451937,12.545843431664984,5.782696933330161,6.18610881243428,5.0042286116670045,1200.8770061493412,2.074830626973816,2.2461993426780333,109.39863690991353,0.2565808431216605,0,258.23004192613274,510.92991858456276,607.5776503629227,22.569787423836022,22.13952249117845
2021-01-21 05:00:00,1013.5163048961689,23.175556171842665,17.14808567710502,12.426626545475235,79.890110133492,25.515404569285327,12.386513335498105,5.706208961010279,6.097274607432878,4.935629382790093,1202.3641759275035,2.573927881690657,5.152047248360103,95.53373550692126,0.0,1,297.8813352075782,623.5203372354761,670.3716010424383,21.34305764967357,21.82180626126295
2021-01-21 06:00:00,1013.1585864078208,22.623178657996895,17.032439296587622,11.459518821821277,78.71682248259371,25.96582610581902,13.037823823916426,4.96798400618441,6.776061145546161,5.405001563779916,1204.0216108530678,3.1244715071303117,4.511395274832923,106.82616343003801,0.28934424199381914,0,302.0020500796872,564.1630749521083,657.5030929590221,21.352867335135414,21.94384849135687
2021-01-21 07:00:00,1014.2554187146268,22.90096990290889,16.302317998426368,10.262706870855071,80.36912427779181,25.781398289908303,12.887083583217892,4.542945652206739,6.4348719792280775,5.267848469753491,1202.3246469547998,4.043990688961644,5.873074045528637,108.36460143372777,0.03457982059793008,0,286.34715494194654,618.2872681451904,773.7158368341295,21.008187775091482,21.723631939481646
2021-01-21 08:00:00,1013.3583287027402,21.829226378774877,15.199330672113208,9.802224857769547,84.84488207145833,24.81217470583658,12.350902953980865,4.667642836247269,5.947691335004097,5.325142964050896,1202.9964161921332,4.324520374365512,5.534448227066441,113.63630788050074,0.0,0,266.9789901994585,508.31848614436853,598.7033387481578,20.791855251413004,21.367565230977856
2021-01-21 09:00:00,1014.6996950083303,21.267993869557376,14.16658157116903,9.24345217597713,87.39978843112439,23.858075578247412,11.342632119240868,3.8843880520252103,5.8758070353655265,4.52267157684103,1204.470408042609,3.750961654576117,7.028958489736696,97.79950034904752,0.0,0,233.71398697420378,366.3443324735075,428.3753455209977,18.607262317190994,19.75573981452017
2021-01-21 10:00:00,1015.1623248290693,18.62563206324704,12.699921992147262,8.819034501397597,85.44950302878439,23.505262010163378,11.052683376150261,3.6787663762291083,5.494492396528379,4.98033938938442,1207.1333307304321,4.250944095071032,9.010694668921293,114.96762720893648,0.02031975765597388,0,180.7149094244532,323.7294680245949,472.8834334415229,17.606397191921673,18.41044541139837
2021-01-21 11:00:00,1014.7133018493095,15.969782585818425,12.019851805267905,6.974276900012279,83.07683147906428,21.34302208185669,9.99723447261422,3.6119205958615037,5.361879862511381,3.9960877713643326,1204.7738122661108,4.0559893824872635,7.071347955052441,88.76723667585533,0.0,1,78.301857679878,211.19317180608806,200.85683626438208,16.593162838486652,16.742188159033653
2021-01-21 12:00:00,1014.3160859850302,14.032635678045583,10.475391379650747,5.824433430353799,85.67787704492413,19.452651806484656,8.948701827714794,3.020404030771668,5.041467793922587,3.7603383849833776,1206.3731265225103,3.2849100404664724,6.364172633451794,123.68012451263351,0.0,0,0.0,0.0,39.94152253021411,14.683444311824118,14.71369289447863
2021-01-21 13:00:00,1015.0322067596159,12.557133393419958,9.004863736323825,5.033078956384824,89.72661700928239,18.425515557350195,8.960092767922777,3.262873695386917,4.511128019490524,3.565252836504365,1206.5533393180997,3.7809386387919655,6.099846231632661,114.21766922869539,0.8066916904587246,0,0.0,0.0,0.0,14.513700868038,13.952399220884628
2021-01-21 14:00:00,1014.5449013032894,10.125658020525352,8.00089633602191,5.342374146713954,84.69373301577384,17.059004876564554,8.340953172463538,3.1470539072085075,4.405409319297375,3.6615441383939715,1206.1017861633231,4.367003400102938,4.508816320860953,118.67916457062456,0.49890648399396553,0,0.0,0.0,0.0,12.500226775300037,11.915120579324354
2021-01-21 15:00:00,1015.6618548621976,9.63029416148325,6.972354376690818,4.294579998734007,86.78187470645646,14.771007200783753,7.879081729758955,3.2538650636075666,3.9551002763146563,3.196586562021849,1207.2322011636504,2.1439783031251216,6.159170628931559,103.05709244817173,0.0,0,0.0,0.0,0.0,11.701210681699974,10.9471486524696
2021-01-21 16:00:00,1013.568558348007,7.745759054323876,7.613891810240195,5.371963021636085,81.5097223250892,14.783474398384802,6.912368902362663,3.2083933945776115,3.9134243713777757,2.912003665354365,1206.983613592679,2.5433429168466013,4.566266199425957,124.690332352603,0.0,0,0.0,0.0,0.0,10.810824553623311,9.867478619977442
2021-01-21 17:00:00,1014.8840695895466,8.934817974705958,7.042956608069216,5.892554953095625,81.81612800109576,14.638435009439721,7.477471848555828,3.380610429003694,3.4796724449502543,2.682363521524086,1207.4136548244533,2.1363070347026722,2.875306455588661,147.66867908805165,0.0,0,0.0,0.0,0.0,9.954302085701602,9.368149603246032
2021-01-21 18:00:00,1013.6773029025985,5.783599783404007,6.791917544585321,6.387684943904456,81.84573213004941,14.225614692760917,6.862367365945028,3.2458648123294314,4.1090651184022295,2.5248129698678596,1206.4288980409765,2.0180347109624015,2.4548945603281385,135.73298108297155,0.0,0,0.0,0.0,0.0,10.62285392346783,9.159834996137594
2021-01-21 19:00:00,1014.1897451371163,7.415136614784289,8.1727842250702,6.962928989375745,79.92607805165662,15.319342599863056,7.575643891019174,3.295377050020633,3.438213515871601,3.0674144731917163,1208.362269444588,1.2383874423871637,3.0426103972946437,153.32516667049615,0.0,1,0.0,0.0,0.0,10.6597201454614,9.117156208483513
2021-01-21 20:00:00,1016.5910897838511,7.282229653270507,8.321847768031136,8.247225606090975,75.9672226397777,15.429402318449448,7.547351270054109,4.13642186344359,3.520295895972165,3.120497367668399,1209.559347544467,1.0071946256841513,3.7759808086463718,152.98393981108748,0.0,0,0.0,0.0,0.0,10.938266782054558,9.495787974768005
2021-01-21 21:00:00,1016.328640809157,8.99776481223977,8.963946848155048,9.126780619343306,74.12121657121511,16.48182632525616,8.252813257941112,3.6946608768955955,3.734079718201032,3.4219619379946167,1208.9674910166632,1.1848681466829083,2.347157265441533,169.92116778779507,0.0,0,0.0,0.0,0.0,11.191766243269855,10.056835397012431
2021-01-21 22:00:00,1015.1476109884474,11.098993631338473,11.401909953297407,9.78033143767547,75.85885448274304,18.40004296795723,8.077587052546598,4.030657097573909,4.207811854689155,3.4793636253962386,1210.2259623372486,2.8298429865732464,4.6051522541206715,168.02315543868698,0.4676306106945214,0,0.0,0.0,0.0,13.846132189383537,12.432092443300705
2021-01-21 23:00:00,1014.6300284197914,11.301687676767783,11.9224081149039,11.790532167413486,74.34099450860111,18.826163860272136,9.69395453931143,4.7657292527679065,4.267864214173053,3.1609966541658605,1209.916131710917,2.064030826495703,4.242652871783141,163.70942526920632,0.0,0,0.0,0.0,0.0,14.276651858397742,13.056262078931361
2021-01-22 00:00:00,1013.567303191189,15.165778281751635,13.273151488202368,11.728752611753922,73.02428711624383,20.08153510396636,10.632443979099166,5.3249972096354625,5.058912568765565,3.751083413463712,1209.4510238566213,2.750218904173405,4.255805291994309,180.5645067984893,0.0,0,12.256163616518505,0.0,40.9458299947295,16.82717037523546,15.582999947094352
2021-01-22 01:00:00,1015.6090107386975,18.402587584411943,14.684139398532334,12.803235880481433,71.6499680832051,22.039784417330686,11.172659353015229,5.38520652451668,5.007167813740794,4.4035571152923465,1209.0313327098838,4.496942485629839,5.309887945392928,202.98462845682448,0.10738407759907076,0,74.24622783018349,129.46986520712886,213.15365732353814,18.171079355580435,17.778161251713993
2021-01-22 02:00:00,1018.082933965047,18.682593191141923,16.239275865710816,11.91096209872999,66.38695319610744,22.720381783302454,12.688733156260003,5.8839010265917855,5.782334184811433,4.526056594952787,1209.2952122919767,3.4684960642042793,7.684418321076857,198.86830499371658,0.0,0,125.61958791351317,251.77518332959875,450.00215258080124,18.687540635186622,18.643560816559244
2021-01-22 03:00:00,1016.5951476588219,20.83871974925623,16.432464904850917,13.510161933424657,63.637350026060474,24.296483846866767,12.035490028544318,5.600839454505607,5.790409822960551,4.736759744038231,1208.4063729320142,4.297032823895233,5.621480138332607,199.541060535265,0.0,0,229.84520861873554,454.8121556988766,547.6062338124116,20.800040695482547,20.492093333274873
2021-01-22 04:00:00,1015.8979952029547,22.64564841546332,16.275970297305808,13.435680516787682,65.20198187755689,24.872288601167497,12.618859162782801,6.185666226936845,6.2227794242006444,4.818585131563426,1209.6781400635846,4.812155917228622,6.384101141267496,229.9190496573864,0.0,1,270.1056766384061,587.9270199043438,595.8551881283773,21.58448521611138,21.737911195921093
2021-01-22 05:00:00,1016.813837046069,22.61263916029362,17.26829072875277,12.446463204260217,62.29471712857244,25.99454723651583,12.63232403252706,6.157299324809294,6.56979681926007,5.348628905029787,1210.13229410611,4.788110172405496,7.731682373732358,225.40161796486788,0.0,1,284.7978290271292,622.1383755763976,698.8016535936434,22.03860256127561,22.273168589158267
2021-01-22 06:00:00,1015.2867672235373,22.593327868027963,16.534187583497157,12.010335251283742,57.42848776486662,25.67404545599009,12.714688941925546,6.888132999214611,6.96080753677527,5.291238527482862,1211.7154210977992,3.4600448463979263,6.90521644233178,228.1673391539847,0.0,0,314.22532368209346,613.2686432744526,770.6349057080008,22.05822314204138,22.27516172627586
2021-01-22 07:00:00,1016.3890131649033,21.134391127707367,17.17545163549557,11.172612414491894,56.03242856459376,25.45209070780359,13.098321862772528,6.5699389762540035,6.23328863527738,5.2593492361285135,1210.5146156708247,3.478947668741783,5.652582564766685,229.05953956052693,0.025774411118674456,0,291.6786891486722,553.8943580640023,628.6494189515712,21.2201356739745,21.404678366515736
2021-01-22 08:00:00,1016.7953061057995,22.37689673385205,15.397367966072773,9.721637227471504,57.99347934594609,25.402889069259427,12.839496382970028,6.714051736817885,6.26897461579139,4.912510034784323,1209.0803649735449,3.595808174449374,6.4558748757432145,238.7257471224341,0.0,0,286.43484498363654,508.1384933033536,706.9298723049156,21.225658534532407,21.499777973338563
2021-01-22 09:00:00,1016.7331493065433,20.57763636268219,13.21528508938955,9.160443651283794,55.78725768936272,24.173784966729027,11.37727683219303,7.102805040992281,5.9159084368247195,4.883785689203824,1208.4375151304325,3.964508728691632,5.809836586535323,244.19586322675238,0.0,0,215.15619206711446,466.5449191306217,456.2427751430923,19.38529436348981,20.13212021884224
2021-01-22 10:00:00,1017.5183747046369,18.29112130402827,13.287383677390048,7.584966837631312,55.45825269618257,22.036239432141613,10.664738787408474,7.181980376427961,5.576025935487837,4.332447014760701,1209.5749239201336,2.1746184843560292,4.581072248163121,219.45540199399693,0.0,0,176.47855333161357,208.74052931906334,395.01376966188866,17.821508297652645,18.352330759000985
2021-01-22 11:00:00,1017.2424828824451,17.159170058014467,12.781342286443069,6.706129992078334,57.273393808813225,20.82513580995902,9.722428715484185,6.847591619925974,5.245233901659857,4.284617257953774,1210.4710227097185,1.9175696153519648,3.2245075105601164,249.48152567141378,0.13371348236144098,0,40.17265790325206,140.7610180857586,181.50335358298923,17.371346337385475,17.456268512539143
2021-01-22 12:00:00,1017.5797457863612,14.591423750235744,11.310359110965985,6.581352893686821,56.51807428997007,19.42636675426932,9.926506162222598,6.846085308390585,5.164813295127401,3.494414084281389,1209.2899488262572,2.0839541857807395,2.9013054965636482,247.67397370939838,1.6678891330533752,0,9.184380464236614,29.364636789770735,0.0,15.962857860653603,15.799446162653268
2021-01-22 13:00:00,1016.5699331173255,12.559549347398969,10.251927756020462,5.896928115978578,57.788073576229706,18.00559977632789,9.111722562805708,6.639646519612569,4.5141602595001435,3.3757939180500647,1209.8777884399776,2.029579034758316,3.2581253462142996,247.50686023156632,0.0,1,0.0,0.0,0.0,14.239972639591866,13.872584483140225
2021-01-22 14:00:00,1017.9116051664556,11.424403809276233,7.822138652993547,4.839041987345418,51.64804039291721,17.20721166473942,7.971349350978563,6.242489847484604,4.699862539654196,3.3355376311496183,1208.9543291271737,2.0598769232354917,1.9808412450048711,253.2210368624301,0.14323076502807608,1,0.0,0.0,0.0,12.371920937512087,12.163185916936156
2021-01-22 15:00:00,1018.5663503798697,8.406278062580993,8.033629938570652,4.706995882287297,56.648602846773066,15.866828736416583,6.941083858802837,5.781058903422756,4.022535679399138,3.626495491831139,1209.6270656765994,1.4509890426628258,4.330177097337607,241.71557923490343,1.1423442860514865,0,0.0,0.0,0.0,10.191318106788207,9.930020951109608
2021-01-22 16:00:00,1016.5540074032011,8.804917469976134,6.7634738697532315,4.893586340091069,58.39899598802782,15.336487263142976,6.633043316193139,5.797018568028279,3.4989597620885293,2.600620900773703,1207.0629960151387,1.8983520389402826,5.0745920515675715,240.73851924060483,0.0,1,0.0,0.0,0.0,11.419320548579117,10.313763406028652
2021-01-22 17:00:00,1016.6839290387381,6.294213075504559,7.115792473011785,5.858526137176671,55.046528182256125,14.580845953736466,7.073978703632433,5.46991549348887,3.47777022413738,2.5921728899451435,1209.9908877996004,2.663124413577624,4.12719583347646,272.1606000218247,0.024163631973540267,0,0.0,0.0,0.0,8.905307475088245,8.237475374425507
2021-01-22 18:00:00,1018.5236600899981,6.536109014151315,6.5868413400021,5.813179250287171,58.08360699958177,14.535951478091329,7.27953543385486,5.17880488061808,3.339630601992002,2.8433549593385616,1206.9776864955259,3.631155656314104,5.284883593944588,264.62157819708926,1.425871931342639,0,0.0,0.0,0.0,10.381611844383162,8.80712632149341
2021-01-22 19:00:00,1017.3598512323932,8.618655725534046,7.446282467827852,7.193478713765574,59.18760824021132,14.508643137995142,6.48778544039532,4.715116929481926,3.711124991155738,3.194773589656037,1208.5651919442994,3.3253841452641466,6.632681920930784,235.5654545752169,0.4537596131854036,0,0.0,0.0,0.0,11.654573525035124,10.127824398527283
2021-01-22 20:00:00,1018.6907844018662,8.860945102874199,8.263948824246539,8.319988068925994,62.543396342119856,14.90868723183912,7.623192370545639,4.082259730652784,3.3732059630102937,3.0012040148562904,1207.159264260105,3.8244729425506048,7.85002389022725,253.0207748269592,0.0,0,0.0,0.0,0.0,11.218986814693734,10.239426723364897
2021-01-22 21:00:00,1017.2653690930428,9.411468545254332,10.116474801732377,9.02310709077466,67.51545645191166,16.30703518402447,8.989724479262321,4.138068032273855,3.6711495521329987,3.29190023303696,1206.9552399114987,3.6128688063500505,7.977635875961413,266.0795834370909,0.0,0,0.0,0.0,0.0,12.376851986697226,11.108120093763048
2021-01-22 22:00:00,1018.8319385935026,10.341628849149092,11.291658369522564,10.495606453165596,70.16289313279192,17.459706395870008,8.959054512850098,3.714148564581254,4.131690776250161,3.3324792498646962,1206.4502041576184,5.2118634948619915,5.581185495337381,252.37526592566635,0.0,0,0.0,0.0,0.0,13.761329723710444,12.253925328301687
2021-01-22 23:00:00,1017.8183961089052,12.55895702448991,12.329366474352401,10.928643170667582,66.41353201055266,18.635133413161874,10.410575061394468,3.371363624897381,4.7483607909738845,3.5872928280891,1206.5488084955498,4.357381552486728,6.717172555362405,264.9546725009157,0.0,0,0.0,0.0,0.0,15.152334289009312,13.782384156900429
2021-01-23 00:00:00,1017.9618656401339,15.051292720210059,12.8023903242791,11.783882123200582,71.05311450098722,20.635535935430124,10.85562644396745,3.2090220249923744,5.246612054964568,4.016436870413562,1206.3353770662056,4.664710414698133,7.13260140875544,259.7795502955213,0.9308570930584038,1,0.0,0.0,0.0,18.00936859024529,16.452287887873176
2021-01-23 01:00:00,1019.0458730916769,17.0968186234578,14.507729671382917,12.10203646784874,73.07548858758531,20.380020149363364,10.902967359626642,2.982563322750116,5.664337005808334,4.178924975997791,1206.5047518619733,3.8505724966263255,5.89020138185157,231.96505145001248,0.28685025927808505,0,93.58564913792648,154.0613557069835,207.05003883771576,17.61784730873958,17.102606949139705
2021-01-23 02:00:00,1017.54021274949,18.93639034926181,15.29492301284442,13.285278750856364,74.65753721956729,22.85476841292976,11.86918941168522,3.2081532497464704,5.8559603039895025,4.744853867743547,1206.4079488825973,3.4872597189450794,7.110253682683636,239.85031446103,0.0,0,155.38760729001112,268.14067013111975,287.311505832867,18.922526157642675,18.652136075419726
2021-01-23 03:00:00,1017.1089519252484,20.635271489633325,16.857284137764957,12.69296540152074,76.53821075495466,24.089745454293325,12.448998767256512,2.716377053283996,6.0440822645081935,4.527273757634721,1204.8717265441721,2.2498455545739837,6.303500138242128,232.08764824683692,0.0,0,190.93387204987758,465.52561885141046,434.4232653230296,20.44850183076586,20.26837752325712
2021-01-23 04:00:00,1017.5318866372464,21.778140653481874,17.464621286786993,12.988083746011897,78.10748500490257,25.772493861447373,12.463287030386947,2.831687307014297,6.457963268139446,5.2172278910546845,1205.7810406699264,1.4799928788303696,3.663215600341713,217.53062583140243,0.0,0,264.5851076342285,546.9447685099208,664.670030888546,22.514192509501946,22.048341392516637
2021-01-23 05:00:00,1018.2781416983343,21.718021495364525,17.52454501971212,12.406003262559175,82.50656167674362,26.58125245620979,12.606325867397025,3.054860181493835,6.219988615947258,5.16697359400743,1203.6766520382755,2.790328713325504,3.5845047647023818,211.34337165953139,0.0,0,284.6968394986422,606.7715497782358,703.7083389810183,21.575508095051422,21.641531328894267
2021-01-23 06:00:00,1016.6858344452312,22.638442480487416,16.399072735919496,11.365713612143955,82.81153474653435,25.274910314894868,13.542907170371155,3.5906993620789205,6.131068555596754,5.157055826279827,1204.1676103060024,1.913196082211443,2.668305883479418,211.9397845375828,0.45129478124307243,0,281.3034757267111,668.5396622305593,692.877156203104,22.22820394274263,22.25423621007211
2021-01-23 07:00:00,1018.46720102899,23.367643448103312,14.861723088586004,10.705565084319419,79.77999230917204,26.50113854480903,12.294812389719016,3.678767223580624,6.5362162549708955,4.830514079509594,1203.0169101239314,1.8229639825774349,2.8742817386906427,207.4002068441293,0.0,0,257.98760301127294,566.356397181427,771.5403384505715,22.2541737103975,22.59018146033744
2021-01-23 08:00:00,1017.5415924227472,20.97036922198976,14.514446878006666,10.531899550944061,84.58182321852765,24.61042982969352,12.679658095802703,3.3862566199774613,6.097902422246893,4.843272750141757,1201.5299122767524,1.0952230449839195,2.85003861450887,210.19390923848752,0.0,1,272.30368783584174,497.6549481822292,701.0835662407108,21.338083226027234,21.550588758329276
2021-01-23 09:00:00,1018.9028367972525,20.524165391414883,15.043616327379958,9.022257746161824,85.6429397366922,23.672033064338873,11.483000085214583,4.270269417750498,6.047598825346725,5.088258432050492,1201.745578804782,1.4226348861834186,4.03135552422861,211.14765834034586,0.41874698089091833,0,221.05997734555362,410.1199600616308,516.93314681859,20.40873214499959,20.521836018151937
2021-01-23 10:00:00,1016.0777394298525,18.426172249860542,12.908073721652404,7.504758889033681,85.11882196863957,22.88285714883642,10.94368607254455,4.585843756745393,5.773925403174588,4.558280200393347,1201.5484565101858,2.6955271079749847,3.0036530496398437,199.02830377147825,0.16594028781074677,0,161.1353805656181,235.91054368647178,277.2172440883393,19.317054667604193,19.275400671739884
2021-01-23 11:00:00,1017.3690340047945,17.148497661398924,11.433681081180506,7.071764076476015,87.13452166161261,21.393811034548893,10.410017942217243,4.417901979461597,5.437852479489456,4.366262547297602,1200.491161431027,3.425445699097332,2.2225600293840255,194.4761818226212,0.1275924641116558,0,63.08082486092104,94.34810222767231,175.59338217174792,17.1515051406019,17.341953337189953
2021-01-23 12:00:00,1016.6508254790127,14.727956773253243,11.343729113411374,6.072130023764065,85.37614806859807,19.220791360141572,9.164568538452984,4.49570834588069,5.187558307705013,3.824093597336933,1200.4128565179976,2.689362993113696,3.7163655342121005,177.33382178529675,1.238907111430613,1,3.4215972420353222,24.844120358724542,0.0,15.126770161126036,15.330325939198769
2021-01-23 13:00:00,1017.3373030517866,13.963623204662051,9.969030584386314,6.888683600596156,85.27260836275966,18.77202471613112,8.890482525436983,5.332852030864411,4.778186470004556,3.683606218631877,1200.3420033968973,3.7803678305048964,4.861398996485952,179.05754254631626,0.0,0,0.0,0.0,0.0,13.964585113959464,14.078850385529176
2021-01-23 14:00:00,1018.1912803946601,11.35460820793327,8.344243106644148,5.235641724728637,84.73136848369013,17.33970121236337,7.195170191154708,5.908525168511294,4.289000013433555,3.125569590376018,1198.9313422253276,3.9306363589332953,5.761021948175409,164.62439597074314,0.07343855951579464,1,0.0,0.0,0.0,12.292805777711859,12.30887899930974
2021-01-23 15:00:00,1017.8412053683059,8.424883534463596,7.430852195050259,4.848176480861168,79.82170481606997,16.28438011096257,7.675406492691432,6.3182523939600275,3.8509367721263024,3.171448313433724,1195.4917676809152,4.0655685548808975,6.881790328061032,154.8797525592708,0.0,0,0.0,0.0,0.0,12.8679287181638,11.530169345704168
2021-01-23 16:00:00,1017.769907421683,8.541656377854064,7.058420533215016,5.719836148188987,82.82958426895482,14.587119912404425,6.168296292546978,6.111409766500833,3.7225143120586037,3.034897694912712,1199.5991532433156,5.206229589005032,6.10578038160133,171.60939802290267,0.6683922754662465,0,0.0,0.0,0.0,10.210712454276146,9.525574097198744
2021-01-23 17:00:00,1017.829876409765,6.730337090304042,7.117229172497052,4.829055843673293,80.56379895545946,14.18465368477939,6.9149882327992165,6.882484707170548,3.4318691772314196,2.905011953890127,1197.1142181187545,4.053649255904495,6.000735033816472,122.88577949526909,0.0,0,0.0,0.0,0.0,10.36825054224923,9.184783054603658
2021-01-23 18:00:00,1018.1011522954716,6.5961025400357265,8.02334119503178,6.250901225163789,78.23370576141315,13.984786417548678,7.401497460603661,6.286464328405532,3.460714215598766,2.6192830339019673,1196.0865498354183,4.74618934342852,5.9884928734472,121.26695702692656,0.0,0,0.0,0.0,0.0,9.129455648849854,8.13624958786445
2021-01-23 19:00:00,1017.1094457042652,7.492266703762441,7.979744062387842,7.848565056023645,81.99945800460985,15.048442762999823,7.5631614848271385,6.805775118805953,4.074745945282481,2.772478811633018,1195.2922102088942,4.026335551113543,5.39305201844528,137.94088263325264,0.0,0,0.0,0.0,0.0,10.468122450224513,9.143355527080676
2021-01-23 20:00:00,1018.4562177163883,7.727573575913436,8.965086689447942,7.9747696309284,78.50841503706886,13.38672518597679,7.23235214317603,6.886173372181267,3.7373998345000574,3.0682083446550057,1195.5961876669082,3.4361815251409555,5.240445291214814,125.92716773975229,0.5349375153723206,0,0.0,0.0,0.0,10.957044632669128,9.6299601791442
2021-01-23 21:00:00,1018.3919823782968,9.968144821933633,10.251832216196187,8.365084853032695,75.68058932358733,15.27888713838612,7.874540365001977,7.230467404984861,4.029388831627678,3.1091843435205146,1194.8973471712875,3.686008586516544,4.522170083283956,109.06161400340703,0.0,0,0.0,0.0,0.0,12.607523391444836,11.215686276737326
2021-01-23 22:00:00,1018.1376594815703,10.457842956940613,10.30646080817556,9.93321378865541,72.75267897433297,17.00277042139589,8.770589379373178,7.229275999212374,4.108903870193926,3.3425389235319765,1194.2629905361152,2.7004410628881588,4.867205166927733,108.17033503884421,0.0,0,0.0,0.0,0.0,13.954788975161177,12.482555847621905
2021-01-23 23:00:00,1018.239325428542,12.496185052365714,12.568387555923906,11.63217445484704,72.55023205255841,17.904300611927003,9.889206170021408,7.0702299726585025,4.815786115632162,4.070110667602061,1193.8714833800052,2.1161623424513776,2.9228012725712524,105.22377848826306,0.0,0,0.0,0.0,0.0,15.88363296858919,14.222902487786035
2021-01-24 00:00:00,1017.9924169821227,14.540540374516222,13.330316655975885,12.019852202126396,71.98287218663512,19.870839821364363,9.783234716367632,6.461940797819698,5.152054484532665,3.8098021762267598,1194.6518903011352,2.563888061571245,2.9818718897673038,119.64133306855402,0.9495103448072845,0,0.0,0.0,0.0,17.401542100369852,15.950488111705823
2021-01-24 01:00:00,1019.3412660976458,16.67460523697161,13.40550179047142,12.157392516496488,66.38817542960537,21.489876502430146,11.331389769621378,6.704612692597744,5.541699078584792,4.526666547740817,1195.7371595305049,2.3443810479700766,2.5943663500421703,119.61948134771245,0.29479299301404405,0,83.00611429394492,125.63391534950574,190.45622772138304,18.083963263102753,17.200110323281987
2021-01-24 02:00:00,1017.598226795644,19.769434088883497,14.603896483322899,12.60431068893668,66.10805757890893,22.671156945603787,12.110829678546004,6.387383613091787,5.792978249350698,4.369063867299019,1194.1292655344262,2.3207315816610645,3.6774924748056335,121.2202159894336,0.5415732379181486,0,123.10166390872503,374.7805864525003,298.3585067244114,18.937130460109138,18.805827583832098
2021-01-24 03:00:00,1017.3737310878888,21.097011655019667,15.913387453658453,12.77569347185236,65.9958815122259,24.274875150170676,12.387261590326059,5.665753122944075,6.267498190933189,4.979484354578151,1194.0515303728891,0.0697351957295973,3.144525771616967,86.83582167478112,0.0,0,199.01629038472524,429.23492425,489.750050521432,20.148738661088096,20.3289112237403
2021-01-24 04:00:00,1016.9649052239271,23.12516399808393,17.1411404746747,12.992654172547464,58.627997741831784,25.510227061585518,13.054420044845578,5.2706375208909995,6.553375145003599,5.180860996166117,1192.1911417137794,2.3844644202767045,4.554982159346277,87.54414443390804,0.0,1,288.4948182847095,510.91370273010534,588.896746557109,21.651336339566246,21.93664455151368
2021-01-24 05:00:00,1016.6871162852871,24.31475755304203,17.053252009366826,12.969808142584995,60.753439040058375,25.677421735218914,13.083762739851887,5.554894213338024,6.505508523303463,5.057037960535473,1192.3332057509808,2.661432410211607,3.394063572544802,85.94815940765514,0.3832523553731766,0,319.87304592667266,582.9535447852658,675.5719976267679,22.01630572847083,22.757247425055596
2021-01-24 06:00:00,1016.459455190861,22.278498077647363,16.86886579921587,12.207796042508349,58.53481554110681,25.773402633015632,12.723538029764185,4.963980139804166,6.477077528199936,4.956504629427579,1192.3363124604807,2.982568372957238,4.960506713252115,112.8885700577001,0.0,0,316.85841490553804,634.9696105131718,781.7575797008593,22.12478094613694,22.49170672005031
2021-01-24 07:00:00,1016.683047712725,22.776699999441668,17.206961391074145,11.131611214692473,57.832040180121446,25.71267249940749,11.91128089349243,4.395667226175157,6.627802937456559,4.765024350786201,1190.9537364269029,3.749516003309716,5.223327473027403,104.47666869685565,0.6548566088343363,0,311.7855916857934,551.4913167353031,686.1386221482057,21.290502401846467,21.8102511526154
2021-01-24 08:00:00,1017.2735827136006,21.10486300862511,14.763383019641761,9.446092751304747,56.00636183048962,25.19243424938384,12.301648897867544,4.274325327606911,6.11821304436471,4.91620778275626,1190.9140158916064,3.9659023288447637,5.304738341064594,102.01737192372056,0.0,0,223.28940401453633,498.38124349302313,631.4399887620584,21.733035512859356,21.732542059788138
2021-01-24 09:00:00,1017.5306369245686,20.11253010006855,14.31908616124696,8.410421723510627,56.417056222745266,23.37248090445204,11.276363730468582,4.072808216222649,5.917068115656748,4.953771867014316,1191.9444867164495,4.464736733583355,6.678041974780823,105.02222083534897,0.6274227211640918,0,193.15811665009286,450.5309270377816,463.7350926381509,18.91427754666981,19.542428504312788
2021-01-24 10:00:00,1017.2342664865689,18.558942242821118,13.26091895271919,8.121719834065896,59.35836704650943,23.2307769589807,10.722604754553181,3.6978545552934245,5.739339931423036,4.384474368580097,1191.9548381786742,4.14626917503837,8.35595771261259,104.25680756573978,0.06963046100586057,0,143.77796860643772,239.34442838038518,361.16282094466726,18.111983737067042,18.523805317955787
2021-01-24 11:00:00,1016.5082027211663,16.330543948923403,11.440906832043861,6.411444322363357,54.480482131535744,21.32741365589175,10.37692986210703,3.157513883136824,5.039957153966157,4.329972570307775,1190.7316060045432,5.029340394004116,6.287288463683508,96.28395656300299,1.2158457129578641,1,125.9585520590371,194.92230069788428,167.43315956136806,16.32030184960818,16.65865843341893
2021-01-24 12:00:00,1017.7652326230907,14.263678908971299,10.53656233923483,6.040348827974501,55.583422018188216,20.630767537405667,9.970925360988659,3.6450605731439603,5.16551905471272,3.7047140404178593,1189.2942776562697,4.515305120806204,6.630086822098695,115.84969559509364,0.22918649268222657,0,0.0,0.0,1.4828020354179365,15.275615586313215,15.180870671369265
2021-01-24 13:00:00,1017.558296839297,12.828448574215772,8.536475944600069,5.628725218172997,59.11781991621106,18.7426124672062,8.648096750662424,3.3214583522257652,4.419188654853076,3.6426395074561997,1190.0451497538916,4.106887187849932,5.235789923699054,112.60645140034369,0.07676107598059095,0,0.0,0.0,0.0,14.624193625262064,14.121180155056877
2021-01-24 14:00:00,1016.7580111613472,10.14829710712956,9.036971854321745,4.666554590046646,54.41108144891886,17.58503320210986,8.235368005552395,2.9633090036408887,4.155701795699657,3.1705912191602605,1188.777192858156,3.6914788031767887,4.51665806912811,106.71322941568897,0.0,0,0.0,0.0,0.0,12.323585512499953,11.855492870414727
2021-01-24 15:00:00,1016.2796969122684,9.932634621903949,7.236746464317013,4.59072148594417,59.77115771018864,15.25185741602325,6.921731800864409,2.9409810688195424,3.896683909084222,3.1358757621972555,1190.1983190038834,3.5786406537467776,4.370198136525673,129.17431195865683,0.4284569988315583,0,0.0,0.0,0.0,11.41588393060269,10.854933579907033
2021-01-24 16:00:00,1017.1544664640508,7.4293692935321864,8.140171222010823,5.114176555247026,57.02026495648768,14.618154256699622,7.25391777477364,3.102281972918218,3.708819258637444,2.8605536215371608,1190.3101841575885,3.066217707144381,3.9559733040453264,124.31911486235089,0.7423296158186595,0,0.0,0.0,0.0,10.928852159902043,9.904548812609866
2021-01-24 17:00:00,1016.7772507250504,9.239291668754946,6.987410611344592,5.766930425600066,61.663492347361284,13.5832157985369,6.981764548407733,2.8946904792801127,3.4823806052817927,2.6028157812056008,1189.7429942314163,2.107990080634367,3.38995834788202,136.38871996032987,0.0,0,0.0,0.0,0.0,9.877176124742583,9.350533986064114
2021-01-24 18:00:00,1015.3770320984007,6.684030884324923,7.737344337071578,6.637780670776872,60.893800532094424,13.647404395535338,7.551491298726741,3.3324844797385205,3.48652579055393,2.6682253044222115,1190.2417112223832,2.369322165491872,3.0871291803677328,138.75020838701988,0.0,0,0.0,0.0,0.0,10.25955160688859,9.212632435527626
2021-01-24 19:00:00,1016.3873886736812,7.323005739029348,7.7418589157735935,7.293615032059362,61.48279529003391,14.830497754519854,7.098059971992257,3.201764626389873,3.539185734088307,2.6540576360047132,1190.430605891538,1.8067760411051579,1.7117183814128978,155.10432678299165,0.0,0,0.0,0.0,0.0,10.538884865450841,9.156686986676581
2021-01-24 20:00:00,1016.5552816814538,7.165057940598219,8.586700256798027,8.050711982669096,62.36873863622675,15.54759286625458,7.655061287895815,3.7003179372578834,3.611555702797908,2.6979845754111844,1190.3116430892244,2.6782133168342925,2.529627524770004,154.8400182762358,0.0,0,0.0,0.0,0.0,10.450821357548183,9.160208160532866
2021-01-24 21:00:00,1015.5274844124608,10.53740998119695,9.375182495050124,8.759927369469136,63.011665634765215,15.183292665478472,8.765931910292519,3.7662857000286163,3.7847009366924222,3.3680210276340237,1188.9215863017519,2.4230308806037035,3.669355971154049,150.45747464323,0.0,0,0.0,0.0,0.0,11.923522923207285,10.86322494031334
2021-01-24 22:00:00,1016.2984766695191,11.783650476562078,10.950860773370943,9.663218176081868,66.26929742339092,16.770861165841385,9.009244678544391,4.092342916883326,4.466294784871128,3.327965027109821,1189.9652596671492,1.8515714481266592,2.627828722311302,169.32817802203104,0.9764519431547004,0,0.0,0.0,0.0,13.746488521788464,12.77441722939314
2021-01-24 23:00:00,1014.8799491568374,13.137288748695001,12.349955956893941,10.846016403131788,69.83683003473917,18.408987893372817,9.371183272563266,4.981848167389753,4.190890291892858,3.2489720560622253,1190.7505847153755,3.720729158401728,4.031843157472551,176.5744278249174,0.0,0,0.0,0.0,0.0,15.802749100607606,14.533519219022624
2021-01-25 00:00:00,1017.0078751414721,14.057238215854259,13.085471778849135,12.033398597590333,69.97377713800661,20.292802820904853,11.616661301701182,5.011845178856903,4.958856968198095,3.8753438384810557,1192.0681466083545,1.948980082005075,5.234275007950438,185.11332974038856,0.2145388485554981,0,15.357846229627327,0.0,51.90037880276186,17.367756675235807,15.9055568714093
2021-01-25 01:00:00,1016.8303911726717,17.218019175227422,14.601027180427891,12.627584442952447,71.32464727317709,20.673009138846894,10.905242094626127,5.388777652414107,5.294448673276942,4.493525196886681,1190.3922699847892,3.7633035566579065,5.058226749032426,197.33120196713205,0.12454670832076886,0,99.96002756672367,110.03752121916703,167.88587847056561,19.381038438636807,18.041713589367077
2021-01-25 02:00:00,1015.5211813076328,18.214998267787802,15.362931821287175,12.03844701751822,73.38072060818214,22.198499959235694,11.96037789640612,5.281764314435051,5.833758297345275,4.447728273348506,1191.4153856240223,3.4875002278698353,6.558794736301722,187.73202636158226,0.30421426027525245,0,131.6202726144076,366.32981162326155,300.2804430347133,19.79503643918314,19.013474306740946
2021-01-25 03:00:00,1015.903256293851,21.680502933923687,17.572278294225164,12.685302769005286,77.7252047126424,24.487453759055448,12.639151725084663,5.880599648295789,5.7698016124760105,5.148076913050576,1191.96808667004,5.0669231717562795,5.51514978406085,207.38488028000694,0.0,1,194.6324002225974,405.2658367497878,581.8834124038211,20.397013738051005,20.390583716479696
2021-01-25 04:00:00,1013.5720624273602,22.494639542572727,16.830663475422607,13.329978039568323,79.95032291019972,24.221633138247668,12.951338661236809,6.377817643113941,6.199081037427937,4.867898073549008,1191.143118263783,4.406653111563512,7.680375164370177,190.11343908764528,0.0,0,253.43355576738216,520.8669344151738,640.5256473393671,21.43132215482608,21.734528618627383
2021-01-25 05:00:00,1014.4607156730858,22.79421393725398,17.768968302544955,12.466215708531175,77.79712040759412,25.57215625466499,12.918375594918846,6.570916139427464,6.428416792635655,5.259792602710176,1192.7617020680332,3.8833523463723076,7.262256092499369,212.60961278637308,0.0,0,306.2105515678237,582.9012798623461,692.0826010510007,21.853375169460413,22.18477451737565
2021-01-25 06:00:00,1015.034929362576,21.294537035726876,16.678871280224186,11.220023272147467,79.26942600290317,26.08104590427942,12.866295585313214,6.301244843298124,6.714014722074092,5.407327716918203,1193.1120038876813,3.9925856688099945,6.776583130376475,217.25340115192316,0.21532677562472258,0,257.9472201237523,644.2248181389524,772.5261200065469,21.72529686372666,21.777944467755812
2021-01-25 07:00:00,1014.2948490669,22.039015425251232,16.36113347049824,11.891534814488057,82.65901794370274,26.00338794270097,12.591783891081034,6.920812824903233,6.515325732792689,5.24914978600917,1193.6089251194915,3.478658163259709,7.185429640417756,240.36456710988645,0.0,0,292.3418746085456,541.4568331881446,714.6597370935345,21.84134179172564,21.808739486707225
2021-01-25 08:00:00,1015.6052004014836,22.40963602239551,14.737245791249112,9.967173962401917,86.045445186281,25.125293374934785,11.80191012180271,7.0429272667343525,6.062340463502903,4.764331689613134,1193.0269839142115,3.2917376970383434,5.420561039262067,229.85965448515813,0.0,0,278.450057624945,566.3456756397094,603.8210308510772,21.128386152040708,21.585293010610986
2021-01-25 09:00:00,1016.5112543864238,21.50587283369867,14.109266542404985,9.095328312833454,86.15017360429438,24.05976232759558,12.517681562329717,7.25675239963974,5.963164828035704,4.660034422039556,1195.289069437792,2.835676192055272,4.505715110030508,242.64843027663966,0.0,0,229.94916329632704,373.1152400870609,446.14320354290714,19.093633341896343,20.194093616921798
2021-01-25 10:00:00,1013.8505479721831,19.776418868044527,13.213968526706873,8.068228927998419,81.9851829699762,23.422285429858267,10.865945437412428,6.838569282236752,5.927210270532146,4.834014198077322,1192.6934108236471,2.179795879326135,5.413995140626509,223.66576922079233,0.0,0,164.17123169674664,346.6288103111089,325.3334127787842,19.11916487472242,19.641484566899383
2021-01-25 11:00:00,1013.9990635729007,15.956143259251123,12.602045305792927,6.802594575072417,84.34352098062342,21.695517233797982,10.424052572051012,6.430971497544684,5.148073594469163,4.149660562856626,1195.8308736756806,2.299408013198816,5.1870374224147655,242.01458389623346,0.0,0,98.90572393566714,86.67944365732275,241.41449183869042,15.864483951741999,16.47418901606466
2021-01-25 12:00:00,1014.7334436665227,15.211086614768938,10.633390355531327,5.839546163673287,83.13879289062098,19.6764916890242,9.270130864542173,6.532696657207839,4.984271146325508,4.195135302780427,1194.8904469657336,2.0697790567835854,2.713199027536897,240.81843362841946,0.0,0,0.0,0.0,34.10428274049753,15.267510328364772,15.356699339598766
2021-01-25 13:00:00,1015.7089696423193,13.640308290717947,10.028310792238713,6.355735033724888,84.33664787677665,18.465947177726044,8.521415331097016,6.312675878464257,4.609947341840976,3.6033602015139956,1195.8939969828764,1.2215967254461504,2.9393899042893388,277.25973419588706,0.7165913215815577,0,0.0,0.0,0.0,14.565842943456968,14.431245830969006
2021-01-25 14:00:00,1013.3161957754807,9.839165104092425,8.652383300785669,5.522874536038815,87.69770738640673,17.19158451132809,7.831564605906171,6.432916994929072,4.172843388015846,3.4282874638438297,1194.6799622454582,0.8906155395621307,3.866418528584748,248.5074420916591,0.0,0,0.0,0.0,0.0,12.860672710468446,12.222241145911866
2021-01-25 15:00:00,1014.3664557171251,9.337612589746465,8.391254410314623,5.329201300131183,81.01299169010332,16.61647793360649,6.879585222129902,5.456652682320943,4.478490184779982,2.874250407171969,1196.3045697055682,2.0296452011550112,3.205433190982498,258.00685682973995,0.46939141632483683,1,0.0,0.0,0.0,11.140813233552182,10.494765853181788
2021-01-25 16:00:00,1015.4965975347393,8.263486448540453,7.094950030969068,5.382340657761414,79.75265047020625,15.19700941143919,7.091459886327339,5.5943689946368265,3.6184156024338403,2.8391160005161806,1197.3596077329064,2.4303363829672513,4.190095587617286,260.0503782637283,0.0,0,0.0,0.0,0.0,11.711600554117544,10.493473833067608
2021-01-25 17:00:00,1012.5897703089174,7.062058180294743,8.198759128629224,5.164143354445785,80.24319179750134,14.811723470242566,6.842923861750824,5.632455450049333,3.6410642924399577,2.6658277323651745,1195.328961860823,2.920482194657221,4.940282591339328,243.80079293797309,0.20435044013771564,0,0.0,0.0,0.0,9.814321838177726,8.89363061526139
2021-01-25 18:00:00,1012.7573169597244,5.703486701219159,6.980619452914935,6.724185239307499,81.18122292295017,13.694696301850184,7.5284100701501835,5.001442492566728,3.3467397759561432,2.8451199301116343,1196.746503774435,3.2755871907970624,4.550156339554763,254.73964589456887,0.0,1,0.0,0.0,0.0,8.828804426902877,7.782463058490727
2021-01-25 19:00:00,1013.3137456759316,7.044604712635816,7.385279433170354,6.7135405949464655,80.3729310764124,13.942353589138067,6.835563315369963,4.831967007901433,3.656660858966273,2.8595285243962905,1195.2705568607437,4.2309845741918535,6.019460017371529,263.74324097383226,0.08382419684070025,0,0.0,0.0,0.0,10.660075227358293,9.012719319756803
2021-01-25 20:00:00,1013.106171586054,7.8426829685459545,7.997045748083801,8.134564063932503,78.37489686972309,14.686157580886858,7.520857463738835,3.98760004663846,3.8751194136937253,3.0532994947077974,1197.7425501149733,4.334157836058117,6.280621063765105,259.64184299338956,0.4740377346620316,1,0.0,0.0,0.0,10.062198812661807,9.054680736628946
2021-01-25 21:00:00,1014.0423765088422,9.239495067324052,10.832709497440069,8.40264930870604,78.09162229193855,15.685572989561528,7.983029936737713,3.6796020973587558,3.8217470208709328,3.0533673619575876,1197.6196471561377,5.465747123127543,5.758555932853843,234.2699563830462,0.1986527430239592,0,0.0,0.0,0.0,11.703243042873227,10.508222037836841
2021-01-25 22:00:00,1013.4550075570714,10.60557000220234,11.301022594996647,9.275237434160585,70.35611448807008,16.49598752109847,9.623070353106915,4.00187327219597,4.239059636956272,3.213953985741068,1198.7369476793567,5.830573677332342,6.177893388881695,249.5054952178267,0.0,0,0.0,0.0,0.0,13.907387312979855,12.381749148437105
2021-01-25 23:00:00,1011.7109150938256,12.619339131910749,12.023896242996797,11.177683719524719,74.33456596001871,19.08005254266324,9.466956447136326,3.488154186913501,4.432715478368033,3.725962962985828,1202.4002837951753,3.401198785093516,6.447681966507325,262.71283957740104,0.1785751451045423,1,0.0,0.0,0.0,14.756919285674204,13.59982185471256
2021-01-26 00:00:00,1013.4123283223206,14.972205602357123,14.102112381743504,11.545784656720162,69.37580935990741,20.441675818879403,10.820927930275609,3.28860406487296,4.771119237590024,3.794082219398594,1201.7178035067973,3.027263709301859,7.474866688210978,255.16426157588464,0.5784118254215141,0,4.467723347816046,10.374121378238787,0.0,16.94736620453271,15.804371993095517
2021-01-26 01:00:00,1012.4070841485761,17.380270584299037,15.007395480916752,11.697267931782612,69.50509573630889,21.400075339964427,11.724743789323231,2.8969841928067828,5.595587654153836,4.526267359407553,1199.083912025729,3.8319282436691404,7.054661749223737,257.7124970613713,0.0,0,56.559529069575476,148.4930270179907,196.61010107722345,17.428886621213042,17.048230459156155
2021-01-26 02:00:00,1013.7578779923382,18.78690126600026,16.65104499000355,13.094651612987105,63.47086346993586,23.320855324506873,11.927808764459783,3.050540839765631,5.639199810823257,4.577095522682167,1201.601022934276,3.6967424012635353,6.28397062130864,231.4270820752854,0.3110169470315679,0,164.1326526500844,243.4397177383439,323.32407433178116,20.018850160167737,19.315076000245565
2021-01-26 03:00:00,1012.1056344922113,20.370099999634768,15.648529843047806,13.847605888732602,64.2696619085418,24.354090268621196,11.94975206229824,2.7708124863319807,5.577937706078205,4.783301115482864,1202.3632757374614,2.962057495497154,5.352088562612518,249.37783784771455,0.2578264100972608,0,226.58315548396692,462.4204006047115,468.16598594831385,19.63043457610458,19.688820935471476
2021-01-26 04:00:00,1011.9680654571799,21.992851057053542,16.742848806221264,13.403999122357908,62.97254154117817,25.556066413172257,12.298630114118867,3.2677585837567107,6.652109336975367,5.131665609091356,1201.7412198214731,2.9071640367055345,4.6462207590738505,230.97894829203165,0.0,0,223.5069233116072,537.2162947362385,601.7757708217393,22.26087251872813,21.910251275445482
2021-01-26 05:00:00,1012.7802743275433,21.382765462185894,16.765091534725265,12.331602535303295,63.180080639866105,25.123401395971573,13.338178702439834,3.666180900401818,6.2884696748210756,5.143838091660535,1202.7664980541838,2.0292550697083094,3.936473140270783,241.80833991747303,0.023210661414745093,0,318.15144471978755,555.3050138075268,678.7592503222112,21.636420318250426,21.62647121505476
2021-01-26 06:00:00,1012.8281688606684,23.33392458905852,15.789841107423719,11.79036496006742,56.222889036986274,25.92716946340128,12.43596212600379,3.3647374031641855,6.450725391250394,4.868389656632961,1203.3661521511644,1.5271915933731717,3.594026836768436,220.03304434083785,0.0,0,250.25848774879427,647.170109365122,700.3688005792453,22.888720104909073,22.77412802953796
2021-01-26 07:00:00,1012.4473018636883,22.72701244232647,16.76165325212061,11.30428884456234,58.16120499270126,25.766535693781506,12.842567282020173,3.3409218366697266,6.777070040532464,4.946825011668993,1202.2370681225912,1.4483044911586103,3.4106745609069504,193.3347060121131,0.0,0,310.46606061859745,589.3079957361059,763.0628459927702,21.10726121226828,21.846198526301364
2021-01-26 08:00:00,1010.6119636920033,21.955988698893865,15.262729549170043,10.42760186326176,54.83914836094919,25.507973472512504,12.294023309167482,3.2076931145279737,6.270689686839142,5.250772225314259,1203.0360370766718,1.6196657365520228,1.9068467613936717,215.85415717912534,0.037713761807589063,1,247.12542177417512,530.1511958344663,639.3367560446773,22.025552223103258,22.11338037493439
2021-01-26 09:00:00,1012.263200732663,21.329368264808544,14.702618440832168,8.804180441577781,57.152799100747266,23.92842188652825,11.80844687028502,3.6631071770915318,6.027992851339456,4.86530500699278,1204.7122017158365,2.2959231471103045,2.635751475675732,196.27038682845523,0.14951497041914097,1,226.24222398163505,459.61989176172193,600.3655257470979,19.223291171645503,20.159715074023516
2021-01-26 10:00:00,1010.8784583331479,17.633029128966214,14.288587158477021,7.922090111870169,57.06554567857623,21.750034637958795,11.142575727636114,4.6269320795540825,5.504365391089892,4.26368643952731,1205.0994025279817,1.9210057590745766,2.891287481041276,190.12955809966974,0.0,0,160.20388410598403,326.7482648122119,328.05048150677413,17.38989363805479,18.04159870479571
2021-01-26 11:00:00,1011.768144165751,15.688868651919034,11.632421544399298,7.069878684242379,57.70266756440903,21.01206441177377,9.811811861154677,4.44686527601191,5.061261827728295,4.3810052674660795,1204.737827634733,2.4108894622182597,5.201675719471842,172.44149510911527,0.0,0,76.90326255264164,167.03840622674642,220.35936372817696,16.992428080458335,16.762628380599693
2021-01-26 12:00:00,1010.315927479806,15.191662691726542,10.311822475364718,6.352126164513437,53.92994109138325,19.969476007144607,9.013780736008982,4.925833023662704,4.966722747080789,3.888148236026062,1205.083476383071,3.2851084220221844,6.323280082866901,196.22199499006032,0.0,0,9.021732787606416,0.0,0.0,16.141392923576735,15.836081724865531
2021-01-26 13:00:00,1011.6880234218655,12.924465840589882,9.395782696504181,5.453834462893993,56.98278005077043,18.479027842136546,8.949291653679351,5.478361550249695,4.6843333871612,3.51451715537522,1206.203424660827,3.3452279875507727,3.9488019503215943,167.8165288421589,0.35632466858153367,0,0.0,0.0,0.0,14.35072688720037,14.120301996226674
2021-01-26 14:00:00,1010.5628811288276,11.119123860234303,8.82564242217589,5.0735580901642106,58.23291578061809,17.841874061312453,7.762004226748256,5.9804982465236876,4.311105081642145,3.1710254548732233,1207.577457016572,4.393979167915187,7.537426908870394,181.85850353577098,3.416880738535197,0,0.0,0.0,0.0,13.194020615887723,12.634863210679692
2021-01-26 15:00:00,1010.0604751179661,9.019656797886979,7.29419722792719,5.552359351589469,52.85531307261972,16.04873253320982,6.399464140523531,5.960082615767218,3.843087612126349,3.351457756839891,1206.9945820409187,3.666079908802229,6.801427906394085,154.98204477587012,0.0,0,0.0,0.0,0.0,11.841309647867329,11.027568567227288
2021-01-26 16:00:00,1011.537372893807,8.53684434169246,6.808990341055522,5.635633262051291,58.23430878343031,14.844612716909124,7.415210461529186,6.204641845439875,3.7050134541927333,2.5676698410576058,1209.0541790854095,3.7120682006831283,7.779791361351379,143.36093651245363,0.0,1,0.0,0.0,0.0,10.038145712673535,9.510047032710283
2021-01-26 17:00:00,1011.0407601333,7.925440579781287,7.5322424084240005,5.756434539964849,60.01672240319157,14.188249403874908,6.5912224082510935,6.546413091940072,3.183669261500813,2.6733825935652273,1207.0756390669071,4.432564595925049,7.374789229692344,159.38583080104274,0.0,0,0.0,0.0,0.0,10.538216076612619,9.584816442166762
2021-01-26 18:00:00,1010.2388660601879,7.338787605766069,7.412637216290982,6.900816790620499,58.875945509426835,14.552091691084847,7.24665461763836,6.6065232442410275,3.5920334041390958,2.824025353182248,1208.2832797452043,4.327977256052176,7.884366850448825,139.26665250999787,0.0,0,0.0,0.0,0.0,10.085675379743314,9.074918216254698
2021-01-26 19:00:00,1011.7751492779188,7.090013468804232,6.746146218766797,6.896215353260622,58.44703140981893,13.90938981618686,7.871372102130565,6.76462140091323,3.583392429520404,3.1565616222338155,1208.0324102503503,3.4031441455507845,6.45336916605906,133.47816501836456,0.0,1,0.0,0.0,0.0,9.962592622227838,8.850877081402672
2021-01-26 20:00:00,1010.1474780627442,6.596414198394417,7.989376273193789,8.670438724124024,64.38591151221934,14.733705683423073,7.75842131766557,7.051991529531191,4.0956940731599145,3.0715411547287386,1209.2482149842576,4.116423886987079,4.593276719600999,115.76073182224562,0.0,0,0.0,0.0,0.0,11.23691939839142,9.454757208954089
2021-01-26 21:00:00,1010.413193315597,9.881611096133671,10.417815093574797,9.275411448306228,61.86073085940821,15.212730252811609,8.740712456104848,7.037058303566897,3.940835757505999,2.982266939469591,1208.1284773596583,3.962468404885119,4.915460092981442,118.85522395811371,0.0,0,0.0,0.0,0.0,12.16831667806894,10.760854910633944
2021-01-26 22:00:00,1010.4919355830677,11.855210066352251,11.09226295022714,11.399991423305455,65.76101145444032,17.709453024347603,9.10757726771669,7.395936567336134,4.061466129570772,3.705870690821353,1211.0628523304197,2.241446707256288,4.728484550234131,123.00340278679191,0.0,0,0.0,0.0,0.0,14.38333266313366,13.076043778888309
2021-01-26 23:00:00,1009.672236068073,13.380638527568614,11.809858644168362,10.573374467750504,67.96185900109255,18.643335197885676,10.449691556334672,6.9671550048989,4.601626805528454,3.41839246593598,1207.645191861896,2.908026443773086,3.541655899399421,101.47603651929204,0.12293277962841698,1,0.0,0.0,0.0,14.724507449561829,13.958145611582088
2021-01-27 00:00:00,1010.4379827732575,14.38425030084258,13.392396204689163,11.59368626271113,71.43107610340785,19.6462383519979,10.171165148882247,6.962279917187656,4.934440039996802,4.0530672330710065,1211.2260454026318,0.6831008890798862,3.7941345701532865,105.32709075552701,0.0,0,9.015502114433176,28.447511826955623,0.0,16.262029924640235,15.360376309130078
2021-01-27 01:00:00,1009.5294309772246,17.542208436387504,14.670167724758606,12.660454091581698,70.70462976427562,21.4956867654559,11.333393207794185,6.317831850893334,5.475170141407843,4.4081397832734535,1209.7492467319996,2.2578060544431433,2.9778265830632313,103.29091266299348,0.22006221024730788,0,90.41502588789709,137.90942980104572,174.78579043907044,17.704563036148183,17.165927475912174
2021-01-27 02:00:00,1009.5240873869778,19.602370795572988,16.03584793445586,13.037301432999877,72.51311829888208,23.254825381603123,12.255522571042547,6.390606677379143,5.755378412345033,4.423776883359908,1210.333900589085,1.2908685355199174,2.553977038683683,105.4889983842674,1.2533578767008664,1,156.3293181408122,344.1437510895231,333.7922594506176,20.64187122739603,19.91704670078899
2021-01-27 03:00:00,1010.8428738701917,21.74802562295177,15.743314561988381,13.779629173982293,75.9380824430026,24.117281230758167,12.42431175987042,5.855403730679782,5.808670831569297,4.988046747801512,1211.2114083090432,2.362203316066304,2.3991664857818966,117.52153035325713,0.1614265325138856,0,221.87489987248273,391.00728270900714,536.2422648256479,20.259390616262216,20.532996394831223
2021-01-27 04:00:00,1008.8218781261958,21.31492628331588,16.45505429104317,12.580825145606061,79.51278095523939,24.92891711185029,13.305179256285417,5.763130939310676,5.971889448037843,4.936452458753125,1210.8028804488488,1.683738114429137,3.4009724746002012,98.21584842919361,0.8303440379914494,0,278.79296624988086,518.4578717552579,623.7949463941424,22.24779649342004,21.93961331032376
2021-01-27 05:00:00,1007.6280028567876,22.568888401131638,17.132830104128374,12.796497096887103,83.70632143643707,25.468418114742235,12.82145726071709,5.484999274956837,6.501470379960203,5.298139477050473,1209.2562684597528,2.521130046363223,4.479617033108909,93.39941752853476,0.0033812254104467754,0,290.84905353185843,562.3865423911964,735.4917244653859,21.302801560341663,21.62114197898529
2021-01-27 06:00:00,1010.7532156900768,23.52309043580042,16.72676515538029,12.25181203926142,77.59163931824068,26.169480949620556,13.767948194175286,5.009973768800283,6.776622908213848,4.832080901482758,1210.6000895552627,2.5949422017290966,3.432486556595265,127.46370632024671,0.47959204625320917,0,293.0700677254869,630.0524795607996,681.9273354010987,22.273999284984193,22.630505440110365
2021-01-27 07:00:00,1011.4125905070241,22.767593660319292,16.517419241049176,11.231065474737107,82.53098413994161,25.616527818129097,13.534635639305135,5.13416878896112,6.4647583162439535,5.226106209592662,1211.8537693201804,3.337685837432301,5.059979158079275,95.97257061742602,0.49185754879051136,0,299.50515665921773,560.3681615521157,652.9107419189444,21.769074224826657,22.28180651534588
2021-01-27 08:00:00,1008.9600604602537,21.14607390883965,14.783174128391897,9.594352118558042,80.81731100429796,24.969273555325287,12.361112463730151,4.601555667170356,6.461697576460707,4.95680915000261,1209.057927241522,4.750585907057721,4.688221583553556,99.30879814733139,0.004540091887558717,0,271.8149458875714,549.954566949105,626.8573319017662,21.610714129025364,21.668086003673025
2021-01-27 09:00:00,1007.6484997395037,20.947085649011076,14.511367176474518,9.504698251209714,85.89581547408278,23.574609809591582,11.878634348702438,4.235449066565828,6.263222002620541,5.078468894017422,1211.9953119171453,4.071864126623061,6.238390924386436,99.14747020496416,0.0,0,229.92565478033933,448.0424744154899,546.4348408069735,20.450915134816054,20.67923157946835
2021-01-27 10:00:00,1008.8658830117583,19.40506314367056,13.654493001000919,8.400148998106477,82.61179829971758,23.03882028826354,11.430610378747595,3.8672820191009154,5.803358369158923,4.591203854045801,1210.1671784933067,5.335400890878791,7.927467293454199,102.05689932603113,0.0,0,115.7521448021904,284.990034103473,391.25345480410266,18.515396872303516,19.10256675665141
2021-01-27 11:00:00,1008.8042549386713,17.132126388251955,12.05245266388771,7.1894665694526925,83.52237648424249,21.462302551219235,9.71040121533487,3.820583277308069,5.225330270081516,4.560428760867062,1209.2260304909705,4.087343798369458,6.020722400641357,108.27292566722741,0.4567515762145824,0,73.97508311706515,228.48013071976473,197.26404224514442,16.644320557127013,17.18038340288978
2021-01-27 12:00:00,1008.8029759553075,15.153709449025984,10.591954836574057,6.212314711285467,83.82145828187201,19.839175825679035,8.879192001783743,2.9805553329372816,5.039061617009117,4.101522553006614,1208.6172757783431,4.871715376823174,7.294578604257945,119.92593247317762,0.2681517172010346,0,0.0,0.0,11.633125113390062,16.375976483580235,16.18383221064243
2021-01-27 13:00:00,1007.9886586233524,12.748353508,9.28850881035929,5.597508243716289,84.71927504316757,18.546471068129367,9.165888365582301,3.3946713820263024,4.853186009866349,3.6639154540673697,1209.1125171905637,3.022777589336111,8.564635321222951,118.50771368961458,0.0,0,0.0,0.0,0.0,13.494085308621237,13.556595979526639
2021-01-27 14:00:00,1009.270296074254,12.034795255001342,7.914593169298508,5.090097871295979,85.13528258805346,17.374001131368022,8.123337460123265,2.8321356315756825,4.3559781099200015,3.557533861922874,1207.1801762453556,3.301371658634297,6.846870791657253,129.4874001841457,0.47041875369457276,0,0.0,0.0,0.0,11.13560358946489,11.60231399362927
2021-01-27 15:00:00,1009.1564050784583,8.712661221908778,7.541554444362355,5.256740473388771,84.82559577488634,16.108142048850972,7.408921438933663,2.887132176186654,4.088988896785915,3.310283555481572,1208.494820772825,2.7319450073373552,5.106810704313022,133.87174425115015,0.0,0,0.0,0.0,0.0,10.23985825523352,10.127299546867507
2021-01-27 16:00:00,1007.4743484852223,7.660672235789834,7.754324066061783,5.1642789222521355,82.978845964401,15.080211827743241,7.160157663528098,3.1426629827879164,3.6084526459849746,3.055151516356915,1208.397326793989,3.3242266140752084,5.002707277985859,130.66251228123554,0.0,1,0.0,0.0,0.0,9.561269636578778,8.958829024181043
2021-01-27 17:00:00,1009.1652718220461,7.280283249156698,6.944133520003262,5.226060320449429,79.2405180594873,14.084109902947711,6.051310334532967,3.3672587915303334,3.5106405086172967,2.382428733528078,1207.312292030342,2.2570005004255207,2.618678538677464,137.87700479255432,0.0,1,0.0,0.0,0.0,10.435783266681385,9.230641607666481
2021-01-27 18:00:00,1010.1871153646148,7.615267819390625,6.77841555969777,5.79373650468031,82.06217401841863,13.716500832029379,6.983575340693463,3.03723386609472,3.4762545378199268,2.6034879018471204,1208.8380151386539,0.8301253902564953,2.0092174697027,151.0873667626859,0.8607687737117115,0,0.0,0.0,0.0,11.35865556931855,9.811052783812292
2021-01-27 19:00:00,1008.6246418442004,6.224432170621279,7.522386805886533,6.749979156690296,79.02550410780475,13.68248722160437,7.013024666726497,3.365402138226498,3.5408436600590383,3.1177101777543026,1207.5526933267804,1.0646850937223482,3.0533429812390986,135.0784397807192,0.0,1,0.0,0.0,0.0,9.164455011300467,8.197071222344192
2021-01-27 20:00:00,1008.1624125821322,7.154589044888604,8.702497321566229,8.110102241691969,79.82346958002952,14.507269323624268,8.11894498820678,3.733931195127178,3.934553557525799,2.709580344371609,1206.7956537101597,1.2134187963944276,3.34927294475031,177.62050055632938,0.38692836522521523,0,0.0,0.0,0.0,10.65977401602906,9.11817649643278
2021-01-27 21:00:00,1008.2669997659175,7.916735795093254,9.480440163070671,9.04762293631784,74.32477392651654,15.767184360448953,8.740418434792984,3.9627267990608446,3.4699050825525335,3.327964092589295,1206.745733876797,2.3411921221363046,4.143472619830501,154.168625086522,0.0,0,0.0,0.0,0.0,12.255527636811097,10.40568888759326
2021-01-27 22:00:00,1008.8243032810889,11.022886657677272,11.133950450219334,10.177718491735146,70.67773622183584,16.606856939173746,9.276730289154195,4.486766125595679,4.256107660916364,3.5412905313559313,1207.0464135369045,2.5668798492356144,3.2594150675058353,162.59849657095538,0.03548458721349895,0,0.0,0.0,0.0,14.461041333344706,12.61985683369013
2021-01-27 23:00:00,1006.9022552601334,12.1466335671353,12.452378490061536,11.250692491881964,71.88984087793457,18.49511429894363,9.972903284597892,5.339889167863042,4.595872157207256,3.5442666735605766,1206.3664251209652,2.405174097196069,4.470676100837977,160.90853083344967,0.0,0,0.0,0.0,0.0,14.560671373721993,13.42649421466861
2021-01-28 00:00:00,1008.3762299809061,14.730814922987348,13.92209262350901,11.618495993231333,72.59190537656863,19.517271661043985,9.997069292897002,5.083864141705167,4.72569977171115,3.6009536745766386,1205.1768774348373,2.725745103191202,5.127289245242362,168.17849192045585,0.0,0,4.8144058115960044,0.0,9.335231490692365,16.953480393371038,15.676787001839754
2021-01-28 01:00:00,1007.8935301660888,17.533517093744322,15.375329124490317,13.079199027639632,68.36399138993137,20.722418326111583,11.572936431959548,5.200257067701381,5.522582010971266,4.1968003345334335,1205.5720438241908,3.802820306748376,5.578925002190133,196.7128001087097,0.0,0,68.0618357224441,136.2768614530287,286.6401047370874,17.973692671328745,17.37721711468143
2021-01-28 02:00:00,1009.6486308789194,18.550920095451833,16.165910616501886,12.77132348098927,65.71837472511665,23.40970306043227,12.238017107235265,5.424738620523517,5.605099961610983,5.015603008726576,1204.9493240424338,3.270862346376497,6.227595318465841,216.59378698977648,0.12417102604560337,0,136.49319127127856,320.3738386744637,366.5799937489371,21.068059125359582,19.908593063140355
2021-01-28 03:00:00,1007.9988122109676,20.81875166541264,15.955326727343746,12.826202786399683,62.5190544792089,24.005433389436295,12.998553524181895,5.934949217282877,5.989253641909172,4.675872678981972,1203.4004407742468,4.354667513894945,6.048287205457226,195.03312250011814,0.0,0,198.0620031069419,449.20452189705213,383.01341576622843,20.73172664344156,20.42636191673587
2021-01-28 04:00:00,1009.4435720852265,21.718666694849272,16.423761637090273,13.041129513858849,66.0155329333617,24.77763559609466,13.691575582596435,6.097525242167312,6.66879448722746,4.880379015621467,1203.7788617372507,4.466509077350985,7.193381432732383,210.83477674732848,0.7277719294347514,1,259.6802261886304,565.4473571524815,535.7235643212416,21.683106817840255,21.562343514228367
2021-01-28 05:00:00,1007.2007329039546,23.197886630880056,16.958466488466765,11.699925608459505,58.80937337509963,25.24863138708569,12.31724880709276,6.625598844633047,6.650883469341414,4.9595945094849165,1204.163017765874,4.142955282382486,7.125655490180475,216.0111268963778,0.0,0,299.03948420996585,554.2043623242162,663.5979158312236,21.97218823599737,22.240584603545827
2021-01-28 06:00:00,1008.5313656304666,23.332589647143607,16.55109476700829,11.470613057499435,57.94260976694526,26.2115179873652,12.784809003276441,6.822455134725724,6.614897387829023,5.442956895309904,1203.662308203646,4.324672007442627,6.380041394804046,230.00244562416765,0.12320323016414902,0,271.69686121028167,598.8076214935628,659.8087045893838,21.721213051051983,22.345558237049097
2021-01-28 07:00:00,1008.2982959041639,22.24305302299034,15.662326286250332,11.341635461325557,59.23976828779956,26.48300881346841,12.38884998273317,6.786751600666824,6.525044126362487,5.110527849221865,1202.3582261186218,3.886671069129848,6.81819463219194,248.0732595532576,0.08445098430916492,0,280.7992293353672,554.1424104721846,681.3172386923798,22.181490830989596,22.36954620141288
2021-01-28 08:00:00,1007.3321527248668,21.810147002895313,15.17708192998528,9.28378188370301,53.29757756345995,24.994615492203653,12.317286540593305,7.366606508781166,6.266102101187612,4.914049238751517,1202.7558897029637,3.693335933701689,6.50630555739725,246.63274295473838,0.0,0,264.06464141427955,526.134741292535,591.4889815350188,20.175276522115773,20.89416061744184
2021-01-28 09:00:00,1008.1573302230439,21.387474627896687,14.095546371529307,9.388624407881268,58.69098834309336,24.134858999787966,11.66295461984779,6.852910536152021,6.460535624853835,5.131222940862922,1200.5843891534178,2.3329488457599417,5.541901036780352,234.18194968511645,0.0,0,225.0045597391819,393.1324813011233,553.2783234721483,18.596710399815183,19.776416947297577
2021-01-28 10:00:00,1008.9768673956924,19.27536380917796,12.772777321431684,8.51287365212405,56.759498834098714,23.535815919944604,10.860308975265744,6.945729292444781,5.910433526288065,4.715898817587121,1200.0962967944834,2.86262480394098,3.4820050573000803,246.5712318066146,0.08273945841042807,0,149.48154495840353,283.03613077997926,295.4334276411727,18.37614607134357,19.052649789285134
2021-01-28 11:00:00,1007.742680011693,16.09267892039441,11.651148647235532,6.8018506264070195,56.926789223015064,20.647691418435993,10.596321919482266,7.007217774749782,5.238318584860737,4.126724805780978,1200.272104599136,2.677676772158641,3.794141394116524,251.81274197054154,0.13136783346387626,0,82.53587620732313,138.53140667067012,170.79836246292288,17.455904347184198,17.388016909785815
2021-01-28 12:00:00,1006.6464298806642,15.458932642820162,11.11162439185253,6.247300743372469,56.11623402389931,20.98343432145648,8.96342632314261,6.9104617863228635,4.719979544356506,3.755283217787673,1201.4975661360872,2.0346426853624795,2.538803942140403,249.08112599107847,0.0,0,0.0,11.734437761088513,10.862924363759426,15.052533362999378,15.31015501656383
2021-01-28 13:00:00,1007.9876631139402,12.170220203474372,9.436069632266744,5.954699873638883,54.80608004448011,19.669135880547987,8.246872213082112,6.787604190546591,4.725139032744055,3.921051138852955,1199.6398920641086,2.020357846579878,3.107628291015448,241.54526162796475,0.0,0,0.0,0.0,0.0,13.988148106217034,13.754283811021839
2021-01-28 14:00:00,1007.2849138503931,11.988759148972756,9.567923283711968,4.934876512974315,53.38481518535311,15.646831235289998,7.6040519625348315,6.371274515171727,4.238826174024321,3.403357632748351,1198.6793495576578,1.664790262379248,2.3043551363596526,247.18764747724245,0.2297981690172931,0,0.0,0.0,0.0,11.763820061551453,11.881014854695216
2021-01-28 15:00:00,1007.7415405804032,10.06001493839649,7.662807833592123,5.347536627898186,55.86165612988069,15.708607698422451,7.355392502355221,6.21018254015763,3.653552194830974,2.8416590586049435,1199.9797933508044,2.3198332582117276,4.289679862314915,268.75559261241744,0.0,0,0.0,0.0,0.0,11.992595515314939,11.508874916134
2021-01-28 16:00:00,1007.9621203074105,8.274716602867331,6.979438252652947,4.883365463021883,55.059146319728185,14.444374061358557,6.6642722560108885,5.551018652245737,3.7866791274656513,2.604146378079958,1197.6339446566187,2.1969996713974393,4.341089955842815,271.29770019919715,0.0,0,0.0,0.0,0.0,10.92145222560953,10.130552726842025
2021-01-28 17:00:00,1006.6782539203185,7.3826563800928104,7.005714214630753,5.374429393257171,59.07201051578419,14.07205915681324,6.986298327958889,5.5309127474039315,3.497305828504097,2.61768126541317,1199.6465427862609,1.9814031724493324,5.238351157622584,257.61990219894784,0.0,1,0.0,0.0,0.0,10.090202931032366,9.140993344072722
2021-01-28 18:00:00,1006.7690316255678,6.853677420780806,7.3515635435937545,5.893438576881378,61.006957943297984,13.790807465192039,6.993604188623921,5.180945830031281,3.606132985105494,2.5521030823793938,1196.3985469326296,3.4101080774416275,5.841377672156393,262.6105539406009,0.46172194161243785,0,0.0,0.0,0.0,10.131212881066784,8.899545540849193
2021-01-28 19:00:00,1008.4693789306007,7.747560155667429,7.9861373288547,7.187852537829059,63.822195827265475,14.610324591505236,6.999637316804126,4.955280979616884,3.6394593034825706,2.4316736142728246,1195.4045917752958,2.6275530625694365,5.467560517392334,271.6682140606361,0.1367051211990591,0,0.0,0.0,0.0,9.552286256374586,8.69631340585873
2021-01-28 20:00:00,1007.6910870393951,7.81225205110111,9.640427835857906,8.484436965698544,63.24353528110583,14.747562623809419,8.101222836383297,3.982272514902943,3.579309090014586,2.740868118128984,1195.76627159439,3.9770137647367045,5.945087424551156,241.74193152064362,0.0,0,0.0,0.0,0.0,10.319970951660753,9.307179607121844
2021-01-28 21:00:00,1006.0863549245552,9.508044659955521,9.244536929172341,8.984760098045083,66.10889922771399,15.30190570578072,8.318605912124704,3.818563376879783,4.065908781105016,2.9676557502473684,1195.2110107417675,3.933721599896283,8.125429870529004,252.81054179473688,0.17992182969921455,0,0.0,0.0,0.0,12.128917305674204,10.826199356058568
2021-01-28 22:00:00,1008.7982460978411,11.610354056563448,11.320821837776528,9.583081310454602,65.52342484900173,16.913907419352313,9.47111714111489,3.8790529745004063,4.150418983472989,3.307463742323061,1194.1922800236507,4.056187204063507,6.837519785886473,275.3541234776993,0.0,0,0.0,0.0,0.0,13.841978040377512,12.633982037360697
2021-01-28 23:00:00,1008.4237971298785,12.536183058711803,12.294831908493974,10.617284509548718,67.08555284068272,18.70447784786599,9.736699884596398,2.9376382177857896,4.525195057710002,4.0279991549025,1197.1555837280082,4.366244453878982,5.88595099204683,255.4977001249655,0.0,0,0.0,0.0,0.0,15.37206108777799,14.098835525829262
2021-01-29 00:00:00,1007.673617559295,14.56866508200646,12.69205216202141,12.02726413214632,70.94734378163355,19.408139336117316,10.586330037092589,3.366350427188788,4.893545718675714,3.946631345580337,1194.4407740448805,3.771188929510767,7.538024194501528,237.98987145572065,0.4364308671173531,1,0.13180724468145977,15.263348062511177,13.766600113058065,16.381240775412504,15.351338194555886
2021-01-29 01:00:00,1007.2333283756925,16.23449652431306,15.04889877940521,13.230581525659215,71.18494713786697,20.729797426130144,11.111566238088134,3.332575643414456,5.614423453215037,4.277067886574184,1194.1710456631733,4.091726899656416,6.400595753984051,246.70498647885645,0.0,0,83.16465550275636,158.22018518430332,288.44424595306475,18.57097323415166,17.38650783387023
2021-01-29 02:00:00,1009.0007441845655,18.254869077711554,16.30179303471768,13.035897811534024,74.42065725419299,23.99637140041757,11.983439312811734,2.915109444465502,5.693885522389105,4.701851072759769,1192.8468146692744,3.4730245026344115,6.888795585834586,251.49791137220143,0.0,0,161.31126890203114,272.3051672055817,318.5901837721503,20.356237062058604,19.21263398531001
2021-01-29 03:00:00,1008.6600828354918,19.376977531483433,15.993858057529092,12.844814960051783,73.61786710680563,23.921427347265148,12.78536898512728,2.9139619999776176,6.335148807892692,4.801064523210561,1192.3512628033893,2.6913530242938806,5.194375742384648,211.10321312163776,0.8503140394020002,0,219.89174604374054,456.3594749091487,435.70259142592187,20.59180202086319,19.937555957045504
2021-01-29 04:00:00,1010.3383545379343,22.43908338258638,16.871061926432432,13.154648605665972,75.7367446350474,25.127475929246867,12.679757964716245,2.815557024527605,6.655735079714029,5.119261077318668,1193.594110100944,3.22446359869978,4.299958523471276,233.18586694683395,0.0,0,252.4028938899579,508.80702145416234,605.6758823046922,21.655491897920136,21.509612614121192
2021-01-29 05:00:00,1008.8232244572307,23.99364678977044,16.13367509569283,12.33873023517488,80.40224003716727,25.59665725482159,13.201637861535266,3.0163053344818933,6.301144912062705,5.215233966937221,1190.5526986128405,2.266767412557275,4.935321427646716,222.16196936215928,0.0,0,279.55564989886886,518.5362899363829,657.4575852960486,21.796921582238074,22.44242715417341
2021-01-29 06:00:00,1008.8551298920677,23.997730260429215,16.147279215785865,11.635512750442983,82.37998186861034,26.27404385204107,12.615100949105443,3.1694354920387537,5.915800937060613,5.224517713119849,1190.7669655834602,2.189567441792493,2.037176116401568,203.58001873563114,0.41930025969552565,0,340.93977764579336,592.1964711095468,576.7329345265952,21.89424120628706,22.735024307345103
2021-01-29 07:00:00,1008.4723720926033,21.589147468273993,16.755504438539408,10.565822699570695,79.92898776643516,26.68194991927994,12.989376863805102,3.3313428588689487,6.657790648087859,5.712404208430675,1191.365985814938,2.428044285831337,2.562094650293173,214.6287334905588,0.5874892496490091,0,278.6484014481628,587.2150875481695,643.5290379027784,21.713307179423342,22.024930713786887
2021-01-29 08:00:00,1009.3232936748384,22.43560150036483,15.164719574067929,10.54213019302626,84.33160967777944,25.48611934357126,12.016321334314432,3.566889145070027,6.230643726204626,5.221455653350194,1192.6907932677898,2.4198391889813173,2.32049411649142,205.9968091484489,0.19287563654442963,0,233.97354722937365,486.8750143645558,623.3970403393457,21.89265162750444,21.982863471834968
2021-01-29 09:00:00,1009.236867339228,21.652328694438953,13.778401350869903,7.925911562109828,82.7927216415987,23.483458113349354,11.998265825852249,3.9457990430222956,5.887422889153439,4.632183740482524,1190.7154177851469,2.1640597020083048,1.5118853695724654,200.46462108622583,0.0,0,179.3576847949155,419.53685650753914,492.07335954281575,20.347053666409177,20.98665459850997
2021-01-29 10:00:00,1009.808027167125,18.68023301348318,13.223431373541606,8.227562705692186,84.52189774673658,22.307938286495915,10.978332421471329,4.259338850217404,5.632256378769451,4.674044437237868,1191.2806969808482,2.01304700690256,4.412965923040147,190.4092480109075,0.8880050500511086,0,142.93622225740575,297.14068653403586,311.1769294152887,18.96137350631511,19.294731661325702
2021-01-29 11:00:00,1008.4623107219801,17.141565562275183,11.547837174597488,6.76413478641748,87.70556175218844,21.353431882951654,10.793661668278203,5.027530024638363,5.305265803380572,4.152235492791078,1190.691924414416,1.8405219199080403,3.870024982162335,176.75908390027098,0.0,1,96.44538994409292,153.05511129047986,183.28960754956836,16.694320395036023,17.104018579612887
2021-01-29 12:00:00,1008.60658904977,13.59447486443687,10.286988137805565,5.966439343821282,86.6149744680459,19.865883400233475,8.942364917113217,4.9211629713765745,5.259438618138774,4.089250152811992,1191.7856932499853,3.1033453502398425,5.724294433317213,165.451971664018,0.0,0,0.0,49.38567478861827,6.1536239621569555,14.862094410844145,14.887110196956982
2021-01-29 13:00:00,1008.6499507618142,13.116162956763553,9.706113624479668,6.183991102145638,86.46341689665155,17.586110094611627,8.072850090714462,5.416126398572201,4.643753680209735,3.4143796624553318,1188.7560187188963,3.9919183442320243,5.995309479638962,166.12064117744174,0.0,0,0.0,0.0,0.0,14.109975044196883,13.784196995374549
2021-01-29 14:00:00,1009.7469115696583,10.255508189395702,7.7511520662170375,4.835939751311695,88.30646811124996,17.409670460087224,7.7672551725838055,5.568663693356094,4.506719726021628,3.1784441103832046,1190.9544871963847,4.012781302289162,6.771289192675255,174.70066692740588,0.0,1,0.0,0.0,0.0,13.242485042774316,12.476792516528048
2021-01-29 15:00:00,1010.3966697242372,9.482890263045634,7.1248711342413005,4.7283987580763505,82.45043430556967,15.214199033939941,6.945679158111831,5.882080844831718,4.0381838520758695,3.2202533750741615,1189.924217664306,2.403541000035829,6.367731222896371,161.6251793290656,0.0,0,0.0,0.0,0.0,12.389040168258001,11.342472895125564
2021-01-29 16:00:00,1008.9172034780936,6.978954724192323,7.201511135696031,5.099667285506316,81.01863110678153,15.55049835835628,6.602614384604337,5.944701111826536,3.639115749533254,3.160303338178286,1190.9796652402365,4.715281156329098,6.358216990836368,151.94665523948106,0.0,0,0.0,0.0,0.0,9.058724132487534,8.602406699997445
2021-01-29 17:00:00,1009.0333091627041,7.652594146821836,7.488352668677419,5.7310092649152935,80.45605556391149,15.1147613408685,7.254347227662553,6.2178156366757165,3.4730398199245585,2.9414178782037306,1189.194422546354,4.7459996563037485,7.041424206200204,135.79285757002975,0.0,0,0.0,0.0,0.0,11.546198915117511,9.887711094404814
2021-01-29 18:00:00,1009.715727873163,7.717158872798683,7.84239770511692,6.036430849694239,80.09759961098496,13.875873233683912,7.058128749111208,6.490651151638286,3.61232175014992,2.9708234669070435,1190.0243930698628,3.975221928056603,7.467385354215396,136.2608506714576,0.0,0,0.0,0.0,0.0,10.280167177280457,9.245279146591221
2021-01-29 19:00:00,1009.3616179215209,6.724367486486807,7.435979490088376,6.421250085936808,74.4223202065471,14.423931362474661,7.122370971722063,6.916124608523825,3.715196386432934,2.9156527202058826,1189.9111979415416,4.329804730219282,6.245269614986114,141.48546067548878,0.0,0,0.0,0.0,0.0,10.933789632849908,9.398939482251448
2021-01-29 20:00:00,1010.4159898907176,7.275950962737164,9.070760656388138,7.6749700723195335,77.08514352660642,14.18787396625125,7.596931295838602,7.184850237081328,3.9003204314635114,2.9952687352651366,1189.0523455749967,3.75860889352009,5.122491228545553,133.6248288499322,0.0,1,0.0,0.0,0.0,10.085340480290503,8.878847151831613
2021-01-29 21:00:00,1007.9513379258537,7.833929620722488,9.275126014925824,9.570938813477671,74.65111002168669,16.069197476120163,8.10351105770881,6.642667094620896,3.887032125945003,3.050733207724434,1188.8427035811017,2.6572466038590297,4.040785526881382,118.65946880734953,0.0,0,0.0,0.0,0.0,12.059968657879313,10.285856244318783
2021-01-29 22:00:00,1009.1920340072173,10.813510526147454,11.804403482141232,10.121491690073904,75.44980521133333,16.750903788282873,9.706205862629886,6.85980014575465,4.285041171280909,3.5626003617433715,1189.6381126307988,3.1910243717854545,4.4792901256076965,92.60242303580354,0.272628258166422,0,0.0,0.0,0.0,14.027445904080775,12.2949346170937
2021-01-29 23:00:00,1009.3302597877872,12.522331885182643,11.624071096977081,11.230802151944998,72.66273164132092,17.903468068590648,9.520517542020976,6.606007099701754,4.728579514197271,3.8943929924422935,1190.4706728661042,1.5306376458544628,3.271170752684123,107.71936015526508,0.0,0,0.0,0.0,0.0,14.32858522998219,13.349760688207093
2021-01-30 00:00:00,1008.2047889286287,13.914286411356134,14.14184043870248,11.764855880728827,68.79860674446154,19.85533250587334,10.067154433151748,6.679195388742181,4.923206994812585,3.9873768617340106,1189.732522612744,1.8455446395607806,3.2105567225193594,105.89102252113882,0.0,0,0.0,6.594033611130245,35.32711464214748,14.86601367790024,14.276529592356573
2021-01-30 01:00:00,1009.3970580598808,17.387665490238753,14.335306334948495,12.229135881832212,69.22202880742496,21.320040266412494,11.655099446955367,6.747242784979372,5.161240560893241,4.287197645767303,1190.3341221720002,1.641248764698082,2.8393614681766493,98.4243176600402,0.15407494324221682,0,67.27206294956109,174.2056849728299,180.2414248958309,18.325049431758792,17.429088993318384
2021-01-30 02:00:00,1009.5446799322481,18.685020732694667,16.67460448171305,13.549435591758439,67.56424044310981,22.837420298498067,11.899955679686814,6.1961987390514945,5.588745786659561,4.918281162344435,1188.9787480690904,1.3070308449897357,2.674839714227942,100.69283250573038,0.0,0,140.5975568475826,317.70883507326,333.76550753896663,19.4738925477128,18.96374053533716
2021-01-30 03:00:00,1010.2266234528053,19.903839078440704,16.718106623844,12.924296837491855,62.72265693494086,24.71748063852745,13.31598593820158,5.990496605560081,6.012453083270222,4.84444378146061,1190.7192848376326,2.0260639089046975,3.50299204103871,110.89143517882684,0.0,0,220.2695889263312,384.90386416297986,432.8360525245846,21.509804723587752,20.684595713667026
2021-01-30 04:00:00,1011.3903727133282,21.540002546327106,16.367520595674282,12.670827067115031,61.51395148923531,24.8034986263887,12.633809402106689,5.9750859659298285,6.431479533520701,5.054367658614507,1192.3633326087806,2.8195605571939977,4.158028047942161,100.84241522945831,0.012472511932996921,0,249.71183242368633,455.6955878630095,569.8612598900097,21.37374246842225,21.19482197940123
2021-01-30 05:00:00,1010.4181576777494,23.47731978756331,16.73523298692542,12.872986635951642,56.41785219067314,26.66306645762137,13.332666748424122,5.438876541435423,6.700684238548028,5.2559561730974655,1192.3184746465158,3.1792447496073484,5.888182869069325,110.20138463170973,0.0,0,249.6761951624838,601.1178815019623,598.8462884663002,21.869602784589087,22.222091999593346
2021-01-30 06:00:00,1009.9053965250853,23.422055860628657,17.16727304823989,11.49788269384169,57.212078333463246,25.337470183587325,13.373078665763456,4.847981628836656,6.228790558253076,5.18043874880917,1191.8229081192233,3.361832107370936,5.606374171747576,84.91627914354595,0.0,0,295.2696269633135,657.3249576615891,736.827981244227,22.38863149505026,22.810290830321815
2021-01-30 07:00:00,1010.8018808829877,22.636388367263656,16.75781185853862,10.711315404339278,56.61476077478443,26.603270094323747,12.477222304715445,4.684486701833308,6.3294197366476155,4.995042926998271,1192.4721931104446,2.596664932883192,6.958986150230605,97.25378357311088,0.0,0,268.48962726155423,565.7434311584135,716.4517383347084,22.23168084700628,22.511413979113982
2021-01-30 08:00:00,1011.805655681774,22.36157674320097,15.362570031209495,9.98284932893456,57.157951296445525,24.687897111753333,11.951115358075631,4.150449911068234,6.22746560626402,5.114823599646041,1191.7402913496317,3.16764774215391,5.6306949222516405,81.82515865057324,0.0,0,269.7342607589825,473.8277828913019,604.1954026825298,20.445443994476534,21.25311883757571
2021-01-30 09:00:00,1010.3058157852826,19.844215880021707,14.355131978820626,8.941702770743339,54.25104165361109,24.242134070851012,11.954140488932973,4.084096402547209,6.219603578241158,4.8407771354194,1194.5533708714258,4.208917584799147,5.451294990987247,98.460158598506,0.17967164263959512,0,228.24597419303868,407.0688558133348,517.0472960248135,20.364587095808023,20.534042738970385
2021-01-30 10:00:00,1010.4797003451364,19.02265907050892,13.487877707634254,8.012263564741628,54.48420863156576,22.754901943260986,11.183898571663333,3.817492811441487,5.644377892922299,4.9684499512948985,1195.3764564429252,4.263132558374096,6.958071301448284,94.36801578415047,0.0,0,106.50342279953263,315.7625029353892,393.8116286673614,18.15322254989984,18.62423067957039
2021-01-30 11:00:00,1011.7778048712505,17.173677992160844,11.874942603818518,7.786300397294763,52.677665716227665,21.38104993484631,9.621036134637471,3.19447917366237,5.302282100664315,4.468272564181523,1193.8716197202075,4.031210165166718,7.656037301343705,120.30790537135161,0.0629833235919835,0,62.16107212994985,145.96570079044727,186.2337759558917,16.97647907702274,17.332705804830194
2021-01-30 12:00:00,1011.2776861355406,14.671114444050751,9.875646537023975,6.265074934942776,55.34222779706254,20.40067861817767,8.95261775309291,3.3029790759082656,4.717601484569928,3.8809035427113785,1196.7128333131368,5.078494623647171,7.2929801820963975,114.8150877556802,0.0,0,7.0674604683841835,56.28774566059257,69.68053419962136,15.803461345803374,15.725907117318839
2021-01-30 13:00:00,1012.097911029048,13.234268474350044,8.929963599322098,4.555843454598181,55.97975626856265,19.196999127999295,7.648748798059991,3.0971001068290036,4.708452895540874,3.835229189715053,1193.8734272783145,3.8885539691780844,7.254680477234357,124.61613141281066,0.0,0,0.0,0.0,0.0,14.383335585950018,14.139235636765134
2021-01-30 14:00:00,1011.6949873410512,10.453696581749037,8.449578717260117,5.252111765564361,56.31584330250357,17.595262352477935,8.251896812565603,3.1393199734100095,4.217720185080718,3.461573166946219,1193.748920759931,3.715832556918803,3.6548039994632098,114.4229662977522,0.0,0,0.0,0.0,0.0,12.687226798232395,12.210900495529202
2021-01-30 15:00:00,1012.3941040991921,9.700020245950977,8.185294948831114,5.015578417483552,56.166529276141176,15.55493114670985,7.394792660071293,3.1662694102038267,3.808530821224274,3.413357122965257,1194.7504712485104,3.4939469404742587,6.002381515907421,113.23427653390938,0.0,0,0.0,0.0,0.0,10.706664332918475,10.417058148501184
2021-01-30 16:00:00,1011.1323790546787,8.458097909796415,7.932462351702613,5.169204990814718,53.927472950230616,14.895975188495658,7.0908481739855285,3.1258744148005038,3.649059249426926,2.8558786728928687,1195.713143304167,2.582853038512868,4.584329814492387,118.06136127969238,0.0,0,0.0,0.0,0.0,9.408153620505786,9.214419686645222
2021-01-30 17:00:00,1012.0791546519085,5.2305814731995,7.393412483689048,5.663849234348938,56.85979256784579,13.813406105431403,6.329149284397854,3.0599760877522284,3.7765103609526487,2.8786242381250218,1198.7283870557499,3.4599071913636976,2.4792141045269327,136.76827789962465,0.0,0,0.0,0.0,0.0,9.965592346626755,8.55571546274539
2021-01-30 18:00:00,1012.0492756633083,7.8332139924570825,7.366962934890145,6.201701847541405,58.578784937564734,13.504224843712652,6.620559325240528,3.454615196603912,3.299022618336031,2.7801812701815014,1196.6286709288445,1.403980823862392,3.8467722698141893,158.10161494193386,0.0,0,0.0,0.0,0.0,10.61274592355769,9.110538273228808
2021-01-30 19:00:00,1011.3746562996164,5.139250593940569,8.14291729326052,7.02974882092913,60.061987939028064,13.631294589401287,7.123059797376787,3.2932985585000116,3.3827793343456865,2.8525848930647846,1196.5521537361708,1.4167141261370622,3.1659705554419446,150.31436198094943,0.3169993751890149,0,0.0,0.0,0.0,10.658249879190354,8.854744674867918
2021-01-30 20:00:00,1011.2265753253668,7.640562451835207,8.268696747824912,8.266467028580582,62.64996243597968,14.585060923801306,7.48278609470166,3.4503203819530155,3.951412383816467,2.783729725657884,1197.022424232245,1.2483370619428742,3.3353679328380217,148.8907112410705,0.0,1,0.0,0.0,0.0,11.274526750355887,9.445744252263419
2021-01-30 21:00:00,1013.1563037495805,10.060889374487942,9.590581681531955,8.84157295201409,67.11083125926557,15.882162128388105,8.389540553646414,3.3609426630878265,3.95449479382393,3.266654196158762,1199.575677461641,2.655496118293871,4.0672365126833965,157.4067678405322,0.9730826970842409,0,0.0,0.0,0.0,12.197896226058248,10.980044447032213
2021-01-30 22:00:00,1012.4575583130108,10.777899292323221,10.47923344801799,9.712506440163946,67.74190674883131,16.044092420124194,9.279445446154932,4.30193152300121,4.38395081934237,3.4835928551698885,1199.9520171156323,2.565419044516799,4.058645075371459,165.79514246912714,0.0,0,0.0,0.0,0.0,13.719198260025344,12.435127185269202
2021-01-30 23:00:00,1012.0512910331428,11.903117451451141,11.566585304333126,12.259879819512449,66.06707155700182,18.423908878094483,10.72256485279229,4.48839435676745,4.692121814347354,3.9464618692613325,1198.9911622512168,2.2832978573173315,3.1376996345729093,193.29396618196887,0.4397364355733341,1,0.0,0.0,0.0,14.436979179040959,13.254651764135843
2021-01-31 00:00:00,1012.9230568504613,14.234384056798385,13.644375539124887,11.583081386085649,71.35680575059332,20.758012562274804,10.5880011803728,5.0795508952150605,4.992933089541221,3.9979948296026517,1198.124215883923,2.568061812522597,4.885578984173653,192.33608565834862,0.06982537928676535,0,16.752484526562654,14.305656540344438,51.528253895713696,17.067121591380143,15.584336586745353
2021-01-31 01:00:00,1014.0332998274188,17.7893863832445,14.756306041650138,12.53299212528551,73.23849761863215,22.11386980515211,11.782840265199557,4.95305087652497,5.31856874382405,4.228214952473383,1199.3947660177203,4.13707143662465,4.389924149970591,189.57204946131597,0.0,0,75.1083380077157,185.08448045625343,145.45228954818737,18.63153009543001,17.761422261588887
2021-01-31 02:00:00,1011.4370895049173,17.654946828615724,16.011807496570185,12.280143711458106,72.27015073063444,22.707407961736497,11.654268818233986,5.554604576471414,5.916311604496721,4.757858875588774,1202.766528470176,4.016467750261906,6.804824723820154,194.98917389141502,0.0,0,159.56263447286835,269.3212112263933,250.12017462081727,19.29060284060442,18.65650636900326
2021-01-31 03:00:00,1012.1949845267166,21.447148020165816,16.695502174864,13.046160946332854,77.43798333074726,23.54420423247791,11.830497936684296,6.094053981172894,6.2931274853420565,4.6896872611039235,1202.2531525349518,4.831042009227937,7.850427000836105,203.69905751190035,0.0,0,218.18706842190315,474.6202962845613,403.6614772358695,20.907207049252655,20.554353258885406
2021-01-31 04:00:00,1012.7843331628221,21.889631760945843,16.99685099604033,12.474884798650141,77.17924672810938,25.426067575938998,12.7033709989403,6.079607990103273,6.5158757750798655,5.256227391558109,1202.1445782837359,4.25017540352509,5.976453935982551,212.30436815888405,0.0,1,261.66769041892775,513.9434999871763,619.287028941456,20.439763875331032,20.953338468459954
2021-01-31 05:00:00,1014.8215740544765,21.89272987900283,17.274660559535455,12.257540512269546,76.31151445510187,24.63684083263065,12.355184389371706,6.6139402359605155,6.211794412704063,5.37567939102962,1204.4570236241761,4.536017740132675,6.432444497598494,209.67748140949965,0.4138756541295552,0,310.3480239563711,640.0573848361183,753.1575477959689,22.029662810021364,21.974424919905402
2021-01-31 06:00:00,1014.0082419115366,22.591819449388115,16.755340897514273,12.204852703697073,81.51700716707249,26.55507705794134,12.946069000391372,6.62064628855527,6.760982203568866,5.4514557802268815,1205.048496216561,4.275946852541771,6.02615535067114,211.55921052623367,0.0,1,321.3133613806124,564.242702588753,634.9580666970993,21.89014983510316,22.06595424525935
2021-01-31 07:00:00,1014.5250314198297,22.015349571541375,16.43793534734195,11.138010169199982,82.33422375159762,25.688761228792774,12.373574987792733,6.872823579615815,6.37730168859407,5.234435588482778,1203.5477398934918,3.523568225405472,5.9224510018224175,236.20831751363224,0.2397001912433735,0,279.32399419248924,637.0853600506766,662.5297612410266,22.367108329770602,22.312875308155924
2021-01-31 08:00:00,1013.1274297187879,22.53456087087652,15.034855625728522,10.206114465157702,82.53502579839488,26.11180258299536,11.466575110537399,7.088647107307785,6.148032198167698,4.941931208021779,1204.0497946702264,3.372554106918881,6.013978813210456,231.64283608064278,0.0,0,241.34537170760308,483.45588129596086,588.79530503751,20.751507399761138,21.38684709330702
2021-01-31 09:00:00,1013.2715981190631,21.169553716326533,14.517655801158552,8.233112793751406,83.78328681770262,23.37915794433118,12.352003934904735,7.1905594046230625,6.026794632426158,4.870365682684954,1203.9578583152834,2.4078483278508545,4.645544702319114,246.0558218530732,0.0,0,162.1497175649605,526.2153201761521,591.0013501918258,20.31908654809048,20.864024488567395
2021-01-31 10:00:00,1014.6523461988908,17.796587206286716,13.442910033955192,8.643177093511921,83.05071643655911,23.45907311260388,10.73891711925559,6.9881139882885375,5.916225687049737,4.676013779015833,1204.7153967125148,2.802427225540252,4.837983851507882,257.74514293728265,0.0,0,143.0767727980041,261.926649464636,462.9347876543705,18.23155933934807,18.5635154626295
2021-01-31 11:00:00,1014.466696188268,16.788037877856727,11.474202676276972,6.472880237159795,86.09193392820136,21.502659852208097,9.530232453744143,6.716583182596071,5.496321404459412,4.198554525085464,1203.9600653743503,2.545000480580936,4.566728596687712,250.7383108841149,0.0,0,55.77921036052963,197.55489587972832,202.39596598589466,15.594905686041693,16.223440962032207
2021-01-31 12:00:00,1014.984076026966,14.395770036359037,10.54831501618969,6.741999962119434,84.91309873098214,19.834474734263985,9.763260723817776,6.640443035092955,4.948922717629153,4.266623257785048,1204.3874661467407,2.369247575132899,4.149356601494559,252.86751709845564,0.0,1,8.383938379941819,0.0,44.90001834607425,15.265677707632948,15.276554815348037
2021-01-31 13:00:00,1014.5188975034262,13.834904617101577,9.024649356827599,5.915682586091138,85.20457060850364,17.76216399677894,8.371875055023537,6.6594799588553615,4.7793046057218485,3.805433979390711,1204.5705450415924,2.0530223676696373,2.1358396176798737,284.5070527681025,0.8924017421585916,0,0.0,0.0,0.0,13.994308132691401,14.01467653934409
2021-01-31 14:00:00,1015.0143547288902,10.054930617311413,8.068765397426107,5.352525284905574,85.20317124319375,17.29787395335579,8.449808484450267,6.081324502676558,4.2779721161518705,3.2215554089355853,1207.775643070508,1.6556448528326169,4.139127649553762,257.2456109456708,0.0,0,0.0,0.0,0.0,12.586740356602492,12.141012560854584
2021-01-31 15:00:00,1015.0399124297495,10.466106123787167,7.015089063031175,4.6584325073243615,81.54902175881668,16.09542800526917,7.20616580345436,5.964386680671966,3.824745535112311,3.528046597869304,1205.5096655889529,2.6501522976187166,4.440807020332105,246.3685980246619,0.0,0,0.0,0.0,0.0,11.454567832302455,10.997506822924977
2021-01-31 16:00:00,1015.655897126647,8.04849045206274,7.75735860220489,5.212460919001921,81.20181501300257,15.696411478276392,6.939349266270542,5.606863466979058,3.5593548377316635,2.980247370492725,1209.38141055348,2.610530351272255,4.9565687256166315,255.97236791925673,0.19412657180295378,0,0.0,0.0,0.0,10.226433924627651,9.71789888636035
2021-01-31 17:00:00,1015.7981621095971,6.459239305221371,7.536490360663349,5.37710174633254,77.48041118513606,14.70847017369587,7.143659607269413,5.326623998670035,3.6331582294507174,2.622068399883118,1207.0410817233703,3.2496469645052235,4.189707857574568,275.2124229647951,0.0,0,0.0,0.0,0.0,9.884129394114405,8.752561030583397
2021-01-31 18:00:00,1013.9740549031843,6.525908071193506,7.492034481485642,6.224788991213461,81.73608623477907,13.703052335522132,7.297088018757907,4.798143494150099,3.4834964528368797,2.633949175450545,1209.827519850532,3.725643352235209,4.398526021351828,247.05832649719954,0.4523156262018917,0,0.0,0.0,0.0,9.354168701583518,8.212864134531692
2021-01-31 19:00:00,1013.5879789570254,6.711460201149537,8.754608326241131,6.950844754516986,76.70700138763729,13.702513750456832,7.621636857340024,4.282314774223755,3.27601022988367,3.138445727886187,1208.0216513365888,3.3818263586698762,4.896647333467197,252.17097980580988,0.0,0,0.0,0.0,0.0,9.19046801504617,8.171032069994112
2021-01-31 20:00:00,1016.3013963181212,7.179563888313553,8.507449324644064,7.20580514204322,77.76513941979144,14.119601860532114,7.715819879269014,4.420108236540634,3.8703941929372276,3.325766498702026,1207.094067266924,4.029563621039074,5.404151310113152,269.84888830066194,0.6529972239543401,1,0.0,0.0,0.0,11.065431543899853,9.440868928590731
2021-01-31 21:00:00,1016.5626728981892,9.409524552318976,11.183078369216533,9.507118931285868,76.48222793535534,16.49397148570052,8.553852812061283,4.192826284697727,3.843284822495312,3.353368873272341,1210.1938441399493,4.513115616668511,6.741403132900775,254.5578596779951,0.0,0,0.0,0.0,0.0,11.754990310439432,10.482309907590436
2021-01-31 22:00:00,1014.9066967594645,10.140459114515686,10.77753410100615,10.059138111799898,75.08699135432288,16.61091285786105,9.344309638271595,3.355989789127294,4.5684239295977545,3.6638617297174236,1210.5373202040591,3.7056791851486572,7.647896991216754,254.07295179310776,0.15613222642670055,0,0.0,0.0,0.0,14.181638501342176,12.455526562282074
2021-01-31 23:00:00,1014.3441628593877,11.403191293062923,12.318553285564882,10.856447078662523,69.54985905562883,19.187200663870392,9.894947480504886,3.541696345947295,4.331173435315242,3.9327402376366702,1208.429753264705,3.7167634927264737,8.014862258814295,263.2383511642384,0.0,0,0.0,0.0,0.0,13.724243673405066,12.606412894486125
2021-02-01 00:00:00,1016.0181541182682,14.734226470406162,13.278712076336578,11.645293470466175,69.86967676371873,20.262536020430943,10.53894474707939,3.484585775400168,4.9638582807219755,4.1113832305527955,1209.178912896354,3.476177201922244,6.343605114479016,242.11382054621566,0.0,0,0.0,0.0,58.104622741555836,16.773611779367425,15.458202379181433
2021-02-01 01:00:00,1016.788477726124,15.808553023327601,14.849712168387947,12.636318790848199,71.38266795827477,21.71786571141207,10.758561220668344,3.239796967780638,5.2482330307659275,4.376391211685203,1208.7534623263298,3.7815738483325267,6.254624605708802,230.84613902789837,0.0,0,95.53997032631763,203.39519629199944,241.29370007007458,19.39663857930113,17.800255373973503
2021-02-01 02:00:00,1017.5846775731966,18.473487392352755,16.08578871825892,12.520905276490499,69.5463436834308,22.846565843719866,12.22592759173797,2.9470504582403767,5.5549154959245355,4.707972638895324,1209.6609493128803,3.277967656717613,5.600690243930246,227.39469574089335,0.0,0,175.14464400393754,303.998404792921,362.82973081515297,19.394054286700054,18.626087373607362
2021-02-01 03:00:00,1016.6602782993322,20.020482227469934,16.365488062891185,12.097503356922669,66.23439470257767,24.57297714362034,12.517345942330863,2.8113007260498484,5.963302028428128,4.995731226052501,1209.9847125533922,2.282164685852435,4.491775800107973,242.38634692902062,0.0,0,235.75981171608115,482.7930808856279,514.5855476774398,20.643353616452366,20.162155835591815
2021-02-01 04:00:00,1016.0482796745257,21.318351979857518,17.763888783937247,13.011026940209149,63.17498627763755,25.18841704128829,12.678845316684098,3.046580109845583,6.6531516274840685,4.890910883236059,1209.5938358945673,2.630052927525961,4.904559337157144,234.01432971323098,0.0,0,290.66260116562086,564.8640091718729,650.8701675532449,21.725501615936015,21.367961298646478
2021-02-01 05:00:00,1015.7272683812009,24.128080781425652,17.11592686901341,12.642170888592265,58.85836578717844,25.610948312000005,13.505379621958069,3.1701717701975594,6.477562773449503,5.305502737409304,1208.167403952155,2.116566649049203,4.004703377925503,218.96044977529039,0.05345276522072612,0,331.1617104778603,570.4041048029005,719.8685239699406,22.224345734762007,22.56438043319224
2021-02-01 06:00:00,1016.5446949392693,23.0394880970187,16.911925138683145,11.706974107517635,60.830641532984,26.3480023933241,12.369066280358417,3.2871106946622985,6.3416583922405145,5.491723369459404,1209.41912068491,2.4652870601187313,3.3814077325268155,208.4120837919288,0.00406630457219076,1,334.599180706458,537.1790496322732,684.7908008703971,21.72492058973178,22.41403649530759
2021-02-01 07:00:00,1016.3874600919531,22.899166316609303,15.776990802473945,10.490045191772825,57.783657438137844,25.723568903123862,13.343371163742184,3.431884187738521,6.083163057366126,5.11783650588108,1210.6898141110998,2.726239460650362,3.317028845332329,211.10372968776755,0.21926506077209718,0,296.5909835219149,570.4886622215868,723.9405901693249,21.006590859619468,21.78466930947681
2021-02-01 08:00:00,1015.9036698028038,20.684724422835917,15.60717736434687,10.014324871683462,58.13067549377912,24.796985033337226,12.239374353785433,3.4978944358023956,5.954765596407123,4.976580927476968,1209.736319411087,1.9479750912912535,3.5227454923415826,218.5267843285576,0.0,1,255.63906362951212,540.674538286464,588.8941252447461,21.262325532602468,21.363451372761855
2021-02-01 09:00:00,1018.4410343486908,20.199080055946503,14.26578922793415,8.355781781782577,54.876120102626444,24.542554074849587,11.784601147961737,4.084537658261744,5.953367542956069,4.943837399271585,1209.5494427783897,1.5258517143970922,3.7522988077354027,192.3473440699097,0.3908318660757353,0,175.5400004159215,426.6598077671073,507.15230187216304,18.65305100761156,19.34430928197895
2021-02-01 10:00:00,1018.3138645289425,19.150711840959158,12.804581326643648,7.497526786905334,55.16524637998415,22.968007172185793,10.795924158685695,4.410130612231331,5.623262403172286,4.470068489918387,1208.8506994623074,2.4877382960809955,3.0436328157293775,187.26501399382954,0.03607581792676601,0,150.21735690880087,325.37699326765176,360.0011227757324,18.965599838087932,19.196899871484526
2021-02-01 11:00:00,1017.8756056483005,16.353382121781323,11.420806186238998,6.649353586934955,55.45662179954572,21.797369276494223,9.518451009912553,4.692868069758429,5.3434184264069335,4.047219130797563,1209.049206893693,2.560025275336812,5.033022552342934,175.06724374634976,0.9180981778616449,0,88.02843470899533,189.82822610750142,138.20137664057808,16.73148700034597,16.999844506796787
2021-02-01 12:00:00,1016.3084046536275,15.635643990462567,11.858280656571576,6.468151264758491,55.49255618298772,19.77307007082289,9.348148048228529,5.022198729014255,4.545563239912825,4.229543808021032,1210.9195132695334,2.879937373109256,5.204292894144455,176.3258711089782,0.27017835440798166,1,0.8710581085471265,21.234342136635476,0.0,15.402850592571337,15.603628671425643
2021-02-01 13:00:00,1017.8046464025479,12.087560029049245,9.20471198655273,5.362020659523763,56.11577250831332,17.842525077044495,8.79721876279635,5.683146252883079,4.593435113336937,3.599226893872308,1208.19602700817,3.013825625733459,5.3363473306671185,176.4083304873532,2.655161519345686,0,0.0,0.0,0.0,13.560889056874279,13.503770039956263
2021-02-01 14:00:00,1017.7050539673255,10.799543704894434,7.603526035293604,4.942445623481139,54.35272263661416,17.86753698125718,8.284232249535087,5.559164529736648,4.455545955029432,3.4036897157440507,1209.8562776731114,3.6035138729814866,6.472958972529998,187.2598373570767,0.19710827794277963,0,0.0,0.0,0.0,13.35476742850247,12.525880387682477
2021-02-01 15:00:00,1017.6172373211338,8.932909602524727,7.228443010715949,5.782303425852214,53.455238108110294,16.5306650182625,7.420310257950009,6.256287019491364,4.263908077693018,3.02944685437453,1208.957120462787,4.036937519282882,7.007632788948959,161.47229151999696,0.0,0,0.0,0.0,0.0,11.504403953593098,10.755801328521205
2021-02-01 16:00:00,1018.3298592325573,8.186821231291797,7.098687219883468,5.292809979949637,60.25918902303304,15.245740057924323,6.27869240589386,6.138770325528691,3.3220726647399075,3.2161204784412685,1208.9050647009658,4.682298274998589,7.835042439755707,152.1016074815768,0.0,0,0.0,0.0,0.0,10.337263654079615,9.588999940649428
2021-02-01 17:00:00,1017.9023824775988,6.824250339388678,7.276981289611562,5.70106811478037,63.07820823367814,14.010539699578471,6.3890623856455475,6.75387900082922,3.3908327087185706,3.0115242401099245,1207.6543493984398,4.535762869119811,6.132691003236284,154.81990512059596,0.0,0,0.0,0.0,0.0,9.868424202176392,8.855140290846775
2021-02-01 18:00:00,1018.0470440099854,6.810374461050344,7.500715815234598,6.065292864527772,60.28823970460638,13.849841013419464,7.880608115981568,6.978724317584966,3.329153227805093,2.7518520917692597,1207.7383925777017,5.038621096384045,7.792038290492274,146.96215551830315,0.0,0,0.0,0.0,0.0,9.941080727531102,8.690879602689549
2021-02-01 19:00:00,1018.0224514484471,7.107302325442877,8.106817626157504,6.812244991096523,58.22059437540901,14.895608765213833,6.877228968894948,6.820775000891443,3.58025554607153,2.6049095355005694,1207.7657394343978,4.172792929515729,6.304108304420928,128.33727694824935,0.0,0,0.0,0.0,0.0,11.826595520271942,9.894339062681436
2021-02-01 20:00:00,1017.8403604146147,7.557725339550526,8.27964201960962,7.14668676866535,60.95360976631415,14.62693255850962,8.322536118056442,7.301808116836583,3.457007400748041,2.8913835544870254,1206.9107812901648,3.656773648604549,5.279117686052457,151.59759195937758,2.4217297021120445,1,0.0,0.0,0.0,10.33905393174003,9.15895904274808
2021-02-01 21:00:00,1016.1925087587852,9.682711458455572,9.837417383411895,9.44590148366137,65.27798365262557,15.441081294707045,7.968771428472357,7.093807177349218,4.27579247796551,3.265502402566081,1207.4024999159021,2.846884817263722,4.570593520114306,123.18762398213677,0.32632251385034183,0,0.0,0.0,0.0,12.851841468517645,11.265441546657058
2021-02-01 22:00:00,1017.7347989944144,11.166871862386024,10.453269076632365,10.27090485672211,68.79994554682459,17.9361173378181,8.97307583161102,6.794161017796306,4.258704494337116,3.437727140815927,1207.1487450797117,2.036642322753293,3.514865506674626,121.0801977540399,0.0,0,0.0,0.0,0.0,13.874600326196225,12.568884880082576
2021-02-01 23:00:00,1017.2682538883815,12.86741787750271,11.881135118180044,10.978700841178174,65.6163258476156,18.42324688857801,10.064803128918214,6.804553922693982,4.587142174486394,3.7112367547673863,1208.4659105341182,1.8794293864809488,2.3216928736215605,119.98132232974223,0.0,0,0.0,0.0,0.0,15.957320936660636,14.466277810729963
2021-02-02 00:00:00,1016.7314098153637,14.698679166576568,13.018746546056585,11.8145336828636,69.75133435830215,20.884212664256875,10.267930213752777,6.958603268790222,5.318542746756544,4.0423397518939534,1206.156042552287,1.5242476436992851,3.809869096718515,114.17669137337474,0.9518763950535906,0,12.987497187767348,0.0,21.45626386085422,16.9764405769958,15.790646819467026
2021-02-02 01:00:00,1019.1395519697816,17.62813318218395,14.06935496105857,12.787392665205871,72.3497570121885,20.853718315269962,11.97356525426436,6.71670182661331,5.3850190428370714,4.4623421004226245,1203.5341476946314,0.43929651211823484,4.615093614313168,122.74935372581422,0.0,0,88.39377524358314,152.87359520111832,146.16565526750188,18.12576402059673,17.487293582890512
2021-02-02 02:00:00,1019.2128254041539,18.834916029330138,16.20008599874483,12.256523782576354,75.61144257910962,23.2590924413923,12.016549272253354,6.073967139097211,5.83006068129975,4.5916281591870005,1206.1630190808387,1.2154340297970465,1.736292214906936,98.92550294582756,1.1742255443623484,0,178.50011120599538,287.001810991212,367.1144776974321,20.115778722782817,19.422416218329815
2021-02-02 03:00:00,1018.9492260822249,20.442166148014163,16.766752109907184,12.763621047690764,75.05304929667552,25.27818198672755,12.684816801194282,5.972148537561896,5.910500517121401,4.9385308275157485,1204.3360343557592,2.67527185576322,2.507606859686841,110.55975638540156,0.3013943158936284,0,165.50609975154748,476.77163236931375,448.7320248851022,20.78286376547119,20.405497200685776
2021-02-02 04:00:00,1018.0949087371538,22.00148625119719,17.363861545367477,12.39365387376885,74.37237061735614,25.211027795036056,12.737248854416713,5.724744883206642,6.024937692665779,4.841846642992305,1206.079291793695,2.3486762138869928,4.315691331943183,102.86106421287316,0.7424054441037599,0,268.16804269979144,515.1304014546861,619.1067366487866,21.922667172316853,21.720296788391533
2021-02-02 05:00:00,1018.9967746345818,23.915017288392093,17.016008759708832,13.14313340240428,80.37381655403648,25.663552711600477,13.257761191328237,5.245775437518749,6.326816413132748,5.66988114694194,1205.0546039479584,2.36711188600407,4.2794501864115055,110.1316561037556,0.02169702950870961,0,299.52596806720516,561.0229543874157,664.8631889190223,22.778565738730087,22.946116703015655
2021-02-02 06:00:00,1017.9480842474571,22.061750654385158,17.165086295060565,12.137089050129905,82.85619364814077,25.41612404120079,13.571716829463668,5.471559944674961,6.9373951677889645,5.14322813613675,1202.584902560038,3.1992399110699874,5.667535393820084,97.85014550031723,0.3614331249139471,0,295.2954153494007,582.1449794663116,658.656441580327,22.025536975961636,22.318012442432085
2021-02-02 07:00:00,1018.1194621283873,23.266306435451305,15.350844947409513,10.068129285394658,81.73511718087819,26.33672648495204,12.633242262546934,4.699436393347229,6.575492929090996,5.199829593123679,1203.3100932348964,2.467923923458651,5.602663868132221,96.8002705911291,0.0,1,244.49755303680877,565.9158975378774,634.1760086754989,21.35693759665738,21.940001765015026
2021-02-02 08:00:00,1017.0978323804718,20.602983417408932,15.829471586094432,9.373246004671842,83.80086123937936,24.811088381386362,12.940168781538956,4.303597275168084,6.3539450730988865,5.152523589498584,1201.4851617604297,3.9766727508236803,5.821073219959927,108.53611463328338,0.0,0,258.58769891985895,476.43382147344175,727.9644955572613,20.484405935522766,20.931335380983587
2021-02-02 09:00:00,1018.3021797122648,20.808945460252506,14.421362753341441,8.888656459765102,82.90921052881511,24.19523640742436,11.412955553208983,4.238170208851653,5.8653854937427985,4.766370034943762,1201.567035476817,4.764579156493486,6.551377119030333,106.30586646777412,0.0,0,197.92081910216478,405.37870640914946,499.5443609156677,20.06821208461991,20.333611128446414
2021-02-02 10:00:00,1018.0414564165125,20.10255797932616,13.422255991386841,7.719442940751403,82.79734180488421,22.38274886010373,11.259580220238469,3.6413820736591473,5.932250160196779,4.601564958849901,1201.7212694470306,4.219692105371182,5.063943968219649,96.6216473138747,0.0,0,183.55910819847446,304.70678498813675,328.4130417685401,17.939361800690044,18.910598394283443
2021-02-02 11:00:00,1016.9561649314102,17.41262032794727,11.99905503983731,6.419879878305743,86.9245242817016,22.331361570663834,10.380925909418998,3.6693966358855077,5.1166899127910215,4.3097179090543785,1201.636359768476,3.394255315791586,6.054828029505643,120.9514999012106,0.5406109295221947,0,85.15154092731377,171.46668386081308,150.9274015846723,16.756683136218278,17.422548660616705
2021-02-02 12:00:00,1017.9590423105467,15.119437554978004,10.028871389424893,6.908480531462125,85.77499169562893,20.57744265536295,8.976559178541956,2.9344027133145287,4.6865887100635515,3.817192381485347,1200.8952058288862,3.9188627575314254,7.490674306943845,118.04306144832944,0.0,0,0.0,48.161562313712324,23.558305145129307,14.820458243097784,15.284027383795262
2021-02-02 13:00:00,1017.9345029737923,12.53713301101754,8.587430723946577,5.632081005291492,85.8524101194109,18.4312933547782,8.74884468189407,3.0298839491790743,4.499994007769863,3.7771350309848817,1199.5516300694833,4.4752548900840745,7.239095094716175,113.72579455191998,0.40148816050460445,0,0.0,0.0,0.0,14.18125725067442,13.910953236405739
2021-02-02 14:00:00,1019.4311966070886,11.021733040342,7.975991662592733,5.311518717336953,87.49311769032526,16.42292553220654,8.016688446114186,3.2401985776510367,4.6408981823922915,3.0701556323482553,1201.4381392674045,3.5739410147722293,6.80897313072523,114.03413343317034,0.0,0,0.0,0.0,0.0,12.044944392042114,11.862969846963399
2021-02-02 15:00:00,1018.6999573314764,9.166701779725392,7.860012381218741,4.723620439994828,81.74850831903221,16.52531283750212,7.1582466668148665,3.314039544117934,4.318918674698724,3.502013551059484,1198.0706349430707,2.290844952603254,5.352695477158483,127.07276647381165,0.0,0,0.0,0.0,0.0,10.58295778170991,10.294710070008595
2021-02-02 16:00:00,1017.9817658281146,7.521613144172594,7.469516847209295,5.440734639945328,81.88632852044778,14.620881713769833,7.298909316053299,2.875725351374379,3.610714508673243,3.1193636924543595,1196.3136824601231,3.73918840326861,2.5111046139197137,135.18184346534414,0.3851356709024969,0,0.0,0.0,0.0,9.86384119229564,9.173713268379341
2021-02-02 17:00:00,1018.1562541547099,7.0696804588550535,6.31967663461239,5.413297206197649,82.21616680203793,13.651842621856838,7.064242741922004,2.942650431184458,3.4162714569268022,2.9687134799837946,1195.9971102537654,1.5374718492849189,3.2064195572771874,118.17313435220824,0.0,0,0.0,0.0,0.0,9.735712923006856,8.737089840143767
2021-02-02 18:00:00,1017.973811605459,7.138866812438508,6.732767870637886,6.099835893128383,79.4779752422757,13.118940993763728,7.030765487553385,3.381438478505218,3.171927591888044,2.4526715775133514,1198.3838377863729,1.7527046842736187,4.327673733670022,143.75680922522844,0.0,0,0.0,0.0,0.0,9.74179451699378,8.690245482134152
2021-02-02 19:00:00,1017.7539433499833,6.735541441715974,7.406892507298765,7.295194442081262,80.6976945056758,13.881462476318678,7.2868123747802915,3.3433043347785003,3.566717405670408,2.6823832737945095,1196.3396675847002,1.201056920758028,4.328827884922427,152.71608608487935,0.0,1,0.0,0.0,0.0,10.539303001683729,9.078297183305006
2021-02-02 20:00:00,1017.0247962457585,7.507399495245072,8.4234196427948,7.369650318648007,77.12520155819226,14.076528516028292,7.71571223119127,3.6607091970758354,3.733364444720939,3.2386385396196635,1196.091691067296,1.201748913627327,4.120502688381375,129.11390253426862,0.0,0,0.0,0.0,0.0,11.032332972711854,9.506580873695777
2021-02-02 21:00:00,1017.7410080999028,8.390975344193107,8.986171746234826,9.697216414832367,73.75518587048195,15.44594889461931,8.195326274940882,4.175281004947418,4.097251079059562,3.9817201419840647,1194.91757112268,1.6480914172126409,3.078947220615267,161.2563729792509,1.8093286053161832,1,0.0,0.0,0.0,12.424298636192853,10.67843294205075
2021-02-02 22:00:00,1017.2327505261234,11.273507518262102,10.180272925617622,10.164536660309135,74.01382902691327,17.372204366848766,9.101991833508178,4.207139277025838,4.43214150266501,3.6389384930113873,1194.5472975207008,2.4824511873305135,2.669164087367232,173.05423713060088,0.0,1,0.0,0.0,0.0,13.804104668667325,12.359485982394885
2021-02-02 23:00:00,1016.7938462432024,13.311173922556701,11.780038961483166,11.562744921975636,72.29857042491442,18.259385647397202,9.557154140132676,4.25961849435897,4.572287048813279,3.896805827927154,1193.7665137889005,3.200639536286393,4.283454441381817,178.8363237228322,0.0,0,0.0,0.0,0.0,15.477733592070384,14.30545976362072
2021-02-03 00:00:00,1018.1642600331138,15.162162310965556,13.52072795141925,11.439256460950594,71.86936412579267,20.17784669105685,11.658731788973146,4.7397831128788415,5.111205574951915,4.104994845622836,1194.5932982904053,2.806915913983793,5.011845614584246,188.0244835478086,0.0,0,18.643927000541797,0.0,66.58825851686827,15.454305753796953,15.059800118403066
2021-02-03 01:00:00,1018.0262191834074,17.74617170573029,14.073252218481109,12.123668910690242,68.82838892299402,21.19124694084905,10.772945901774708,5.349287472477927,5.248100794084485,4.141083414981,1193.6094161719645,2.9395544092309196,6.936492142724519,183.69679349963036,0.0,0,52.398093430185,189.22182006652963,278.2693050361902,17.44741219756684,17.17931459161751
2021-02-03 02:00:00,1016.2385361233916,19.061507345956425,15.610079499329865,12.413647723168348,67.04000710618195,23.032584533182053,11.752363498132157,5.3113556569567635,5.8574085066721215,4.799034816640053,1193.7436993142148,4.074943550922408,6.467808259470852,183.49278986659994,0.0,0,118.59239923154183,283.05655046413113,321.6154345482979,19.83669417938312,19.32931909997852
2021-02-03 03:00:00,1017.5212499525604,20.931261905648228,16.951722667488596,13.099692649378223,64.90033188253832,25.203091098162158,12.298179620843602,5.940567916540531,5.9592137561428755,4.628286670004444,1193.2683705734519,4.3798148143843605,6.745395750673489,182.7080802905476,0.7103148331092856,1,216.28747566816668,370.42235701443,578.7091587041427,20.77184987603947,20.555151503929203
2021-02-03 04:00:00,1018.3642883969329,22.140889428221822,16.224638991671664,12.874568339693152,62.12355495741611,25.0219093836932,13.660489023354183,6.007155916124271,6.390929808870049,4.797113451513359,1192.1426730115932,4.400438246692594,7.028411624539179,218.28384387173384,0.19987497503431073,0,236.9613132978661,565.9982295311524,617.5815734675654,22.0558533260858,21.90842363855417
2021-02-03 05:00:00,1018.3603054128663,22.66332859671977,16.89312934749141,12.248764961717095,59.43614033464675,25.987769676544218,12.466219216530401,6.860076687611063,6.52458900449067,4.90440512645918,1190.7698097601276,4.418119985369241,7.289502569834572,220.84011587719903,0.0,0,283.44360012822347,541.8603560842082,725.4662529883359,20.995223483327525,21.58409965340973
2021-02-03 06:00:00,1018.27570209525,22.628424720309248,17.289060812503408,11.381199160234535,59.97107498552057,25.217236386265782,13.110568652718179,7.165079326521998,6.513760725139013,5.395144529300318,1190.3640304602511,4.0695498017479474,7.23320287641816,231.6848893082842,0.0,0,299.05441620798484,601.4098841522809,722.8851979024078,21.68493224787149,22.06756481830817
2021-02-03 07:00:00,1017.425216128831,24.277313441366935,16.022355454548943,10.442567833956543,57.43345036386432,26.555608018942888,12.785114263614865,6.6677458211033915,6.607796683065484,5.14762818056139,1194.6399459122408,3.8846993198704767,5.705945272158736,218.6347013196417,0.0,1,287.9689801094262,599.202019181819,658.9847175918404,21.43374062378777,22.323836442660784
2021-02-03 08:00:00,1016.6540907565469,21.61183754437801,15.111092981642415,9.959357095139431,60.389264184115405,24.95754910823417,12.381724587109012,7.020967242032002,5.984958291404513,5.059402104522196,1192.817919406579,3.3538006220115664,4.837943970950855,239.46137300117698,0.0,0,282.33838677098146,519.7439772921743,642.1926635794093,20.97063132686526,21.626935198418696
2021-02-03 09:00:00,1016.3962417598841,20.190739851708127,14.914550745492132,8.755360017272631,58.826171601877164,24.767907512072572,12.15213114160499,6.807919253600629,5.847676928135643,4.845447350013727,1192.4301173250074,3.5351218635185524,6.096446817123746,221.5417329753559,0.0,0,248.82715913847434,325.1385528834671,519.2212745115071,19.819414264783077,20.18110915345358
2021-02-03 10:00:00,1017.4690367635275,19.303806876415273,12.955600151826589,7.63417622863715,56.77679087036725,22.938409852120696,11.440273548396682,6.907752385613514,5.695988065289431,4.374856691760385,1190.1899386165871,3.66960356402957,3.0031266778001173,232.58861986242013,0.0,0,140.4216429433568,315.619519864269,261.59067502935517,18.747709515268138,19.10318840602092
2021-02-03 11:00:00,1017.4240549706022,17.246850451526605,12.361290902915755,7.568468555989118,55.8852609579788,21.85870395312548,10.004897444313713,7.24007910716298,5.099575890119104,4.176436672919535,1190.673705468791,2.2542026832611035,5.024622747990752,246.79193570819763,0.4740575683282434,0,55.0325302546915,208.3499570665291,174.9671200161083,16.897773738082723,17.345947887193574
2021-02-03 12:00:00,1018.0749498611588,14.016645916672864,10.736881662256904,6.097645365124817,54.82408189803765,20.335506213605573,9.481598987412482,6.638713098023588,4.918627097089077,3.8759147587493237,1189.6740720446653,1.8708808510945594,1.7394062346281784,255.91410860101914,0.830920896098177,0,7.776923099671552,31.46128911999435,43.620209328914065,16.224401262691945,15.825829804512372
2021-02-03 13:00:00,1017.8467504217299,13.715322417374477,9.165028285187274,6.015082213269273,52.60607961669857,18.220865559628535,7.917679987178337,6.4748813937905485,4.5368453733307135,3.4083628564319066,1189.0286596419435,1.8476806039291687,2.5627515877107747,269.2947474419021,0.0,0,0.0,0.0,0.0,14.890979346526521,14.465915099760462
2021-02-03 14:00:00,1016.7799468820599,10.934063797254577,8.571864010983052,4.9082913151186585,55.07876815902,17.545953217881046,8.053379274382856,6.097069365927563,4.511936757333369,3.299157980939954,1189.629750472286,1.3907890205924767,3.807867670442331,252.7747690088884,0.04712210822824059,0,0.0,0.0,0.0,11.825499802349958,11.88611419332979
2021-02-03 15:00:00,1015.8066651249114,8.565493983856536,7.7377784975052215,5.098336933207178,56.34460707914125,15.377866880884106,7.1819277661927785,6.229237875532957,3.9678465686784565,2.9352105712968837,1191.4493015574783,2.2566561606326516,3.26822270369376,248.61656888523493,2.223012049494949,0,0.0,0.0,0.0,11.382064255296411,10.610721618730167
2021-02-03 16:00:00,1016.4604388497784,8.903945649772226,7.634912550122827,5.129634574571601,57.468531892122726,15.192814687307157,7.081155371991435,5.0313869461465215,3.906847809536122,3.076304641232076,1190.8955264132412,2.384964311948074,2.6612433376174653,249.61313146266238,0.0,0,0.0,0.0,0.0,11.009103011231202,10.116272316760258
2021-02-03 17:00:00,1016.8006568109099,7.710566289804815,6.7294750043708085,4.8864213867831605,59.03877262966301,14.009342395182363,6.331578177551924,5.258736891027533,3.611446204328351,2.973083221246491,1189.0436566508322,2.3451387096552896,4.657102236649466,252.81711639709675,0.35272591525904784,1,0.0,0.0,0.0,10.429562728587033,9.520971057069257
2021-02-03 18:00:00,1016.3738673096212,6.11482060563646,7.243920587762771,6.784508485116886,61.23605867795706,14.17477897431603,7.221749181163888,4.990822781172969,3.392866545753587,2.541272175472022,1189.6851839498424,3.45103340952116,5.053603473440263,282.2102679647512,0.0026539947741586745,0,0.0,0.0,0.0,9.78526883373042,8.556451395118088
2021-02-03 19:00:00,1015.9794575920066,8.516621377867843,7.737752510466884,6.996732215338215,59.4842704214834,13.973448541088445,6.635615884173531,4.520488178695968,3.577854622115696,2.781562655603515,1190.7628278243908,3.454121070496049,5.511201655897733,267.2643116586843,0.1514530499080159,0,0.0,0.0,0.0,10.541350345499716,9.371188642612259
2021-02-03 20:00:00,1016.5479608837702,8.532954927580827,8.954146243748228,8.319816632525448,61.133848785581975,14.828835564646665,7.811030177477421,4.488668814894914,3.8468471611097765,3.3319814917220145,1189.4838096511298,3.3505955733552946,5.786437386746723,269.90993874460133,0.1342117210108017,0,0.0,0.0,0.0,10.179231957161182,9.518271112872092
2021-02-03 21:00:00,1015.8440740485224,9.336008469569974,9.154607564438969,8.757593781907264,67.16146187400985,15.220012462034747,7.851803886230341,4.240405456794118,4.178020093508674,2.9553192830404673,1190.2027028388814,4.301635247631234,6.704366007944371,254.88421023132668,0.08271563449812314,1,0.0,0.0,0.0,12.19062703286928,10.928321576251184
2021-02-03 22:00:00,1015.6441490882688,12.113153163935365,11.399787332806788,10.025643221787817,67.6596775018486,17.123778492344485,8.70620178144793,3.4320168780510008,4.223537987413136,3.4853275635590313,1190.6203714397266,4.3987463306155385,6.50407821646254,255.15892283888505,0.0,0,0.0,0.0,0.0,12.657554931241274,12.023222520164103
2021-02-03 23:00:00,1016.2929694124864,13.040956087860561,12.424120995772185,10.703626294494146,67.26056523243255,18.469179646864653,10.276612666096273,3.886608444516195,4.282269303575626,3.7105215326775487,1190.7316722889534,4.76045915197118,8.917241641103738,259.4972680225171,0.0,0,0.0,0.0,0.0,15.338221263632695,14.280144754735064
2021-02-04 00:00:00,1015.617332197359,14.980341847426997,12.819138496490172,12.363823756703418,69.78557766209535,19.729923222963627,10.831175170750534,2.983297427560416,4.656439548515586,4.218577511568155,1190.7435802647387,4.541606499957189,6.5400370861154515,244.22404474494562,0.0,0,0.0,49.29199799913853,23.689958475873148,15.929425731021354,15.258884313648647
2021-02-04 01:00:00,1016.0273146958068,16.608342279604667,15.267680801098011,12.617498699281747,71.75246498995088,21.525400287419895,11.796360455028992,3.378340894763371,5.322946045630384,4.3696762223944905,1190.0104985612454,3.7810107272781766,5.986569656317877,242.61908467765323,0.0,0,73.60363574716469,164.06282678019943,241.19816595393422,18.22156612523752,17.332076522157728
2021-02-04 02:00:00,1015.9417583933568,19.407295307514918,16.78502779471464,13.025229222480636,73.94543392110054,23.067002238083926,12.610148782026473,3.060350033682724,5.282419699770398,4.513740904415244,1190.313570836055,3.2085827181166127,5.25073137026112,234.53651228687994,0.0,0,155.98635246976855,344.6002682915187,363.6466413780548,19.695279499863457,19.1602428687375
2021-02-04 03:00:00,1014.7009496227065,20.990476326619184,16.923363244192476,13.542847239154277,76.68561766995359,23.934462160486742,12.191340979818529,2.899259780577237,6.4196810649271905,4.861880961718437,1189.9562849065956,3.0008718750289187,6.421560674270584,232.09361549735286,0.0,0,216.170036121099,447.16601365016146,477.31656242999867,20.69052080431772,20.573025860372667
2021-02-04 04:00:00,1015.1150071009076,21.93847932819824,17.58902124399163,13.310711537685487,82.56998549219955,25.131773134841747,13.443880322600696,2.948511108040413,6.418424751956592,5.055504473332063,1189.7784093686532,2.737028253510986,3.004706211032251,231.9127948999567,0.5516072627377907,0,256.6591649296265,615.2801521188907,553.260916566889,21.09052183619397,21.287504382758822
2021-02-04 05:00:00,1016.5360153532313,22.174416162605148,17.039037917497982,12.740666703864125,79.5109345574559,25.292778987286894,12.408070814049836,3.113912200296111,6.32175533753414,5.1407719550903055,1191.4985455788556,2.406253296290053,4.0019707181465005,217.66901364644457,0.32271680319411444,1,319.5320467026475,567.1566849017519,688.2175848022368,21.795413110304363,21.91162380606364
2021-02-04 06:00:00,1014.3402888885104,23.09095089791625,15.945929985758756,11.218135898573642,81.93179801864872,27.172866519480504,13.238639867341691,3.309632764803889,6.278070481198241,4.936177708935197,1192.7260896708376,2.024873079148276,3.076517214929979,222.85978979129354,0.5247311194799059,0,302.7242907973563,600.6437296528487,566.8255231021747,22.67866799259399,22.70610094442623
2021-02-04 07:00:00,1013.4592319248651,22.678547460279088,15.309429424147062,10.670934694042181,78.52734669198816,26.32511428783853,12.48842155175625,3.2838802434877468,6.654512558628832,5.407728713066467,1190.8482579912763,1.674368949348242,1.89166441026197,216.6552783947669,0.0,1,287.68182258433114,608.3487215318327,689.7714321969073,21.35680354573143,21.94736162719607
2021-02-04 08:00:00,1013.544207092785,20.994771207161612,15.525468849005582,9.577195400923237,82.02058107120887,25.33269947552244,11.876163608183509,3.6676367890912034,6.076310674546465,5.252517202114198,1192.84152498935,2.2181584310957296,2.375123431685073,205.56912503749265,0.007823670572561503,1,244.25349859871216,507.4635508383949,621.9877022988503,20.883551118239545,21.180605591775993
2021-02-04 09:00:00,1014.9367051190868,19.626585603565463,14.036813434473876,9.23260820655836,86.31582299310251,24.828697150857643,11.903381823482373,3.8458654354144786,5.857014819059613,4.639690332049887,1193.7135634015178,1.5370160280335894,3.521512387555786,192.4309250525675,0.0,0,177.19782060914034,456.36957706514016,484.0963678382294,19.463814557386485,19.7341508163975
2021-02-04 10:00:00,1014.8165735701526,19.395607365166796,12.651413052148516,7.976679802280341,85.29351817704926,22.01037376165808,11.33192241456543,4.0729498079338775,5.596810811994653,4.539854873563243,1191.47196016759,3.4040778334849,3.0229102049020353,194.94148470287325,0.22946731235975104,0,156.58463872635872,182.10347736049295,345.38168195373095,19.07851910578042,19.240001145294773
2021-02-04 11:00:00,1014.5749456118288,15.249230540284087,11.777670048328739,6.393427788084311,76.09344375087747,20.2740744016982,10.551387529580442,4.489241304174542,5.411046050568666,4.265565720252198,1193.4362149893652,2.936909003753488,4.523610855924662,181.92341379029511,0.0,0,82.55407152810344,152.38009682848556,118.6148556688101,17.01326457988291,16.929607487775787
2021-02-04 12:00:00,1015.5164368350175,15.143787368873149,10.830191610624052,6.055077951197479,86.3480464046324,19.800354469125246,9.489935963172865,4.7700050734608865,5.124159487829529,3.7686962399001236,1195.7683576775337,2.4362572984149615,6.383322582949031,180.46594167106085,0.0,0,0.0,0.0,69.28018100353637,14.942615095041079,15.038900480285546
2021-02-04 13:00:00,1012.2818091770373,12.594789498752128,8.61007183826109,4.909420105410978,88.70800170986469,17.757803657583796,8.716103720570873,5.26326537278378,4.850305879029346,3.316057892324517,1195.105550667607,3.5372408517916063,5.82052082842525,184.00881525422122,0.0,0,0.0,0.0,0.0,13.880528934742237,13.748582840864346
2021-02-04 14:00:00,1014.6108423250572,11.915772624816048,8.107579935544072,5.100329592963828,80.49707222209648,16.88169723777592,8.224488705254029,5.770535267745036,4.458994259789361,3.2658814696175495,1193.1295428509377,4.221965651608583,5.122765236553507,153.57874461560493,0.0,0,0.0,0.0,0.0,12.351618725500643,12.279132816317217
2021-02-04 15:00:00,1015.4163773807225,8.99771800409995,8.332489082142411,4.33827741809284,86.89696833896035,15.860187633178198,7.621029167532457,6.024142070835551,3.9394945700671355,3.080191394525911,1196.118434465016,3.9511484721598844,6.054613798091317,181.02933976073302,0.036811494899599395,1,0.0,0.0,0.0,12.1905467956763,11.351123472153175
2021-02-04 16:00:00,1013.1373338421754,8.533435719700813,6.586826949510895,5.363355978427988,77.44646979551473,15.26405482646367,7.372250678210028,6.68044417470521,3.905066289074608,2.6725228487858694,1195.1848967750136,3.5326780551275174,6.741290915028206,151.91315261606908,0.0,0,0.0,0.0,0.0,10.503493942143303,9.785112995826177
2021-02-04 17:00:00,1013.6073324180288,6.99475370082098,7.438528366885802,5.716655361004112,83.77629799447531,13.63531305012797,7.087326707922879,6.089998283493969,3.416911337771122,2.8762845612702113,1197.1076274346397,3.760718108116424,6.687827410828691,150.30893179980336,0.0,0,0.0,0.0,0.0,9.248716606532927,8.577933747080122
2021-02-04 18:00:00,1013.1798587914183,7.079623707440301,6.980952173597475,6.976352559950094,80.5893044657738,14.199815343080036,7.396913796278808,6.825919000811708,3.135826797107607,3.0325712606632678,1196.2197482896497,4.396879497092555,6.853661883661625,132.47249909758187,0.0,0,0.0,0.0,0.0,10.32915495020155,9.016611952104153
2021-02-04 19:00:00,1012.9371541242383,7.788378961331427,8.041407230194121,7.389942973950044,74.43147900464176,14.21163988884166,6.663360239783574,6.88066928927668,3.416885046224284,3.0093122376861623,1197.358777104563,2.9583156563083364,6.535529573035565,145.53600058733315,0.0,0,0.0,0.0,0.0,11.460083874370772,9.885088621071365
2021-02-04 20:00:00,1013.2616327123199,7.748007768297311,9.150735926529794,7.852083642343289,78.39227565447953,14.977602232259931,7.699206944726246,7.132749574498814,3.53970979146809,2.935432384826934,1197.3833403232595,2.719953900400324,7.068462650746372,127.32072653056973,0.0,0,0.0,0.0,0.0,11.847465479655636,10.213738074067424
2021-02-04 21:00:00,1014.5342837055869,10.040734169656428,10.037838045153597,9.385633308201708,78.04193098378055,15.497473337503859,7.788867525901142,7.143293040862082,3.8129424138603296,2.783389523271893,1198.4388130723362,3.2684173734669364,4.997024267929644,119.49027440708417,0.18705206100629168,0,0.0,0.0,0.0,11.540351964667012,10.59659588645891
2021-02-04 22:00:00,1014.7315891216048,10.304411486025431,11.345878609794694,9.532515422041568,74.610059684181,17.69156756993104,9.156739002544178,6.936617155997388,4.058125054151617,3.543140468131805,1198.3874351934123,2.4440992052532695,3.394204155848017,112.96129433772659,0.3307601433160884,0,0.0,0.0,0.0,13.372500267347302,12.105713157363201
2021-02-04 23:00:00,1012.8621333615073,13.135662628970511,11.61515984298289,10.66537819699098,73.12754815742018,18.395331405169873,10.471491895419623,6.913915498543186,4.519549516830241,3.7186955796898586,1199.253102196016,1.8164859126051514,4.637469684825853,111.7829161989893,0.0,0,0.0,0.0,0.0,15.015023978794305,13.838591767423024
2021-02-05 00:00:00,1014.5240481712516,15.645847805951599,14.034430886677463,12.002681376428201,69.17664777532178,20.887091111751964,10.406374079606401,6.583236964985182,5.1240034428187355,4.0848702218436195,1198.8243949916894,1.6268009014189644,4.278368853855944,114.90144092677401,1.3080678982055653,0,0.0,0.0,1.3765945564120936,16.587871184744596,15.834534056680234
2021-02-05 01:00:00,1012.8975764400483,17.532578605073347,14.237202831040381,11.62963509520232,64.31932760625725,21.157719943773973,11.387580012079681,6.654824882108853,5.7312799881862855,4.69780341418352,1201.0140191578434,0.9843430146619718,3.2163389691803626,109.22348394337384,0.0,1,83.81552202212464,149.6291255991148,201.25094536353203,18.35232333468406,17.74141582297151
2021-02-05 02:00:00,1014.1412730401461,20.341511413714603,15.797752137101467,12.863543497834705,67.50144236813651,23.37141366997764,12.288852614994562,5.909800008948552,5.4049307051481605,4.4350376740938415,1201.2205698413206,1.9619766363115982,2.8332689778084084,104.42599300602473,0.25975537193497844,0,177.28770029335197,288.65830474308746,357.55638659933345,19.297301541018655,19.293645568800844
2021-02-05 03:00:00,1012.533065601638,20.122446727374975,16.551569352916403,12.591468263464916,67.75925635341618,24.21280644683906,11.673387289967838,6.155365287729835,5.803113246399683,4.273564950799457,1199.9478124762982,1.470895197571528,3.765986314470404,95.61171971737616,0.0,0,221.94031505956687,446.99055398870985,524.4637677312755,20.0956281725132,20.139215297408853
2021-02-05 04:00:00,1012.5822039444986,20.96279875433146,17.118090139813198,12.888697840987176,64.75916170845498,25.03228121437322,12.63544746476668,5.679405597804092,6.140748853931018,4.8285395689793695,1203.0720335683795,1.8965000151155882,3.5455609296833357,93.52364501977351,0.0,0,265.0116407667888,523.8813239614306,584.0105739387601,22.04077375585841,21.483530951204155
2021-02-05 05:00:00,1012.639748617014,22.03137203436596,17.164830564726774,12.003435146190634,56.8928269056665,26.111712627968185,13.140079340230544,5.249883947767682,6.602037114920921,5.256320005200446,1202.4119024913707,2.7287663819701713,2.671392570326601,95.69568132686312,0.0,0,302.54833797191816,547.7849124709609,619.180935224219,21.24749441107651,21.400759468387115
2021-02-05 06:00:00,1014.7609106182929,23.462309796583906,16.35477745636568,11.956526092370765,56.36360946778003,25.850413260405205,11.781401843260834,4.953493360110702,6.45901051140539,5.205385180349608,1203.2519323399854,2.8716862322728307,5.4507794263778795,104.60275712160714,0.0,0,296.8397252695533,591.1215094354719,745.3424075207399,21.488755067043616,22.063536294527037
2021-02-05 07:00:00,1012.7698508324152,23.075952664301077,15.556555943582875,10.956937311315688,56.40776441203672,24.464572289155722,12.295033240366203,4.620864397748461,6.3040668948128715,4.91598376562714,1204.3482411674822,3.092299531506204,6.397841468231005,106.9270229103644,0.0,0,293.4591043021109,518.5188278103975,751.394494292996,20.933699974199627,21.84855462008263
2021-02-05 08:00:00,1011.39462992195,21.999782892028716,15.834102167052562,10.538897022080283,53.82366804067315,23.66471836111949,12.688626854591737,4.575420465444767,6.442384707217745,4.755287007906043,1204.395608673118,2.8409046802305316,7.438445003676534,109.18582172800352,0.0,0,250.0285126577447,512.2311147246465,551.6237284611223,21.238020515343457,21.704150931858415
2021-02-05 09:00:00,1012.6079714769411,19.870784315117525,14.425720127098419,8.944288542748778,56.230186851442845,24.878851767261413,12.05879263674094,4.646698732649713,6.2519382250482405,4.7776063342603985,1205.7051081558564,4.309545947853669,6.147444053206812,102.71126496148638,0.0,0,181.12096792925365,424.3163034280985,503.93933053791176,19.861770625710786,20.18472588801016
2021-02-05 10:00:00,1011.41643874482,19.53680710533045,13.683389611791206,7.600961903595817,56.29794421602505,23.615129228939924,11.103669095445847,3.958398945457013,5.746248008115294,4.3507810660236546,1204.7067044777946,4.319746562720067,7.150547758713428,108.66020974630544,0.21518325638855085,0,156.85671704774686,372.3379280154375,327.55649053478606,18.996365017880485,19.262638434328533
2021-02-05 11:00:00,1011.1881231301594,16.21325901646484,11.78667692321911,6.850878419205611,52.26782051290811,22.496584743743135,10.538159230899074,3.3548459565840743,5.2249847223296815,4.414709537773938,1206.4808197363773,4.021556350074177,7.1678551523067915,105.81086998823912,0.0,1,84.57931521946703,209.22950949529164,225.34226617180286,16.495450065033054,16.88110585893561
2021-02-05 12:00:00,1012.181796116039,15.811264707663813,9.819816786354759,5.592881077595179,56.554256918551054,19.9912358758589,9.49003370138343,3.3939055572881958,5.054055913447076,3.917714622274744,1206.000777140732,3.60713347218637,6.800356855331964,93.29498778796088,0.0,0,0.0,0.0,12.332286741419253,14.649191629898063,15.174320007324518
2021-02-05 13:00:00,1011.355834174048,14.929654535377878,9.819515452144307,5.669519941580708,56.330534967432854,17.800768328386035,8.885478763016161,3.2552805916396945,4.565117790655732,3.5639935690106537,1206.8008373350049,3.8420051319193065,6.377460050002116,112.30856856148618,0.0,0,0.0,0.0,0.0,13.60991320634117,14.270051263798743
2021-02-05 14:00:00,1011.431020983883,11.256515802599953,8.146833440853591,5.357532286717806,54.4147943559766,16.7902080786744,7.887480587437743,2.845352349486139,4.201797351242883,3.2483447194153787,1207.0949352363866,3.6848620665862457,5.713749098952898,114.96317829690432,0.10465318898867526,0,0.0,0.0,0.0,12.386739482333013,12.485620820356477
2021-02-05 15:00:00,1011.0977710156668,9.751321445468044,7.748555469292748,5.988104834364842,55.79676304036273,15.763071570561374,7.545848610494407,2.747840140555864,3.8368597844998122,3.2040964078922625,1208.311798137175,3.0488794406621533,5.169399521266255,113.04100546078567,0.0,0,0.0,0.0,0.0,11.480455313800384,11.014580920037234
2021-02-05 16:00:00,1011.2355832859054,7.726794931497682,6.800741425381847,4.9030905848323565,53.11001659192728,14.300328465150876,6.902760187809327,3.0177283081922246,3.8859585437877753,2.969291360210693,1208.1528606283332,3.3744065739227174,4.9085045405449605,122.90304946754867,0.0,0,0.0,0.0,0.0,9.520871466074343,9.106919829339233
2021-02-05 17:00:00,1011.1874172339075,6.005444064926707,7.8257986284201655,5.458352481120365,57.435175583057266,15.02873240375254,7.5111202611515235,3.282156278968465,3.6010873058317605,2.8812804624256403,1207.3285141342599,2.516763358710029,4.690654800294398,135.46479923482582,0.0,0,0.0,0.0,0.0,10.365604457531647,8.879742930475317
2021-02-05 18:00:00,1009.1804739551379,6.5780964458788445,6.785035142280384,5.982869752836075,59.40816823046242,15.119751439821869,7.668424030277147,2.9455875389108535,3.707140176377926,2.8360258887611622,1207.4489028997496,1.8205254302431872,2.662883255876179,128.6675321431498,0.0,0,0.0,0.0,0.0,9.493431765358128,8.241399780423594
2021-02-05 19:00:00,1011.1474643335896,6.50756672091834,7.599795473216152,7.13563913860372,61.206073755325605,14.443585392630686,7.866208482682623,3.3237315402311425,3.8183764896620245,2.8264499011337785,1208.3369515318595,2.0888892991324184,2.8925434101450485,139.08268434658538,0.0,0,0.0,0.0,0.0,9.999982024281175,8.613595361680117
2021-02-05 20:00:00,1009.7143844641357,7.058893566233921,8.655796524276939,8.173925558464052,63.25775382404026,14.798415703944226,7.588472830089612,3.828955122424973,3.792758048096659,2.754143398767047,1207.900152596765,1.74408106027966,2.6922979980654445,168.11740868947294,0.0,0,0.0,0.0,0.0,11.83353266461266,9.840977998463828
2021-02-05 21:00:00,1009.2336678679727,10.54879770990438,9.12110599811751,9.037055333120424,64.74823200098456,15.109875823643351,7.960896507693288,4.008344722654076,3.8380444052431115,3.005395837229861,1207.8578730405573,1.8967633523415268,2.81541130667103,143.2674131329944,0.0,0,0.0,0.0,0.0,10.892194052666145,10.23134989401087
2021-02-05 22:00:00,1010.2300758298379,11.19100376261806,11.056558572981587,10.526111341168878,65.58902692893086,17.77321694807804,9.55684765980231,4.599214437468465,4.458065246443961,3.3210650189722153,1207.0074021071277,2.8125580060630133,2.4215996483821054,164.2763241905746,0.0,0,0.0,0.0,0.0,13.727238370242574,12.616413619285716
2021-02-05 23:00:00,1010.2351536180274,13.195228945609488,12.996911848420648,10.803575436961527,68.61449700180773,18.485239134809298,10.03228270611473,4.370430153850867,4.704904372801865,4.1024561934946195,1207.7865415071433,2.106344874606366,4.335337678031024,161.36444692254642,0.0,0,0.0,0.0,0.0,15.224671063253707,14.112260438747304
2021-02-06 00:00:00,1009.5062688068798,14.783684344362554,13.232369952959855,12.263893982754382,72.00406398662042,19.85541780079464,10.727441728994581,5.47043298668988,5.5206735553615145,3.730232735916627,1211.495971524063,3.011654824027464,5.383456295636208,172.48363202173869,0.0,1,10.688793053673042,0.0,0.0,16.10772951377043,15.339843136194318
2021-02-06 01:00:00,1010.6210183410908,16.949542603109762,14.861120797873683,12.708334101757938,71.76689673668149,21.79350131495239,11.083226365982755,5.039697866619981,5.450249145352718,4.226787553459647,1209.002758013261,4.039481187648217,5.559960485132311,184.99508712363226,0.5705260734077775,0,97.24250915971604,134.81595705797568,94.8636105155665,17.85554362782718,17.16826447912813
2021-02-06 02:00:00,1008.7796579116541,19.67518547756759,14.293263561296541,12.873595843848713,74.51747545820123,22.70714423550545,12.156523454080693,5.27820754288566,5.889537607802827,4.619653412022107,1211.6849363071592,3.99011917167992,6.27840890225537,184.0160929870662,0.0,0,109.74758776753741,318.06014080505514,392.9457454881205,20.236390226901356,19.603061895999176
2021-02-06 03:00:00,1009.427204759331,20.634218266405664,16.40298165917532,12.873598924009428,75.36790936014803,24.316078273680144,12.066365238809638,5.988217444100508,6.118744950039015,4.787861586769349,1210.280038007107,3.941306532235359,7.066800349896148,206.44482976186526,0.1825501535175974,0,217.7654517565554,425.04249648842637,548.1207159002503,21.82275659724423,21.20348634658309
2021-02-06 04:00:00,1009.1864476602593,22.299688986892697,16.719007717415277,13.818842122418442,76.20648216704066,24.47491899728371,13.097916600055946,6.058683433723845,6.279218387303011,5.254024392828855,1209.8954609320467,3.427170196228776,8.098511262155307,220.87311766377684,0.5881306080050192,1,215.85580927846632,538.2700258914322,574.5068609710287,22.10852907408367,21.935172431134223
2021-02-06 05:00:00,1009.5209573052598,22.590203601821045,16.587103425491488,12.107726229112695,80.17718076896605,26.339098552360635,13.54582775636389,6.524337753428985,6.397130429516091,5.09741140544631,1208.4856902307247,3.145076607819014,6.633803882405985,222.22624230028342,0.0,0,278.80742568874524,568.0658531904502,727.654701235085,23.053157061094858,22.82439848514608
2021-02-06 06:00:00,1009.687557521785,22.760492976487566,17.3174076804423,11.906000108176036,79.49614982945774,25.947794479432165,13.592617951086922,6.717305431777944,6.558848768931713,5.153091720169878,1210.004668895576,5.163923619800144,5.794761116101765,230.24613117720867,0.41630901321408464,0,321.87313615792465,674.5306154820609,620.8171139481358,21.55522583686764,22.01178928651563
2021-02-06 07:00:00,1008.5668137852397,21.742566694391254,16.068367808918875,10.649118713751955,82.67259390635287,26.374955388051422,12.969166259240147,6.840230399150328,6.5531238897963755,5.322036694270147,1211.878479114514,3.989879803217914,6.2132231017781985,212.08875811779544,0.19642912125471312,0,349.97315055510774,552.7658904878806,677.3458035624695,20.663518145772642,21.247826507534533
2021-02-06 08:00:00,1009.863702014578,20.54377888661862,15.309189083524965,10.692998954776357,83.04689179978656,25.0955843337859,11.695475045390815,6.801133299585057,6.5299156856055625,5.401372817125017,1211.5028556976995,3.152589616780257,7.190889297347322,228.99229855673158,0.0,0,255.03114445235227,627.2782307925918,599.904859114671,20.839120148988453,20.900801815206414
2021-02-06 09:00:00,1009.2483720666676,20.473760918745835,14.14420640094427,9.296325260627668,83.25032363462904,24.174540832727246,11.73652592893897,7.086531230515938,6.122430283440561,5.130027812213513,1210.1511220586488,3.1747284445649497,4.071279553257335,241.24275316845782,0.1672601622034099,0,187.18971678856337,473.941025405894,499.3621822505629,20.280803021725127,20.368488875714327
2021-02-06 10:00:00,1007.6007131900656,19.03954768439532,12.150293255429725,7.6370790740439185,83.83260173004268,22.393841285854062,11.809814502120872,6.906148083070987,5.657422164914965,4.572669223178179,1208.6328076414331,2.081536744524992,4.836068269812946,249.9954645906632,0.17536356291798627,1,139.73015651169865,333.2846114953728,354.1272585126047,17.353412782387508,18.24299872834321
2021-02-06 11:00:00,1007.4663601462262,16.17026133512423,11.243050170274671,7.15467075890909,83.85543093577576,21.93279275712436,9.837835538744955,7.100118215722782,5.322857768334026,4.300680011776577,1208.7020929176415,1.998775468709403,4.640755364055071,263.06569346921714,0.0,0,78.9671072915624,113.67232168722062,177.32124841069415,16.410692005190967,16.744912689554937
2021-02-06 12:00:00,1008.9450595937818,14.975867594475686,11.002945709753314,6.233653924912475,81.70839765582197,19.5620800229884,9.380319378450736,6.69597635706321,4.735412611419351,4.0093438489568305,1208.657973319559,1.4036967785837398,1.3755218169157024,259.9724282190447,0.0,0,0.0,36.387295347798975,0.0,14.911762444311288,15.116563565474328
2021-02-06 13:00:00,1008.7025952026609,12.96707443327327,8.281475288202238,5.300415134908623,85.63746311093055,18.203874542785325,9.228730540759607,6.339159401664635,4.944014201060696,3.718817027569505,1210.6139591923347,1.0131131288018764,3.3585625128623704,261.4695091996709,0.0,0,0.0,0.0,0.0,14.09019191705548,13.942263897722956
2021-02-06 14:00:00,1008.7239110694131,9.490794395758453,7.948861070876365,5.424857875082987,84.95198104489268,17.000523593041283,8.260595639803473,5.948033109004404,4.141765277295834,3.2305303771304397,1210.7671750125348,0.6672574481651676,3.513113003634059,281.51136546826626,2.503872808734046,0,0.0,0.0,0.0,12.632809592639218,11.897445519514134
2021-02-06 15:00:00,1008.7144132130053,8.702558488872095,7.377693712437406,5.156148576129477,85.55753349256635,15.817971404725487,8.491586067119648,5.965578113710334,4.132827920247784,3.3387906223472497,1209.1059580768513,1.0753382789658057,3.0540810313272284,258.23715691919836,0.13422162419235883,1,0.0,0.0,0.0,10.889901065035819,10.133199420603283
2021-02-06 16:00:00,1008.850320852686,8.35688149533926,7.99628207326735,5.2381044666285375,81.92746725215294,13.950799107184444,6.862560589084186,5.43019937237883,3.756272065811838,3.002091341003222,1208.3571736023214,2.6750199893762105,3.1972739317551193,255.89403585856087,0.0,0,0.0,0.0,0.0,10.638193164661365,9.777520045962447
2021-02-06 17:00:00,1009.3640341245689,7.543534500264485,7.387949656051505,5.548702426093521,85.69106735532189,14.08904210952159,6.609824609182268,5.07730398453293,3.6118576267342806,2.831917770690057,1209.9354161761153,2.0619328330715834,3.8434298313294297,261.46915488394404,0.0,0,0.0,0.0,0.0,9.391482828703433,8.774305546589071
2021-02-06 18:00:00,1007.6560834583241,6.192427558520167,6.9447322908454,6.3855949596511605,79.84712982209908,14.397615109321857,7.549450440810324,5.105491461829431,3.4765104249455328,2.545770924688185,1207.1115964028845,3.267446055901396,4.737145203299436,250.849472443132,0.0,0,0.0,0.0,0.0,9.77412012076244,8.54410913712718
2021-02-06 19:00:00,1007.54949630393,7.383507025037234,8.420767198826958,7.142548722748138,77.38120215074152,14.015276025003613,6.83589191109515,4.297169632433501,3.3935514828410565,2.8533462501512354,1207.8232829421702,3.922949881245926,5.4423634613010385,260.37191370501773,0.18477607174891986,0,0.0,0.0,0.0,9.629557862737197,8.552475607679654
2021-02-06 20:00:00,1007.5576136254772,8.787481827476789,8.231814262677746,8.04488667788224,75.51263016031473,14.691481700186683,7.673009139233756,4.5983983890152365,3.5072548142249413,2.5821270548145074,1207.8944142543203,3.8439137351962387,5.892953585167678,241.5160983032018,0.5952698049929696,1,0.0,0.0,0.0,11.039164249250945,9.927895060175349
2021-02-06 21:00:00,1008.6117356711785,9.887096821801252,10.17174706352815,8.801998904496944,72.27240667901701,15.838562338302081,8.31614750549558,4.031943276879107,4.285032905981167,3.0351419937696975,1206.208267204689,3.976549418759236,6.456470605422922,251.9788757374474,0.612254463994594,0,0.0,0.0,0.0,11.721818604623813,10.82298764234612
2021-02-06 22:00:00,1009.3280557704312,10.933299949090115,10.211860185726177,10.769087470724578,76.9475414613242,16.937019783726402,9.460453984856551,3.705656254421934,4.272792215767424,3.28738045870414,1206.0553918421974,4.346761539179701,7.9222489651017165,254.0220708422168,0.38721252010343976,1,0.0,0.0,0.0,13.947962165983428,12.585166810132772
2021-02-06 23:00:00,1007.9417209939476,12.601864219852969,12.727585525581658,10.63019926112414,74.70002766483796,17.93182797819118,10.06042701228837,3.260957925651936,4.836824981583775,3.7468161844945196,1205.5794663313106,4.071939895653816,5.998072482892312,262.0009758714625,0.0,0,0.0,0.0,0.0,15.017721642778868,13.801094032994081
2021-02-07 00:00:00,1006.2433575431966,14.559458860965831,13.27453421057125,12.040478851150015,71.20149032576953,19.981826938166538,10.77883395805589,3.4208236516997212,5.276981387529047,4.375970004989057,1207.2945793789129,4.7277876559481,5.332804068951626,260.39293774661894,0.9007923678335766,1,0.0,0.0,68.56323865224073,16.462954848811428,15.40791725750626
2021-02-07 01:00:00,1006.8427070355708,17.39802620885676,14.149297267887095,12.364838663380889,66.24992950114782,22.049950855617947,11.17570684880009,3.1200337717087137,5.306059181633906,4.424964347256087,1207.3607576272075,4.773890829664777,7.251003305160575,235.89599289560886,0.18356489305985502,0,98.14468751205571,135.38455298749625,130.39874254585322,19.184620841773437,18.044197886423127
2021-02-07 02:00:00,1007.5039414903179,19.13657278119993,15.559409447777588,13.582226719587991,69.74024968658053,22.474412026366387,12.472259536658717,2.8931651654274297,5.834701153185552,4.889680414527109,1205.1147925302366,4.169532101508892,5.53042607917894,262.0438897891546,0.3123611495370302,0,158.33439639570142,231.0893911734925,321.7258240232422,19.73373505182166,19.23408815772149
2021-02-07 03:00:00,1007.6919672880155,21.097437053763894,16.561118349277862,12.63818056542275,63.55631019148038,24.055399742376355,14.110806079765329,3.039964939330318,6.0696623268780865,4.977570572044568,1204.2716864103527,1.9242183826131998,4.689414166013946,238.05227727931864,0.013708180144663518,0,184.46937508102027,411.7490497022527,523.1032684269703,20.424110020682484,20.399311193030453
2021-02-07 04:00:00,1007.7825510945271,22.02051489946033,16.628154645115565,12.554069714221722,61.961948337546666,24.505336760739105,13.120804497193534,2.6938274028877087,6.067595345073283,5.264241182478852,1203.4675253557648,2.3368604342465673,4.2269860143625175,233.82345843523075,0.0,0,252.50004101305367,548.537202660964,646.2911039198337,21.119452345701436,21.341415690350527
2021-02-07 05:00:00,1008.114590360565,23.300541375555724,17.27332897969434,12.046602464104838,63.74309672574143,26.266245932979558,13.034141959540134,2.7935493321183547,6.411792744252745,5.5305364621354975,1203.5854258089034,2.166455676798079,3.8818461412502265,209.70918005820045,0.7755805347011394,0,273.9357713055647,609.1913555833254,692.2791726601204,21.212930496879807,21.855970876935864
2021-02-07 06:00:00,1007.8121612323664,23.06621477307039,16.485185503796032,11.916212857768976,60.71121945116372,25.95382089658106,12.421054545126887,3.0439119753709023,6.617501318047846,5.053632633539549,1202.5399481923127,2.1056959552915075,2.84870821073644,213.7994260987996,2.9437090035805222,0,313.5381141815926,570.8960666893012,693.6403838921608,21.930494660395304,22.41993169583814
2021-02-07 07:00:00,1008.8822473815657,23.276688711604724,16.54167584669645,10.399986078021328,62.501906173140654,25.37045514093148,12.43076405786935,3.5378165672839756,6.349082888431431,4.999690104720582,1202.49116020867,0.8560926522331094,3.4351293960934326,224.30769905458106,0.08719077377980344,0,282.3447033657674,600.8883738900781,663.5758750052038,21.79613671107432,22.35678642050633
2021-02-07 08:00:00,1007.4865766786135,22.537779169532232,15.619038858090033,9.787339257424701,57.50706346387153,25.24228522277828,12.16279957166033,3.713773116265676,6.2340694666023,5.172992664636802,1202.4923497311815,0.848028090899641,2.260574434928458,209.05939609318497,1.242980396001212,1,258.35215445761236,512.2087053808657,662.7878289478765,19.722067458571647,20.959188574266754
2021-02-07 09:00:00,1007.3255589637539,20.09368560833507,14.302341310984932,8.08064839996636,55.34774541317328,23.6408405796716,11.443753780453763,4.209795853111123,6.025986800702703,4.847792446611417,1201.159031707612,2.527561849892905,3.0264882501517416,201.78367087073102,0.0,0,208.3481459591191,478.70746763506486,506.99447930739524,18.979497723874765,19.79178691183846
2021-02-07 10:00:00,1008.3899527570435,17.73429916719049,12.888010035129255,8.004587567231587,54.28750283874439,22.483252234269806,10.947510670687029,4.131961742914963,6.172305866262023,4.644070766561393,1200.8556965700625,1.884816448102626,1.9426677763991451,196.1635759191089,1.2768428502845945,1,120.39730940549211,294.801485541042,306.3880613799649,18.156601172497503,18.341588336546387
2021-02-07 11:00:00,1006.7731997191813,18.1509973600303,11.884813788195608,6.749546818033973,51.43433472501159,20.822847505689193,10.896486605644677,4.767637212762417,5.021418780232883,4.260849475701545,1200.3379050773572,1.811670644450026,5.2537494212397,172.54041636895198,0.0,0,105.75363688989941,36.369532570183765,134.67821341201014,16.307657685250504,16.982488826236448
2021-02-07 12:00:00,1008.311753364256,15.179661111498685,10.79752583821016,5.535352938829171,54.44280845438759,19.46661038122138,9.902858774562581,4.977225889520946,5.100328659805472,3.8807482565950715,1199.682436565274,2.448179596138522,4.8591298427523,179.03391446598508,0.27734654609025566,0,13.24660114367043,35.787240348439,75.67306562969652,15.426953991734704,15.773737276920038
2021-02-07 13:00:00,1008.0837559221033,11.729307512332802,10.367350188008121,5.941308800888184,57.41751375704757,19.12575452138497,8.599787713451972,5.158687316385669,4.561103616895833,4.013570079632018,1199.0351925605546,3.63986350797947,6.220123560041054,187.11084413316368,0.29421500645907284,0,0.0,0.0,0.0,13.98554500536752,13.600603048028516
2021-02-07 14:00:00,1007.8888983342925,10.500326351946873,8.801728956583286,4.5985254288377355,56.70878095097612,16.63344083435868,7.530430093107678,5.761101820793909,4.121869018299508,3.1800277772360124,1199.7169119702603,3.42435004936074,6.6668348867860585,176.97522200730077,0.0,0,0.0,0.0,0.0,12.422853433629632,11.838189775014417
2021-02-07 15:00:00,1009.2860342170537,9.883457755166587,8.065548715490193,5.319203895698999,56.18242302545146,15.99047187420652,8.03447059448656,5.986797628350936,3.883764686788942,3.288750314424465,1196.6649193206213,4.246645846011782,7.171901831865915,158.04248197064274,0.0,0,0.0,0.0,0.0,11.685102121968898,11.056974664765017
2021-02-07 16:00:00,1007.5296245669228,7.876022987931493,8.668727237051733,4.871408651479012,55.01975005560073,14.385696867315428,7.1360866329910975,6.159751380543978,3.8344371430900317,3.0656151726047676,1199.4951629508237,3.7908863975426126,6.963395083164929,168.27507527756256,0.0,0,0.0,0.0,0.0,10.179359079506192,9.559139857961576
2021-02-07 17:00:00,1009.6910142295502,6.9141503961641195,7.2616270116872395,6.206098861748578,58.553445931656825,14.584211915147241,6.315126753237659,6.540488703666751,3.6960159793705203,2.5250863489390776,1197.5473390121779,3.4081500152238684,7.280197420215768,133.59955399306077,0.0,1,0.0,0.0,0.0,10.050823023285131,8.940434861201833
2021-02-07 18:00:00,1007.8812131376419,7.980617302219077,7.465639310027853,6.51299337818186,61.41902569259259,13.486958999534343,7.34477231387349,6.706144730381405,3.537203424486951,2.633843934001281,1197.519847632237,4.838023106530423,5.963023277479308,130.28302335143718,0.3226209919494316,0,0.0,0.0,0.0,9.427986857430641,8.689068999437772
2021-02-07 19:00:00,1007.0621123062041,6.5394923872187665,8.120517887430026,6.647574509801567,61.7300170778091,14.224059006146454,7.72451803609716,6.848647627868318,3.7696595238577193,2.7083508962631417,1197.141398287696,4.034718848236983,5.3486323743892825,152.7501088634893,2.0724826766379865,0,0.0,0.0,0.0,10.559203238727154,9.167487635373845
2021-02-07 20:00:00,1008.1651976611267,7.513089419295989,8.097589184134101,7.654416323788027,62.833470339266526,14.830273232227754,6.78135297278686,6.887096876042256,3.9547284933434352,3.0736863381219743,1195.2245744092113,3.2777507557043126,5.603155539847136,134.3567224081621,0.0,0,0.0,0.0,0.0,11.174851839219556,9.564107316438545
2021-02-07 21:00:00,1007.2771542377566,9.49111628304145,9.445246343451801,9.30061535298172,62.66583320796129,16.921261981094045,8.012584266586266,6.7390102922212725,4.10261501661031,3.0780648413900393,1194.5457364464253,2.739319139159207,4.456178895683405,120.54258408405316,1.050504749413124,0,0.0,0.0,0.0,11.48299116687115,10.389537183777449
2021-02-07 22:00:00,1007.5689661903039,11.273318452437632,10.638214175341549,9.986629722135541,67.85207795168613,17.31521264399002,9.001876590979116,6.984568589203393,4.14076150977054,3.3828820386778258,1193.967730715346,3.287823998214268,5.456331051948235,118.1632588901295,0.0,0,0.0,0.0,0.0,13.440701528819469,12.306417972857307
2021-02-07 23:00:00,1008.5235279656714,13.276887763218317,12.514763598296751,10.98263023565494,61.778297479210835,18.150633722220217,10.108524189601653,6.718842366827542,4.710659742188788,3.397887674480025,1194.306541620021,2.4601411301718854,4.014540324072646,106.40152532560909,0.0,1,0.0,0.0,0.0,15.01074076125308,14.016664165422071
2021-02-08 00:00:00,1008.6891830894443,15.637866631198074,13.39051375219604,12.378319908306896,70.76569141773012,20.342524481825116,10.389709358535413,6.527985034040079,5.099840131827678,4.465182343343034,1194.8213521686264,2.4475734908981295,2.694764080334723,113.48389371531968,0.0,0,0.0,0.0,28.690260244781047,16.767607641812866,15.961564407369986
2021-02-08 01:00:00,1007.7890583843357,17.20955739529733,14.73266110109503,12.193459410953546,77.09853684519007,22.62200150585781,11.003822439171275,6.483948917417423,5.2251022809244905,4.324821977870941,1193.123034064281,1.4279035823395254,2.8131521431711133,109.46926150018257,0.2945239488897433,0,95.15282848015755,167.1101614323864,107.78472530053814,18.31461732431956,17.63683973809578
2021-02-08 02:00:00,1009.1220219835511,19.342568757256842,16.21170856439,12.91492532067846,70.86553890187407,22.18518195475782,12.277125628898066,6.432380528207506,5.43611222118914,4.699800179459382,1193.9166255765897,1.745083191173921,3.1367897595660668,105.02343743575416,0.21899078768396396,0,171.52904341777636,287.0182672657603,339.48003080468,19.071050582244307,18.859706147955393
2021-02-08 03:00:00,1009.3066085438604,20.475407767971674,16.85402162876977,13.381424697773209,75.25751257607344,23.82139966583481,12.313147513348722,6.037122701538194,5.656105047504882,4.740403039710791,1190.5610109692732,2.0752664330784976,3.2135468275119923,91.12837174476357,0.0,1,190.5126297573438,473.40754467199224,528.8591841977109,21.103189265621186,20.682150814954156
2021-02-08 04:00:00,1009.5813141170376,21.97209204254114,16.794668358857773,13.171822014280119,77.48417801975043,25.07770364314993,13.061113517843825,5.577811844979878,6.313009203699075,4.908705019127745,1192.182984543251,1.8893415527505173,3.931821606974239,103.86294086971269,0.14851526828489747,0,241.1913372404278,531.4266908147093,640.2714364999723,21.783526961256584,21.634450352584988
2021-02-08 05:00:00,1008.9106043039513,22.80268053635007,16.661354678257567,12.370684622401285,78.20625580701761,25.58701084416342,12.549666814531566,5.233027143760301,6.5084966824069825,5.541647922537585,1193.3956777530418,2.5076077591747956,4.370883348918486,95.00930982844005,0.0,0,324.6714856757291,582.5818143214357,647.5254145871464,21.486886306315274,21.888615724257853
2021-02-08 06:00:00,1009.6357103487267,23.150568695073325,17.344319811454607,11.671264485047567,82.67935020291617,25.833621650835063,12.399266525829173,5.127162652437773,6.263643684469518,4.816655678598674,1191.7388587672176,2.70819483005835,3.8874746012238965,90.14022739510813,0.21358874695314944,0,298.598697004128,610.4054463649269,648.9144977701084,21.284406764659536,21.978688313016562
2021-02-08 07:00:00,1007.1012756943109,23.268184475620522,16.61843524018576,10.253680156840487,82.84520213307903,25.14343882493782,12.9878643006244,4.173356490776717,6.658095205943883,5.214840405233043,1190.7841506843795,3.644155785074445,3.9633166326481577,112.97184906803393,0.1993693580809789,0,276.5719971443464,608.871733011909,686.8337337732914,21.222677598471837,22.02323798224923
2021-02-08 08:00:00,1008.415547742175,22.316805207636826,14.594799417923912,9.556252658261593,83.29498180186127,25.898130449481588,12.349291629366066,4.475432711188538,6.329481735535928,4.796929706319737,1190.6829027400179,3.174926810667233,5.98668798345952,122.91259333737602,0.020631169912542158,0,238.90415523724727,529.2462379963039,540.5946503679048,19.98770428549369,21.0620515445485
2021-02-08 09:00:00,1008.0431949731708,20.687806151522526,14.17622586888473,9.068938419737938,85.45273811000786,23.531336387880987,12.026576169855081,3.6251968450139196,6.330550694762895,4.7675279065444585,1188.061912195048,4.411818034543309,7.180444971647578,122.15213518507096,0.0,0,209.30291874794202,351.8833953859653,559.1882766287787,19.9226917473063,20.473087367409935
2021-02-08 10:00:00,1008.9020278491748,18.433611810541432,13.191458922320717,7.853266150003539,84.52238881247946,22.89989359518887,10.740904604129252,3.43134319896232,5.824107173996748,4.472381106465219,1189.8527434531622,4.435606679787327,6.679720278373556,111.32581797475022,0.22048264518528593,0,180.1578884195655,343.58035456115476,357.87043821204804,19.176398799903232,19.217413155305675
2021-02-08 11:00:00,1008.4222096815325,17.117922241464175,12.198458248873598,6.979603592963043,91.23140189825416,22.075829566495557,9.86723805392993,3.3650579475094355,5.1749618532779715,4.113387317439193,1191.7214371075406,4.178595814662223,7.958866796748616,104.83952624627561,0.0,0,91.35447316601883,160.07843538455654,146.33275276066635,17.819493749542335,17.73621858167266
2021-02-08 12:00:00,1008.8219887545655,14.980387550573026,10.97744971416316,6.546277080255518,85.30269386731348,19.984907571427108,9.948279562631232,3.701974021017296,5.091656242658039,4.0070883459412725,1189.9068320701522,4.350591597745818,6.694541448129766,110.01441187119862,0.0,1,3.635246926215919,27.394112288869934,0.0,14.747394649513364,15.161222013570901
2021-02-08 13:00:00,1010.538973202707,13.064674745049052,9.478403612229904,5.032135796073581,85.26223711758657,17.957388645933474,8.054137294441393,3.456098630431042,4.745793571320635,3.175811316415759,1189.876197375108,3.6531536607260278,7.371332070774685,118.52385909150323,0.0,1,0.0,0.0,0.0,14.348336335851346,14.122228620359024
2021-02-08 14:00:00,1008.9784943555788,12.5445677149984,8.624642511363696,5.0271200672986724,81.06795129518952,16.32566217181311,8.51432635464632,3.1716820451350154,4.140475282822621,3.3369023036162786,1187.8867118056255,3.1095608156597536,6.605563038062825,114.51396702586958,1.1529029745311212,0,0.0,0.0,0.0,12.546938381114648,12.624006169175745
2021-02-08 15:00:00,1009.529004025752,8.976504805528965,7.609622141771398,5.0759108050521995,82.77129233306256,15.64235971486698,8.027725420318584,3.07130847565909,3.650921228758243,3.1334138675061793,1188.4922788009362,3.2718630773943786,5.841029492139634,136.61955810629973,0.0,0,0.0,0.0,0.0,9.917433321478445,10.076271351519068
2021-02-08 16:00:00,1009.0984604086736,8.367399083112243,6.787545295531303,4.870161006044334,85.2851364203662,14.425332794368135,7.499744148082066,2.6579291003730923,3.7210211071846633,2.6889142061774716,1191.244830224917,2.8488808162537933,3.353150405983026,108.21971628179175,0.09660236016710766,1,0.0,0.0,0.0,10.330868156855566,9.636846385720744
2021-02-08 17:00:00,1009.4336987753039,8.020516836758503,6.873015577782692,6.138061156161389,79.22938640364887,14.30706058811711,6.73060391667442,3.151966391004327,3.3509423335031685,3.143532752743001,1190.6309987331158,1.9107409880029702,3.728137315005465,131.15662955204218,0.0,0,0.0,0.0,0.0,9.812156101645472,9.147532732643745
2021-02-08 18:00:00,1009.469279438416,7.068601339869568,7.232813147692024,6.576607883256598,76.29148736919436,13.29927442613791,6.7331907317861175,3.158104888719102,3.7241775326122264,2.6811083250405368,1188.7025609685606,1.577640828958735,4.2461679824170275,148.01071492067229,0.0,1,0.0,0.0,0.0,10.756465745916657,9.42410730803116
2021-02-08 19:00:00,1009.9168863743098,8.909084973107964,7.751170725259923,7.166846988986705,79.19605237750596,14.610962910709397,7.230221053204503,3.3045772470374972,3.469675924481078,2.79339215996015,1189.383132260881,1.628263179203902,3.248260273782016,137.7389425879458,0.0,0,0.0,0.0,0.0,9.865858708964224,9.20707666963596
2021-02-08 20:00:00,1010.5865929966434,7.8071692655124805,7.659285720706622,8.73894205640372,80.24148901494992,14.861622338875618,7.233700464028239,3.7453853986218446,4.045882115622006,2.842325682675737,1190.0256087033183,1.4437470946771183,3.4738724179747544,150.23689962216795,0.2723037838047454,0,0.0,0.0,0.0,11.46714555424324,10.168442394890258
2021-02-08 21:00:00,1011.0706749564317,9.570008206131575,9.468455494196366,8.458847159047853,75.8250139428687,15.852277510056894,7.957728523937936,3.9057779981106444,3.5145080947163967,3.1351586384900143,1188.926988861892,2.636726530021352,2.157639348338607,165.23091055423,0.0,0,0.0,0.0,0.0,12.137859158945965,10.846292936727345
2021-02-08 22:00:00,1010.1010941102782,10.440835978574679,10.919401635232187,10.088490461977253,73.21003647128538,17.72053838911983,9.30395191210576,4.4898196225424085,4.276959120828985,3.6616288187011747,1188.2143801091484,2.3226139645045762,5.249456725113335,181.290836857023,0.0,1,0.0,0.0,0.0,12.666251751970627,11.645461276745783
2021-02-08 23:00:00,1010.4278303637849,12.683380324579554,12.050271613734155,11.196902026037133,68.24091700781878,18.22818798019896,10.07445947076789,4.265512691143629,4.897649960366488,4.184020306661673,1190.1815313496697,2.5626739304502664,3.6828601912963728,160.08815775852537,0.0,0,0.0,0.0,0.0,14.702122700078517,13.5582440979782
2021-02-09 00:00:00,1009.1403821311892,15.174253737277528,13.35418913555088,11.503602344880507,70.90450824540451,19.637091652633288,10.176178061771118,5.015002284469213,4.8219391368225155,4.149127840740111,1191.0620433992217,2.533637513155506,3.4044598865998736,166.31925512245172,0.30727237357309245,0,19.03703602762549,84.07091526057454,15.926328744597987,17.51797937591426,16.20685810855487
2021-02-09 01:00:00,1010.0976674214434,17.662965204435512,14.90754507376008,12.61322077702858,69.36465733446538,21.27903245644164,11.607127974080822,5.171476910631005,5.356388380528362,4.528181607517371,1191.256053054758,3.8141209098416304,5.403139696391193,177.51215754141327,0.0,0,87.18253578455325,230.33292809449762,153.29964162433797,18.019723891156115,17.50371369639418
2021-02-09 02:00:00,1011.0290363968318,19.22336638381631,15.128502660791378,12.435774814293106,62.554249325260194,22.903736715238225,12.167979251321828,5.602113120868146,5.669392857127155,4.943285496295387,1191.739782809116,3.5298214426202374,4.327588138156139,178.51649570827172,0.1675795429436172,1,134.50594415643215,385.38888279479534,300.6187649720494,20.04728238130056,19.48365580539974
2021-02-09 03:00:00,1011.080282087154,21.538234644026748,15.60842515244218,13.275796507621987,66.52881341191804,24.19715823972366,13.104430964505287,6.060925283895842,5.923906643349374,4.898302352777156,1189.5363774963364,3.799459369379246,5.863950691735937,186.04173905408683,0.0,0,215.89660844602875,439.49212821130624,559.0784722961386,21.155635043496797,20.96144464467721
2021-02-09 04:00:00,1010.669287786236,21.861727512860593,16.701443964960063,13.271308926177433,64.03139105178428,24.780803554405715,13.071946234371362,6.062113646851055,6.347962633899506,5.353280659263694,1191.3976478719826,4.6665574104541605,9.016424972507968,197.63499948910624,0.012776280534493034,1,239.64757110384124,505.95424956672343,636.5049682710916,21.200735243222105,21.416608220752423
2021-02-09 05:00:00,1011.3233213663563,22.494888639425177,17.37840942944758,12.54346304986093,63.13321044996407,24.78401233121783,13.41770549801515,6.564935314100435,6.189804419233769,5.317591218024953,1191.3448429563166,4.4739114394118245,6.665582884021847,226.14439642171547,0.0,0,307.51727485146114,593.8093464195024,710.4895312147992,21.15158057474255,21.59392963163091
2021-02-09 06:00:00,1011.1226608684973,24.89278957509557,17.620458965371324,11.045707711362633,60.56044846586843,25.719535499560482,13.131030769895812,6.689583166527038,6.477806243733955,5.228797471862315,1191.8226093707533,2.874109220351974,5.589821073185018,216.8792318193129,0.0,0,317.2375527937968,636.3433980420778,670.4645196617255,21.278933994233977,22.364791086228053
2021-02-09 07:00:00,1011.807689522566,23.003372964921997,16.62255376927818,10.562488933382422,59.407065313254165,25.975467790877875,13.077728281475107,6.747267868536445,6.552087586970522,5.229179198437179,1192.016758751796,3.756738510710327,6.305813528625943,226.1998659696501,0.0,0,286.1850389684487,553.5244595418282,757.3441535829598,22.482568811162817,22.974302964192525
2021-02-09 08:00:00,1011.1978041101867,21.424566148090545,14.663795947137258,10.204634656613019,58.05106074063692,25.264281575833394,11.733436802612113,6.875501008822225,6.256019363399333,4.6749470918677645,1191.9081035646186,3.507385996597234,4.965797290625841,221.8683662073807,0.22876716478219583,0,293.0782608730058,475.56711275761677,594.7870864238722,20.96173550122308,21.383688782494783
2021-02-09 09:00:00,1010.8020241857178,20.17086961591887,14.21661921865058,8.95007418651308,57.87875165533316,24.842417922032304,11.608896093716288,6.969089621762615,5.860619331782693,4.906951989513108,1189.9111417339188,2.8302019221094876,5.691615359739248,242.90391324556887,0.6886830143123853,0,242.5899557433641,412.906608950702,454.8827111896497,18.757595161474143,19.510959423077782
2021-02-09 10:00:00,1011.47683325782,18.340124059827975,13.237018381852927,6.830817978503302,51.873597067416114,23.97774327198183,10.938348697206717,6.816048203511774,5.956037079720284,4.291250495910728,1194.470522956982,2.6355556465215364,3.604323889839835,260.0411957278459,2.1194660982726545,0,152.99293196891904,269.1076888987053,321.31629374017456,18.966639162725887,18.990644954980354
2021-02-09 11:00:00,1008.986490203149,17.726150909919976,11.897838948774844,7.446764915083825,52.12620821214982,21.9325811563444,10.087780196147692,6.880804136636943,5.534279959977162,3.985529023800812,1194.0367862549767,1.2595321059530036,3.9310117487350635,236.655864702725,0.0,0,88.95593596384576,204.92688620752702,259.7329124077267,15.89445535418001,16.719229548962197
2021-02-09 12:00:00,1011.7612236172333,14.744935894974951,10.792051243164815,6.185238238903486,53.527984199620455,20.691260321204275,9.58154665974162,6.676415483235671,4.791762565739292,4.038575737805078,1192.6378576895388,0.45865667540987864,2.3503019629331727,266.52951601350225,0.06302794643576687,0,0.0,0.0,0.0,14.905324953971252,15.288351582614485
2021-02-09 13:00:00,1008.6611930163085,13.01860137213952,8.877926138411878,5.179435174098515,54.86868673604772,18.830472875516545,8.917072661837537,6.4098323788245795,4.352949919341738,3.466601426836986,1195.0267413028425,1.2320158018989997,5.109607009808036,256.1488667946102,0.0,0,0.0,0.0,0.0,13.925030403167437,13.821408969181585
2021-02-09 14:00:00,1010.327134048563,10.955543927893283,8.364490289459615,5.519574427218391,56.28738645228031,17.854949627963745,8.170644901802513,6.603543666153657,4.059615116801249,3.398577249739335,1194.5526951929985,1.86087348196771,3.4332834699974435,255.34404465575994,0.38828645329850553,0,0.0,0.0,0.0,14.008489302330899,13.096769769192788
2021-02-09 15:00:00,1012.1941880614733,9.855190436066284,7.787715155470304,4.7294104145249545,56.791170318788396,16.682786130026354,7.428745984837037,6.083047984512358,4.048394461317623,3.1791587664461174,1195.0411226861868,0.2616888608197585,3.1515445544451084,261.2753044263777,0.0,0,0.0,0.0,0.0,11.844598176150468,11.213888103890843
2021-02-09 16:00:00,1012.3424650157247,7.479075904705764,7.537306616273437,4.876444134032432,59.243830566145405,15.279430162682896,6.861416310437607,5.607497840126792,3.756076474115867,2.9973794356221135,1195.164218967753,1.7426030737876976,3.48005818012182,262.68988523064667,0.0,1,0.0,0.0,0.0,10.240872605276987,9.492571104752576
2021-02-09 17:00:00,1011.1588793484274,6.519692789387311,6.6007886899969295,5.708811370996109,60.396690492792246,14.557635115477858,7.444601353141087,5.376468441498801,3.709127803055534,2.660064727044693,1196.9532509771993,1.5939933290769392,3.8730797267491743,278.2666200379721,0.02894336721644858,0,0.0,0.0,0.0,10.095354517167554,8.808997293353224
2021-02-09 18:00:00,1011.6481460412957,7.157008115027116,7.050739120750531,6.925588546308276,57.64862806561418,13.897383914031316,7.1996933931218,4.794635972645304,3.434769956389877,2.9797364764962397,1196.1100064847342,2.8786879137343186,4.391269216153974,265.20220731821723,0.0,0,0.0,0.0,0.0,10.581800538293201,9.116286270140797
2021-02-09 19:00:00,1013.443801829791,7.693264888977332,6.416601510232491,7.700228529340282,61.34573078496999,14.183776401783598,6.90679781904399,4.565349323310436,3.366164413066367,2.823041961159895,1196.3149748628841,4.423575815301278,5.053322905706363,265.1066475587494,0.0,0,0.0,0.0,0.0,11.241549388851409,9.741797072809245
2021-02-09 20:00:00,1012.0901335784035,8.304569388892778,8.291341189139391,8.165133944233846,60.80433690455622,14.634928911618191,7.674241318100907,4.251944223261033,3.8847311920062304,3.0489846514928964,1199.0526279024284,3.7270358952604297,7.628238299742608,254.56962204135127,0.0,0,0.0,0.0,0.0,10.980723247872438,9.818566029293258
2021-02-09 21:00:00,1014.4020407712832,8.776528140139451,9.404989715175592,9.243359534432066,63.883254437816476,16.067985118328213,7.645086252356448,3.7506412180179987,3.828650125529938,2.912183939786738,1198.256773939831,4.072081602254355,6.289959641391914,265.6648374677693,0.24339876804266092,0,0.0,0.0,0.0,12.07094199974213,10.682382643214057
2021-02-09 22:00:00,1012.7367843362442,11.474239389463987,10.381506554604062,10.408180547253592,66.76129706155919,16.63982598132033,9.060206441241217,3.7918955902258324,4.287309611170797,3.364334488640804,1198.807228977331,4.699865549309979,5.266080380713667,245.60693992664307,0.39163598841202185,0,0.0,0.0,0.0,13.035708050588882,12.006463898740243
2021-02-09 23:00:00,1013.1955441999656,12.408744990212748,12.273762684803224,10.547573768315695,61.224682963755704,18.351532624494812,9.735367848038724,3.3667885732395066,4.301786464523117,3.9088760425309776,1200.169104557847,4.2909033578211675,6.036841329320516,253.59466285872833,0.4208574754165,0,0.0,0.0,0.0,15.432529093580182,14.082839612120893
2021-02-10 00:00:00,1014.2934995187989,14.634922948649226,13.449628317283937,12.12708369845881,74.82248807927908,18.82241505741062,10.366221212242904,3.1968558589416673,4.8860379151353825,4.194035526361694,1199.3324132991538,4.0183371398251335,7.474230503568238,278.1148678605639,0.6639157295409744,0,0.0,23.78523552541094,0.0,17.21458369553786,15.848792703016935
2021-02-10 01:00:00,1013.2357064344941,16.409784893514754,13.533942449569011,12.19930557304409,73.09071023809571,22.414459218001372,11.970519275882221,3.006870786603513,5.590107831842082,4.1511243175381445,1200.0552063897826,4.298946854665005,6.083715974100012,220.49026434665646,0.1001563046074837,1,106.68443954332672,158.39389605414797,320.55683436471804,16.960535270098937,16.474005827735432
2021-02-10 02:00:00,1012.4598045966621,19.910810844056275,15.775735238966599,13.005799038526897,72.69087912571085,22.88976270870673,11.523796281209076,3.6222026121042052,5.606745086666001,4.490888361885009,1201.3509999023995,3.6805697615792834,5.576775006542258,243.61502541287288,0.0,1,101.31053834260928,297.5849661555769,394.29512511987514,19.265678537290473,18.998577567415566
2021-02-10 03:00:00,1013.3045135172838,21.100249328211454,15.958284194023223,12.908586529269352,79.59499099593673,24.470430905787524,12.783033643347345,2.8674769699651974,6.2235609360701085,4.650790791411083,1200.0229670479384,3.144312880783248,5.935851561135308,239.284771703713,0.09369768201077477,0,195.80478385821706,416.0033495808539,513.614735518337,19.91693485779897,20.211844873340688
2021-02-10 04:00:00,1013.4941537273862,22.351698593250703,17.118373339973672,13.048658349771548,76.80513765902758,25.925045770062322,13.718974921997109,2.616649103198424,5.832834166439016,4.907947900889148,1202.3002159549458,2.485983737392858,3.6942264420107582,229.14211835005062,0.3933491076536787,0,276.39901337242947,479.91270898972095,544.9716031227794,21.560237728108675,21.689104684409596
2021-02-10 05:00:00,1012.5608376393391,23.600454605112272,16.355426602832345,12.48177107541211,79.39646020678694,25.945701676455005,13.425180238008082,2.800628364236405,6.337010407504967,4.879297483405578,1201.8324789918438,1.9913437550439985,4.220358958331693,223.8409222974099,0.4838847624266789,0,275.7392254957473,600.5086161993601,570.148813447411,21.178866325767057,21.96018823572591
2021-02-10 06:00:00,1013.5775066681285,24.968854473767106,16.791685714893507,10.557614729060154,79.63237009700288,26.722171851046717,12.927584220684635,3.4198097169701898,6.4657290708243735,5.172364825518305,1203.9456425362046,2.3327524176960863,2.733642672601088,220.91409773161553,0.21660503542865905,0,284.4313964565615,588.5582132497726,701.942484279526,21.177940361336514,22.489046026010527
2021-02-10 07:00:00,1013.3174239522627,21.530948337575513,16.089907985287613,11.020763026530982,85.20428377925505,25.17468605165878,12.232129181826929,3.73520165209864,6.7973968001020975,5.285738671183461,1204.130342822303,1.5515186111445536,3.491085803377467,211.2894281846115,0.3870878361041863,0,330.42587125887104,527.1786029204653,671.1796039445852,22.28568015407498,22.499473347903933
2021-02-10 08:00:00,1014.7790446598387,21.411339623661526,15.549478769546822,10.235611836247433,82.78041164415482,26.394840717505478,11.703458794605428,3.5780653423523527,6.065225529673766,4.882219911781109,1204.481914787733,2.3353763607621367,2.7174762933598577,209.58140875426346,0.6217061505838534,0,267.37536900354206,478.2150547327018,592.8274066215436,20.77133657286022,21.04527910026784
2021-02-10 09:00:00,1014.1949163186277,20.225531690570318,14.395151477164609,9.119966068443487,84.15716118914827,24.786195786363745,11.492973198577626,4.255789933927089,6.194858830869259,4.830406880891637,1202.932946348841,1.3505937919355855,3.0747098525465657,195.82941655003276,0.03629850786905259,0,230.81808257660379,372.5662181642732,475.95306344811047,19.761944142801813,20.125250351872896
2021-02-10 10:00:00,1014.0678586261945,18.40442626433218,12.98111910380154,7.867384647096948,86.89645170038689,23.10460124624337,10.679141510932226,4.464277713317159,5.961386356249771,4.555900318473738,1204.8966046048263,2.881268084660375,4.370531706635925,214.11578240082545,0.0,0,159.89339435748434,279.0163779879192,312.58229897801004,18.725273922248665,18.87010067301779
2021-02-10 11:00:00,1014.3351311790216,16.316244087497573,11.040907233290893,7.606497438308667,86.0419518355293,22.26545393692785,9.897461411338533,4.614807618468958,5.243930638204928,4.52160660044267,1204.269123789736,2.7913938552208846,4.914379559494732,184.4523219868384,0.0,0,80.87966136273188,174.695399398807,132.2912252199936,17.549057491980058,17.369159456712254
2021-02-10 12:00:00,1014.7235825865997,14.790242855161182,9.783794984962695,6.255124888050521,84.89130386973186,19.41568255700527,9.273466625426328,4.947910743245865,4.925295210245451,3.8776816326391064,1205.8409886199477,2.5157325384739613,4.867657611676277,185.6961140762477,0.770145297288722,0,25.280498199442505,0.0,69.47538991140831,15.14984380057391,15.234903607259277
2021-02-10 13:00:00,1015.1624856559207,12.077825038477343,9.04450714209612,5.6821343597757625,87.0924548653221,18.302778290000198,8.622421962884944,5.383470400616957,4.6400971871086165,3.5743739243468187,1203.9779242336085,3.69911550359948,5.306741350655444,166.33717958175586,0.027549448874093718,0,0.0,0.0,0.0,13.638465017422948,13.421071698347282
2021-02-10 14:00:00,1013.992069964791,11.23452965727641,8.327878803719525,5.539388945811973,89.565853853192,17.722125198201358,8.207826850032221,5.8595314510820256,3.9537030065615357,3.230795774341561,1205.1504737952134,3.510472443433819,7.564893286958337,175.43957609065788,0.31453842592913417,0,0.0,0.0,0.0,12.26099793808514,11.976904932941787
2021-02-10 15:00:00,1014.0801470557285,9.379334575507622,7.273429766982664,5.145463619566354,84.49301388526813,14.823829222433211,7.004405049540589,6.07945891311901,3.848319185847902,2.923969958560441,1208.2601014207057,4.142547052093512,7.203515456767259,166.62915426531157,0.0,0,0.0,0.0,0.0,12.0039028663358,11.232354812269845
2021-02-10 16:00:00,1015.917426587701,8.408516835059109,7.437077104911333,4.792617879708413,83.22390123251176,15.084076464772815,6.88281082392243,6.150213559013339,3.956184302512636,3.0666065137480767,1207.8005014307805,4.036936510343244,6.656702059098108,156.83099089926822,0.0,0,0.0,0.0,0.0,10.489425368288485,9.80268461606401
2021-02-10 17:00:00,1014.8226859862777,7.628003305834244,6.864037313697474,4.590135345078543,82.24155427160672,14.470533122188177,6.941858090349605,6.497247476832689,3.655642222739284,2.8138668491870242,1207.41764376709,4.213793996849334,6.447148015392615,135.91718549855898,0.0,0,0.0,0.0,0.0,9.90370695241703,9.110502523167645
2021-02-10 18:00:00,1014.1364788246202,7.422104797398673,6.740811191982193,6.022324801804063,83.22746071946139,14.984612908411082,6.981606189106945,7.1283034985132545,3.4686497421033513,2.81096197196466,1207.1814266210633,4.596548421824713,7.551968813122604,132.47596959436507,0.0,0,0.0,0.0,0.0,10.264512867452764,9.158434415696462
2021-02-10 19:00:00,1015.7408439688046,7.0112071339107,7.629462203775224,7.355171868503597,77.93302596506507,13.412967332404445,8.048812845369133,6.929628001031047,3.5737257329336876,3.095817239692192,1207.3024517618671,4.094879718665868,6.377895288215641,150.9756149493785,0.0,0,0.0,0.0,0.0,11.487183934218923,9.758427863618829
2021-02-10 20:00:00,1015.8706958448262,9.556597151568022,8.71500209108658,7.880010812105107,76.94336488057674,15.608663105809159,7.844614971850311,7.143480591400934,3.8171429674292896,3.227185660644243,1208.8604097929328,2.881943490438868,5.553197890550527,120.94225414797054,0.11442344754611888,0,0.0,0.0,0.0,11.173876832485071,10.145156457469653
2021-02-10 21:00:00,1014.3879206177744,9.507247532045087,9.829639521073435,9.378876619804657,72.66536558722306,15.477623941306263,7.696970198655639,7.107976997449846,4.093821857802201,2.822225001009182,1208.5664329322913,2.4659517791708305,5.0919801404501515,129.84047920720178,0.0,0,0.0,0.0,0.0,12.040443825131145,11.034567750825161
2021-02-10 22:00:00,1015.906780547446,9.696260673162701,11.830488374684382,10.151072244787798,71.5145499512578,16.776495270044116,9.213330740136966,7.024287054823955,4.13871717052419,3.529566934619122,1210.6821017597433,2.690761618809284,4.586197213058235,109.26973124866859,0.0,0,0.0,0.0,0.0,14.699536264736766,12.669874056939499
2021-02-10 23:00:00,1016.4204976585669,12.227784617143612,11.856501939685364,11.56559366656843,70.92229287790471,17.836083535905075,10.032985314175859,6.901125021574829,4.918715621002177,3.7345465310192325,1209.1510405449617,2.3359696708553837,3.6690734626822987,124.5516688128983,0.0,0,0.0,0.0,0.0,15.831314870564333,14.010174177598907
2021-02-11 00:00:00,1016.2384354228274,13.781647907680279,13.440861702511402,11.75133768074977,69.8881260118794,19.45607398126635,10.545956781087163,6.911528932633876,5.263269640240885,3.907681800170775,1209.569285655196,1.5369444853866834,4.230898685905522,103.85399412227109,0.0,0,0.0,11.427135013079008,50.23054340297749,17.30989550377973,15.665516971759452
2021-02-11 01:00:00,1016.5493923320528,17.0826866012259,14.87661136176744,12.679980890928535,71.58027376823964,21.754675444341952,10.851320530197071,6.6758173333001,5.523680093724391,4.376119591528587,1208.2707547948353,2.515407662575151,4.037855274945178,97.86349816166809,0.6378882438442511,0,63.17188443336076,133.63484675984313,196.66822168378073,17.82333416784633,17.031919337166315
2021-02-11 02:00:00,1015.0231866767765,18.914736343162566,15.656269774715334,13.080761837622413,67.18969993331274,22.443834042609247,12.68947980715132,6.338353914975404,5.581408026830803,4.254723352955828,1209.420776782161,2.126497389718923,3.455894989337017,97.70116557015845,0.1066874499274083,0,176.46237604500897,338.6590065554117,344.1234588907413,19.143865475154232,18.777406361067065
2021-02-11 03:00:00,1016.5120723656479,20.328956260962727,16.172137186423424,13.600214329364764,62.435591494144106,24.61278285394572,12.072522897241917,5.861247494890446,5.856615390425697,5.141056605979132,1210.0538748110193,1.5613787923878155,4.367724384827598,97.18790793026444,0.3443926585664716,0,192.78850863332806,395.9738445025018,601.2599485846915,19.54450979884166,19.646155396020063
2021-02-11 04:00:00,1016.103557224218,23.33585150895588,16.1009002722063,12.165520096392145,61.04403902927175,24.86466939922176,13.108600540190741,5.7611520477610645,6.233717346357341,5.142219303955709,1209.5724332424695,1.8032484494994685,3.7212221951374467,105.26211330826567,0.0,0,241.04893415111636,517.5605307105936,605.5255129281392,22.0486436866657,22.1124925283828
2021-02-11 05:00:00,1016.055540751489,23.11169462216629,16.740934947170178,12.251166379588366,63.618075931330765,25.189038054810016,13.074293288146968,5.3338947680402855,6.461041758962467,4.986071442580336,1209.5006668139715,2.441467206819956,4.868224517352277,100.99826121403827,0.521581278913908,0,267.35063953870934,606.7210485064488,686.3519534039879,21.967832350661517,22.459000792281863
2021-02-11 06:00:00,1017.2319783934686,23.508268853012435,16.239831239269083,12.126233279543973,61.646618979460065,25.736095426820054,13.180523953135628,4.938348817730977,6.14630162688819,5.082917955636096,1210.3269096256154,2.8340727944629305,5.803565055097569,89.04843920087168,0.06060283558199231,0,355.06054437757507,641.9275856595273,683.1736613061236,20.889492265449213,21.87751676584758
2021-02-11 07:00:00,1017.8102914636007,22.075655168753133,15.36818630916896,11.567564933760345,58.15599971608001,25.963908553612605,13.368499807263184,5.1884588396593525,6.5478273661426645,4.818481696437403,1211.5011186291067,4.072704933189258,6.499270910664626,100.02495401467216,0.45083406616845956,0,286.933109693398,546.7092941026857,683.7021712713338,22.3326771468956,22.444760408277507
2021-02-11 08:00:00,1018.1512201710672,21.22880180634388,15.000088406236443,10.074779260384643,56.124566012155825,25.05747579174118,12.472939214095668,4.008149451807104,6.556530558446367,4.976439034574088,1210.0901883239906,4.327885379089937,7.0183745375637425,89.78036568611238,0.14928047546325662,1,270.4053814665129,549.7407716754778,654.4236815844298,20.668282481530365,21.01951821581716
2021-02-11 09:00:00,1017.8538761252049,20.682618098860313,13.809256977955677,8.824513063339483,58.39167268374002,24.259745746285734,11.434128185743205,4.191702571811509,6.175954999746009,4.751981741975749,1211.0210696894244,4.143367781670456,7.2370021628342105,109.16150754688425,0.0,0,189.31968799606022,384.9846654668814,481.2094797850244,19.669439575639615,20.156638541050427
2021-02-11 10:00:00,1016.7979424619807,19.121104997756575,13.40059446395871,8.211266373050131,53.52445835221461,23.348103730918055,11.396338714548955,3.541890591776172,5.614789439439156,4.33497792257525,1210.4030783848568,4.619202859360473,8.535317998534877,113.09361932585125,0.6591198197855087,0,169.18516799839955,213.98676697564278,244.57347693681373,17.558481267856827,18.417757724982287
2021-02-11 11:00:00,1017.2489428318772,15.77113426384,12.109589309020127,7.297113831629154,55.91238787550789,22.094124996423567,9.932840394904117,3.494150211630742,5.229347888173675,4.465923300864973,1210.7436116375586,4.691737692088152,6.537858877812034,107.25590365157413,0.48131091990251995,0,42.172381025906574,125.36888117228114,206.85184071260574,17.261885179150326,17.168080423113683
2021-02-11 12:00:00,1017.6585432693022,14.873785084005664,10.070459321903012,5.986710964935072,59.54531798178666,19.844952345705536,9.46941521217308,3.781666696249178,5.059970468834879,4.255359437938946,1208.900845239605,4.154963389053061,6.6078741775207455,113.43450172717216,1.444608924024076,0,0.0,33.38639904305277,0.0,15.702061515585246,15.505353319928563
2021-02-11 13:00:00,1017.2175733025497,12.939298097191108,9.20633629636052,5.63918796456947,55.539038443895784,17.92497472159666,8.146087356832808,2.9281409594633665,4.581110689278549,3.6839450478680527,1209.1288767699875,4.0369332322770335,6.113966838052953,131.98907756352492,0.0,0,0.0,0.0,0.0,13.84746124778932,13.774369035572217
2021-02-11 14:00:00,1017.2979641900564,10.849395583960384,7.402897414628026,5.593803093156527,53.95989364714072,17.038047239461385,7.600429580039386,2.88560996301013,4.338608234851214,3.3388706234307524,1208.9326810056612,3.741719963369505,5.389586570840281,117.14041462656063,0.07128707481503788,0,0.0,0.0,0.0,12.245295094058246,12.000420667003711
2021-02-11 15:00:00,1017.9222033272714,8.77377246186504,7.330383765490927,5.756610016997493,56.962544417673726,15.992684105932819,7.520078205500071,2.99649725256968,4.059684102741323,3.238468783002516,1209.4563424784478,3.243802861824446,3.408982365268057,113.98887800456727,1.9589032247069698,1,0.0,0.0,0.0,12.93087811224055,11.579379320404646
2021-02-11 16:00:00,1017.2827009021015,7.694122142379723,7.323962089972765,5.448866964768249,56.0696015052027,14.073484924307417,7.302943025807993,2.8609411024493094,3.9193400001022805,2.9568417229596697,1209.4526668600563,2.165971899438748,5.415851557915281,134.3689435844546,0.962311759595844,1,0.0,0.0,0.0,9.808285804467646,9.124567887555274
2021-02-11 17:00:00,1016.810656014211,7.148791954186495,7.416116718110374,5.583125869256702,55.311468208124644,13.759140893761797,6.324770674402184,3.297426028616237,3.3246865747804932,2.6244531652068805,1208.5117618705663,1.8255212287344855,2.893592413389927,122.78734743426257,0.0,0,0.0,0.0,0.0,9.645503744243374,8.728618556449607
2021-02-11 18:00:00,1017.123454168273,7.063560016527034,6.866794013526343,6.191543092196234,60.79547033594605,13.64040655201853,7.25871521367654,3.161043305218451,3.5443237895698623,2.6694644026825474,1208.9668765211254,1.7298696442372212,3.4038011194280258,137.89431036727012,0.3305589410917844,0,0.0,0.0,0.0,10.454929051037901,9.111166227882473
2021-02-11 19:00:00,1018.0200547239363,7.69594749747277,8.294437780532881,7.273752281028525,63.1042473659684,14.10053394790534,6.986471771764415,3.5987130417918904,3.4784162597741175,2.7816018071035,1207.2081281375883,1.3664177815606926,1.892895551835686,140.20063859990827,0.042803053531662305,0,0.0,0.0,0.0,9.77976745235376,8.851381348259503
2021-02-11 20:00:00,1017.570121921173,8.828396113190205,7.844226212171698,7.974980207680586,61.878186655855025,14.423330625480055,8.263591541029307,3.4485869542669203,3.6812348855362895,3.0104068343540287,1208.316825807673,0.9831996347663068,3.5269570785513804,145.6201902018581,0.0,0,0.0,0.0,0.0,10.476382795996368,9.64732083051629
2021-02-11 21:00:00,1017.8915656440512,9.137102344038421,9.04338326208915,9.134261470500835,63.50527716633096,16.110879675429075,8.201620351909552,3.638633699569163,4.112221598753905,3.1533392061514185,1208.0868772540514,2.212142955554756,2.639632363678973,156.79360043535343,0.0,0,0.0,0.0,0.0,12.881023347795857,11.337149011665652
2021-02-11 22:00:00,1018.2039655262478,10.680690662719158,11.246129741506651,9.668430468607255,64.19458354121844,16.197433399270725,8.596609287682204,4.270162717558054,4.444625174610231,3.4420738759974094,1207.3688024095134,2.337580170842001,2.805655241339677,175.10705904878643,0.0,0,0.0,0.0,0.0,13.896852188907006,12.378849330629755
2021-02-11 23:00:00,1017.4133342851428,13.235806610653812,13.02651722396859,11.569190117059945,67.74223591576406,17.657226380787638,9.845041648261905,4.3390020770586135,4.891460162422943,3.384451549220185,1206.4273736939797,1.8856905255303502,4.471434484934016,184.0842284634291,0.0,0,0.0,0.0,0.0,15.323916671470027,14.105405254953343
2021-02-12 00:00:00,1018.3602811123795,15.42759144148763,13.724317027398618,11.413350472738662,68.87526323415365,19.833055594244293,10.22951399195367,5.303653782553077,5.0851180500736595,4.13304354881699,1206.5911758553298,2.879541644136214,4.439412335613869,189.2620586309064,2.9087917327814123,0,14.696341334574182,0.3409713308050044,0.0,16.70809540930367,15.86712609755218
2021-02-12 01:00:00,1018.0971727571076,16.766612057539042,14.64337819509087,12.320090256120324,69.93582750989437,21.465087868545268,11.844257256534096,5.04133565723484,5.36622520950264,4.311266030924742,1204.5523858849117,3.3524832776970297,5.224713009782199,190.33600031109637,0.0,0,63.38381764648305,155.77326806373364,198.42913900350348,17.708454182544905,17.130864240134848
2021-02-12 02:00:00,1016.8417786619161,19.55327543387607,14.570389381054564,12.917445116148976,77.66662333733676,22.272678063570762,11.986470012039128,5.476502949117171,5.6994243061098775,5.110541810829993,1205.1983622643602,3.926596106847442,6.423006911532731,191.3146885994773,0.0,0,135.70785392695254,277.74606074627013,365.8866644165161,19.35215948333923,19.01460635710341
2021-02-12 03:00:00,1019.0156934349374,21.342563988301407,15.411222731395961,13.795968332267742,76.67323711897518,23.93926626579539,12.43980581343707,6.082723977094891,5.7137091713008585,4.771001263388551,1204.8404154742207,3.584871800595917,7.372042370476375,177.1272736542014,0.8638081473084677,0,251.29477305441867,400.3706849932435,474.9533512516822,20.59755758170396,20.627166861179134
2021-02-12 04:00:00,1017.4901422086635,22.832383756236506,16.94023362882633,12.679101824984947,78.6447902160586,24.995630513997032,13.081012065196749,6.168302429360687,6.566985114656364,5.10392218356319,1202.7378507676065,3.603252960918667,6.314895115727051,211.0382213988265,1.1491473741442833,0,249.18336569993542,503.80818941149244,621.1252733670972,21.977423365846334,22.09593455681214
2021-02-12 05:00:00,1016.5921982632716,23.9722312450164,16.81732089191109,12.1681233638254,80.8982205729956,25.59890598422332,12.592294100841285,6.228411292264439,6.384509056676465,5.724954823988579,1204.0582637483926,4.5401123269328245,6.176661526831214,191.01614369166717,0.4916817130973419,0,308.8960405419683,591.4963662273907,712.7072448281981,22.177148479790517,22.724204462563886
2021-02-12 06:00:00,1017.1024067353065,22.393508702938394,16.223764854551955,11.566500070455115,82.14867415131782,26.075940741644647,12.424538271392327,7.1400436395832685,6.601179412000582,5.238818325900636,1201.8413512180678,3.35885201878546,6.750837740914699,200.76632723526984,0.0,0,305.58489458330047,649.7848402717327,652.7658650089492,21.413318912343158,22.042203209892953
2021-02-12 07:00:00,1017.1403881783265,22.73713535684529,16.26425594014578,11.612765208893288,81.07408019877512,25.46476551552262,12.849097269372859,6.679058480939899,6.584688044582086,5.145584883691676,1202.1602721531158,3.719292146065179,6.71697728357956,224.26943835021405,1.7157528246802185,0,297.43756839371196,490.7396203156761,693.4578260193266,22.085293922303585,22.29448649803423
2021-02-12 08:00:00,1018.0143481317674,21.93609761790851,15.45549351082551,8.853811857925267,83.53548630270957,25.93507057271072,11.808415382035658,6.930363944525103,6.049975003866619,4.841846105591187,1202.1188778674539,3.2815875934442764,6.85424444013987,234.06878122122788,0.0,0,254.79677597878998,544.5353271227362,474.901527836744,19.863589424110888,20.812748362470455
2021-02-12 09:00:00,1017.7655062642286,20.58820275151981,14.805010772609137,8.54049952424873,83.32013201914789,24.48674300698621,11.217589815060888,6.958161495978794,5.875990893287929,5.154181410865681,1200.8336082657695,2.9383578408866393,4.142936321365088,232.05769345663086,0.37095706180461874,0,206.07772430910632,419.8180022641893,398.49475183558025,19.605634730701198,20.200846168986946
2021-02-12 10:00:00,1017.7236820996604,18.54551595627307,13.17700233281869,9.000934509244257,85.3658146438893,22.596443239679463,11.288644216986187,7.1116773364177375,6.05940398141113,4.36817968276471,1201.127838671297,2.681732624265596,4.061586032332418,256.63886693545754,0.0,0,180.55976780323783,321.02889124395335,378.22633257782144,17.781033819807398,18.393229693680677
2021-02-12 11:00:00,1018.4940481972637,16.030658958558536,12.42324057448028,7.18598559093321,85.55505469252347,21.600170017299,10.395305818915405,6.971855733706023,5.446315670790512,4.396007037492667,1200.5899165528658,2.963661416313185,4.655053600687099,250.15318011830462,0.6766166883356598,0,96.25491492652095,202.71316055195217,160.2818699795547,16.452304048104168,16.660874561943093
2021-02-12 12:00:00,1018.2719002889542,15.064875612220357,10.526395981467688,5.688181656666209,84.2346794782716,20.062007659302846,8.902460190633704,6.566690600022671,4.883882867140308,3.905288935738332,1199.179818360641,1.074420874784773,4.8464248213420875,246.7879532348026,0.0,0,0.0,0.0,0.0,16.556951266942676,16.104988507004474
2021-02-12 13:00:00,1018.2511249213932,12.391598677496281,9.278783114238502,5.490297846828585,82.21307547476356,19.054446466633756,8.415666382862648,6.466923442749294,4.586502030120708,3.651549893361369,1200.0446148963952,2.1580407124505037,2.2359116945285793,266.36772241474995,0.0,0,0.0,0.0,0.0,12.9938492917702,13.153940586269243
2021-02-12 14:00:00,1018.3210104396359,11.06019543652366,8.86417483880796,5.148574014618905,84.78136150826714,16.699808785542068,7.652249448595607,6.240190732664764,4.467247380966628,3.115213546278037,1198.1905588640175,0.463670968018427,2.4393349581302424,270.82654313851316,0.0,0,0.0,0.0,0.0,12.004721420793752,11.826621513231608
2021-02-12 15:00:00,1018.4774944030675,8.787315271318317,7.088333300561475,5.3388765180499576,83.44965401205464,16.141028661740922,8.210051256541771,6.149791899639723,4.12620272416702,3.420097306922906,1200.7236297243323,2.5710225494888808,3.5728292681189977,262.3996530378721,0.728173879577,0,0.0,0.0,0.0,11.66123859192909,10.852601288465582
2021-02-12 16:00:00,1016.2862468034194,7.30203592763357,8.531694866254696,5.887625782203134,79.20963656134917,14.824774815184696,7.518112513403908,5.450375903679636,3.4077455418754354,2.905210054275036,1197.8114042684917,1.1429414371389004,3.2522302668724206,251.03204364340158,0.12568880414310868,0,0.0,0.0,0.0,10.248304790103658,9.292589146668334
2021-02-12 17:00:00,1017.6656737050575,7.436602241951325,7.191276512386686,5.720890983102106,82.91562364214606,14.950228300490005,6.8373889850764895,5.750918466685044,3.877968029300784,2.597871076674518,1196.2405154039848,3.7735711326939922,3.7085743097406487,254.19287153712224,0.9491361952566656,0,0.0,0.0,0.0,10.171700578022207,9.057476296446191
2021-02-12 18:00:00,1016.194273651384,7.105645068764547,7.413732180790805,5.997257841406151,82.53728594228383,14.645445726319704,7.2902781422136576,4.84816332250809,3.693229606199736,3.050538119408018,1195.9254882900368,2.8051160852614507,5.195576485095169,245.53261287006663,0.45057351781303034,0,0.0,0.0,0.0,10.887704787943019,9.424524476249646
2021-02-12 19:00:00,1017.945122479258,7.6780907696120995,8.031058337255514,7.365627434990481,84.18813438554874,14.302934694561884,6.771768888031449,4.6509537653148065,3.520616210698079,2.7400616458456564,1197.5639009692452,4.089817716709904,6.923576249643186,259.27140704933447,0.0,0,0.0,0.0,0.0,10.781208128949768,9.454094330087567
2021-02-12 20:00:00,1017.8870316258896,9.601901406216848,9.540640410594175,7.741948265927139,76.71760499335865,14.672706266785353,7.482657874284999,4.083961825410007,3.4626174057060015,3.027690973804821,1195.5234819195234,4.37770190429794,5.237989383293579,248.2842058265313,0.0,0,0.0,0.0,0.0,10.848097535893594,10.061047488532182
2021-02-12 21:00:00,1018.6982754218202,9.537248422354969,10.063450867497254,8.64507027249618,74.66282769237851,16.01066226772026,8.384351429816055,3.7403681976719265,4.150141556232318,3.319755139002979,1194.0963311947746,3.907588479267528,7.93071809379243,253.98331841116055,0.5681762473784484,0,0.0,0.0,0.0,12.121880472297681,11.097725599899878
2021-02-12 22:00:00,1018.7797366456223,11.339557236945044,10.088770819185923,9.387617425637162,71.66344361565916,16.90977498643653,9.226950495160665,3.539539098811403,4.345285500058952,3.494806866114887,1195.8537127471277,4.100375469822068,6.509800131158102,257.78141269342433,0.7727773428406094,0,0.0,0.0,0.0,13.852100759814144,12.576737028477993
2021-02-12 23:00:00,1017.9563187129428,12.175154708972503,12.892691802070612,10.424315880663249,72.37517669627499,19.287239282373893,9.77573617487276,3.273806470229203,4.320211756730628,3.250090035777138,1194.1380357620717,3.8616705973497365,7.24624904303098,232.66753654289275,0.0,0,0.0,0.0,0.0,15.414427744909558,13.993378909730618
2021-02-13 00:00:00,1017.3549937195583,14.099164791624398,13.307152743584158,11.510846301148364,70.40463636111684,20.0392350390884,10.69521339667079,3.1850977876001685,4.953584384928298,4.139071340195536,1194.7755669881947,4.51951810814193,8.00473138445039,236.64461961754296,2.182532048789729,0,13.6961504089395,0.0,2.2223364429548242,16.611452143797308,15.31793569053036
2021-02-13 01:00:00,1018.1013363454974,18.178532973561428,14.717126924777444,12.021819053221138,66.4195144471258,21.350092954358654,11.36801378394204,2.9248217526754456,6.013463156212266,4.290460101589988,1194.6423621151578,3.623889840483298,6.5458340932148165,240.46368299476643,0.0,0,57.24128636149622,209.70714392377874,185.82517210231313,18.340111620411346,17.663574934380826
2021-02-13 02:00:00,1017.2455680226266,18.353564154046683,15.028354268228156,13.00370242275817,65.76785455945452,22.770192456963034,11.92082696821704,3.1694949782344226,5.753300351482883,4.5341942606393335,1193.5831574752199,3.03513442229798,5.446047448091953,240.7582817622863,0.027926529877696338,0,171.17083816927496,282.81246634325134,327.714662158426,19.720711609838453,19.147597950448954
2021-02-13 03:00:00,1017.6182835414018,19.926093399464378,16.68554726847973,12.51981284998267,60.30241718074488,23.636122894519964,12.382018225798086,2.843403220936325,5.912266052912699,4.82671314762882,1195.3248395838198,3.2686380059780618,5.57454049815577,231.62963449754255,0.10285290419636972,0,224.38925147078479,419.61228058397666,433.49367118660984,20.58966653845872,20.088357896048326
2021-02-13 04:00:00,1018.3566363417816,21.900833985423763,16.549841715344595,11.590708498116006,64.35275349566676,25.474431986753174,12.673785708553211,2.851621395285192,6.0973387806153,4.7172239257530855,1190.8438092522929,2.1067855929738215,4.177426751482811,228.7178294610602,0.0,0,295.83473747058616,479.8890744136003,644.5243699277921,21.106550990115196,21.128053100344715
2021-02-13 05:00:00,1017.0667093449578,22.664271920948426,17.04643704569341,12.016964979573698,59.327220045524705,25.3855493564147,13.087048079972845,3.042020985604728,6.803308536119497,5.1975451744792505,1191.4105903101586,1.9998849615315017,4.131505620302619,218.82424294682818,0.63841914352254,0,299.77191970088495,584.6191100562326,755.8254180119505,22.367191419251622,22.37150792960164
2021-02-13 06:00:00,1018.0995755323358,22.368245445489695,16.634632942947658,11.598082978300127,59.32408557937595,26.549074126093874,13.104525969203527,3.466516968170376,6.669551897915538,4.9271217252581385,1191.6538800516466,1.9277199075163338,3.104204393728879,205.50600158191395,0.0,0,291.91987963879177,600.1209178199588,782.9607704987012,22.14510226861634,22.27876351068449
2021-02-13 07:00:00,1017.9360066582636,22.513925357213406,17.193996050598738,10.707026546700053,55.246313053035976,25.149087430733644,12.765100304523767,3.5108863484841115,6.730376562217053,5.10194304963556,1193.874467849154,1.3985351764534997,3.7193068115668217,208.4619531653393,0.0,0,279.9563436382999,604.9915455672356,648.4845828489489,20.362980756181955,21.201506609835977
2021-02-13 08:00:00,1016.5662935652175,22.788766232630604,16.38905797714448,10.586560527051434,55.844911744310295,25.259773147193275,11.7768448452388,3.694486874649407,6.348675162495094,5.070483370848971,1193.1377484322577,1.4739755806241557,1.9149991399354018,205.22992621675095,0.0,0,254.8040763150764,494.1670006537714,569.5592447505735,20.375191742259936,21.299395407095624
2021-02-13 09:00:00,1018.0423161243444,20.09265872331011,14.356059423446215,8.696177705392362,55.582624705295636,24.817752566368,11.25802273610331,3.713391046006284,6.311464018846376,5.063335555021378,1192.37862562551,2.641658575649973,2.4571318931562045,197.60162257213872,0.35916542895802805,0,201.91755353144723,396.9842437299056,467.26062443881693,19.509484873901712,20.147170540063144
2021-02-13 10:00:00,1017.7522059160243,18.024429260943602,13.140690046996594,8.26078841085998,55.488530911742295,21.923876467688125,11.113494526876957,4.087418021375934,5.580335922090404,4.436077368028045,1190.0704214828281,2.0622585072649406,2.5872820407325876,195.00981340131867,0.20428578543592057,0,176.9421794169457,318.4996847159992,341.20812989281035,18.345584032009107,18.52735654293788
2021-02-13 11:00:00,1017.2021716530082,17.730367895450303,11.622321907138438,6.942039721664284,56.087792110437896,22.56204704251143,10.773949495190246,4.397021656658167,5.4207467638368465,4.600900328492266,1189.9866809952575,2.3755603337847644,4.270816169991498,191.16140512456562,0.14157443205915343,0,103.15847906599076,211.17904666449516,178.55028336544947,17.688933066624628,17.749616202978892
2021-02-13 12:00:00,1016.4352262054526,15.344607838356852,11.075402112444777,6.113653746132917,57.87815016697244,19.787357401401117,9.464958192238436,5.261370244734413,5.05741070299459,4.189370650703063,1189.660874801908,2.912437430965565,3.77636942495207,186.81726226896782,0.47567108577332384,0,0.0,25.16040990523944,0.0,17.32239504236759,16.88914416932731
2021-02-13 13:00:00,1016.2794018865958,12.495084604725923,9.171990676475575,5.17291292415932,56.593748964931535,18.517633420466062,8.498653435048443,5.453408979960183,4.888260818721292,3.603535197378891,1189.5573148490685,3.671853680572894,5.130575026597868,166.69203222507358,0.24114943821278312,0,0.0,0.0,0.0,12.400961192928449,12.866039042692076
2021-02-13 14:00:00,1016.4555997457625,9.892483088711236,8.1213501083614,5.09807912755942,57.43544169195644,17.28572461275823,8.103478253151168,5.511716184866485,4.313768608028106,3.1782501467194915,1191.7112285999378,3.3186920512555544,5.399568335718009,150.35017774744801,0.6536526505572527,0,0.0,0.0,0.0,12.678881670169071,11.954712464988141
2021-02-13 15:00:00,1017.2361053986338,8.82190940100064,8.066850172414725,4.694387968928747,59.034015232216966,16.120423840938503,7.044794968320203,5.887125671234849,3.8142374798729386,2.862708626130061,1189.8793494706529,4.339440725148949,7.915791791199914,172.01044004908485,0.0,0,0.0,0.0,0.0,11.396749201298272,10.527399334335808
2021-02-13 16:00:00,1015.9512239934658,8.033503663929979,6.855321591963253,5.219834706775976,58.14903470627883,14.940789546423192,7.679285604990216,6.1205171841256325,3.713776662107412,3.015120285765298,1189.9432828816732,4.408160173945498,6.177071224283754,156.4928476900569,0.0,1,0.0,0.0,0.0,10.42201257284325,9.584869869838542
2021-02-13 17:00:00,1016.9768816539574,8.088563852606098,6.984770256079059,5.470970457541018,58.02628550439355,14.703137334118752,7.080364581281804,6.354916642961826,3.215828620074344,2.693432178544951,1190.7880914393777,3.3859223868788075,5.940378943685735,136.6439155490043,0.21762136374166552,0,0.0,0.0,0.0,10.404129666778678,9.469644312808228
2021-02-13 18:00:00,1015.5421294828301,6.27439261759124,6.43266216361644,5.835321989334634,61.41162209471172,14.259535356460907,6.792017381192029,6.82411101381209,3.0358062533459464,3.039871361056343,1188.336472025966,5.02296082662418,6.930721634581538,142.77705056492502,0.0,0,0.0,0.0,0.0,10.119848252679528,8.853791683896441
2021-02-13 19:00:00,1016.2785180109177,7.21342947262937,8.120605522830742,7.447551394031361,63.014597136792354,15.084885612281703,7.247525175966603,6.821877997414936,3.717379534588045,2.704984242487456,1190.0663504737233,4.566030672974157,7.635032143022488,144.79383242459843,0.7558547958179774,0,0.0,0.0,0.0,10.171571028968396,8.847458878177067
2021-02-13 20:00:00,1016.4333712354535,8.544398031650854,9.572505642519209,8.19198553668077,63.797131675931965,15.065011348720617,7.540901841935307,7.385849054883908,3.626013117062061,2.7806353194482694,1188.9579093176442,3.0443447199509546,5.591186623254796,145.8687564774708,0.0,0,0.0,0.0,0.0,11.14685254424367,9.90622545535332
2021-02-13 21:00:00,1018.2033443576981,7.67625861242223,10.027809848061004,8.879180177235034,61.350493320451385,16.739677072822225,8.867074114166122,7.2500719649034,3.8870563684241164,3.198197132824999,1189.8287016734905,2.4387867311513727,4.96902455481837,125.93756026665366,0.0,0,0.0,0.0,0.0,12.536052158778162,10.722355653120083
2021-02-13 22:00:00,1015.0447494308329,11.723650317557233,11.622198392461431,10.14977819323378,64.4347940172729,17.450539420118833,8.965162159723414,7.231511574117764,4.416189335873324,3.2627906285681156,1189.6321032987025,2.6693995621892745,5.348565682211477,129.3131509239806,0.0,1,0.0,0.0,0.0,13.810619912651303,12.368723318843426
2021-02-13 23:00:00,1017.2214187982357,12.101732238634959,11.767905541598086,11.016838229862548,67.49239890863791,17.544210666500465,9.87686612352431,7.013656636561451,4.891173509355069,3.69112714455068,1189.702760991078,1.4514444634918804,4.417008251200118,102.3718157337337,0.0,0,0.0,0.0,0.0,15.146613269785018,13.871948569163335
2021-02-14 00:00:00,1016.0588001926521,15.232396845419995,13.595763174320936,11.522387988692863,71.55924204147193,21.30555133919403,10.825498575045719,6.647518993467427,5.106897590965543,4.1971978660117255,1190.7150166437548,2.5563084519313426,3.6082811801206134,110.35894018127792,0.8516431428231491,1,6.589018182144947,0.0,14.380534159069997,16.24893192322952,15.372718201087954
2021-02-14 01:00:00,1016.1609687190369,17.243230565547453,14.191969426172998,12.52113345190991,71.91520004515942,21.26574221637634,11.040372558454914,6.6516470631438995,5.7738431336973,4.334028720456734,1190.8854091374205,1.4855230532079424,2.564511911255443,104.14525054450516,0.0,0,96.84247363877436,140.7127382569885,98.880107819705,19.815231950311823,18.484806338386953
2021-02-14 02:00:00,1015.8178735057857,19.75921047402454,15.554098481525045,12.630003109885314,76.15602294343877,23.747772007600755,12.063741715479981,6.215808680467385,5.850537826811427,4.624192892140522,1190.64472483434,2.530653385238527,3.395150819004857,108.25028885416975,0.0,0,176.2698370769391,241.41633966261017,419.67747447320176,19.719470132323526,19.357969282732366
2021-02-14 03:00:00,1015.9682742781359,21.042501316117782,16.808551998093986,12.621600046064247,78.37072474296481,24.256037408678946,12.610250690432093,6.326055210145672,6.121102864495806,4.889557479205529,1191.4606191011073,1.4619652898870967,2.1793219161489743,118.83787325123674,0.010382171458914013,0,225.91157763487948,410.5137959617719,478.4432452407166,21.102480407263393,20.88599514449116
2021-02-14 04:00:00,1015.3770519165104,20.264099886064503,16.92643916693006,12.199068086819254,79.89834093735439,25.726697551507907,12.22266012921611,5.764896163261328,6.347115870177574,4.700610686484245,1190.471131421302,2.108275064624132,3.215484341112833,103.71427370181596,0.7019339252865912,1,242.60422387851398,548.1888923811415,631.2264662712537,21.165012082236498,20.92140741827569
2021-02-14 05:00:00,1016.5490339464641,22.17806113730336,16.29003171539607,12.291086747994077,81.54250256409141,25.45131550230152,13.09535167203245,5.399768427054477,6.191789627006881,5.2374785415329805,1192.2948801895852,3.1889801169652965,5.461129834112836,90.92751675999162,0.01443914195635182,0,262.73429360023613,556.3172428351947,587.0767727155057,22.03537827693632,21.80535723339731
2021-02-14 06:00:00,1014.9047755833179,23.096743590547295,16.119167892859203,12.013615101222246,78.53261390848054,26.312872271544794,12.921894907546504,5.025414532485923,6.691199721128024,5.231986315345179,1191.703631034093,2.838380260180557,6.041594147792853,87.3656142011612,0.0,0,310.4004006141066,603.3385041100495,653.7008987120826,22.07898983774849,22.34828897088142
2021-02-14 07:00:00,1016.0583431417849,22.590920690028653,15.540907683985331,10.671342600497171,82.86557110328017,25.668959685037176,12.737743154442583,5.000756930138284,5.959795535430537,5.337690456943559,1191.7448768232923,3.580672057911274,6.0340280461196905,116.76222478019979,0.06400186425441884,0,319.78817006394473,536.7574174422782,580.8641211195288,20.464398712599312,21.390880938648845
2021-02-14 08:00:00,1014.5181895192086,22.26253074110536,15.64365412204156,10.987034132191031,81.77532297485565,25.98565397850166,12.262535550635494,4.029209646581339,6.181787534221523,5.160392644768767,1191.7737929335233,4.381953270411471,4.742092242271696,106.35331388287555,0.0,0,259.31178359396677,531.5659336694964,657.2772573391647,20.440696597864388,21.21868874749927
2021-02-14 09:00:00,1014.8652156847045,21.20941083846128,15.364750106167273,9.295868990569202,80.56006032495084,24.46197477082787,11.76126182574067,4.367657565533784,6.065246241893364,4.80813841110277,1192.6875347276678,3.847809299502659,5.765473585182313,107.20674736662488,0.0,1,181.58416311330387,444.58948437071115,486.9645098368323,19.356801828312463,20.2558134177686
2021-02-14 10:00:00,1013.9342697058943,19.425916215500845,13.789930313312379,8.430151078644576,83.91394513022433,23.467971320650836,11.488879094768256,3.677194019136133,5.592047535317341,4.806478578302149,1195.1793331932572,3.649380533642014,6.426037563133144,101.38727645154528,0.0,0,191.69511913416028,243.08262971943427,378.56524767181173,18.105988786266785,18.901483951404476
2021-02-14 11:00:00,1015.0330532724469,16.920559901032053,10.861050790739986,7.267729966366011,87.52114685186166,20.470875834878598,9.713477210087744,3.186681318598915,5.297877383039219,4.252056714600482,1193.643482319399,3.5508947807620816,6.832256280953444,110.17399488374642,0.021663442970355162,0,87.4338045339852,125.21597519759308,184.3440156882685,16.324662633689872,16.938824987797062
2021-02-14 12:00:00,1015.701185737416,13.707564092215609,11.232936935728107,6.871721626377287,85.92148402023693,19.957213660105644,9.267131073414662,3.1175072461025164,5.367875113245435,4.049431420815533,1192.9777439409318,4.417549399638714,5.731721887164117,100.84836863597671,0.0,0,3.4228303209825772,0.0,23.4237526956181,15.42731312189942,15.22136288134836
2021-02-14 13:00:00,1014.3581917796629,12.610610764981782,9.804650820149677,5.192264246309561,88.90729166381898,18.652361546914264,8.929968251624432,2.7904533058834726,4.832576209502615,3.627187259781152,1195.4724287166348,4.030013086091327,6.088524240507319,118.33982001391698,0.0,0,0.0,0.0,0.0,14.714668947962325,14.037588673855183
2021-02-14 14:00:00,1014.1365866665494,11.291457703697102,7.559368772919749,4.097297233928242,84.8433476848722,17.11180745321973,8.206112418065143,3.1611158430927064,4.112834463838621,3.492351560984617,1194.5280715642082,3.9754577728638756,7.0978764771755625,106.96774318474189,0.6468828205834366,0,0.0,0.0,0.0,12.574531074229633,12.25917468520932
2021-02-14 15:00:00,1013.2755332488252,8.579832673722423,7.425952932227044,4.82197617634656,88.75379849485519,16.237937919739743,7.683285758662444,2.792341409930696,3.845426526025729,3.0761739060486115,1195.743854006957,2.8629776405087473,5.320668701487003,119.83857305479815,0.0,0,0.0,0.0,0.0,10.646235255735178,10.226417977426278
2021-02-14 16:00:00,1013.856124331247,8.513689080809657,7.672232345369506,5.375112411293139,83.34542350780075,14.620895454724687,8.257139228644986,3.0641180272165167,3.4455611046129846,3.290279837246996,1195.3269730188154,1.840005184876408,4.491021016517567,122.1480597384822,0.0,0,0.0,0.0,0.0,9.911764104127537,9.3624556337373
2021-02-14 17:00:00,1012.6369422196835,7.908468697774582,7.278864528770714,5.62607709928964,81.94526069667603,14.228838594782916,7.25138113312528,3.3474581644613366,3.6921100177676274,3.2443615558982484,1197.6970938206903,0.9879999542667577,2.9003804454122033,101.54020866524979,0.0,1,0.0,0.0,0.0,9.852135250035715,9.165451686586522
2021-02-14 18:00:00,1013.0518699358261,7.08880688340709,6.568770028177996,6.323362206998489,78.04782154195522,14.590613382207495,7.5121753849782795,3.1335458067178963,3.450051509917905,2.9747876508372006,1196.3190702996046,3.3081482422560793,1.9567613630611147,136.53231373466596,1.1178011353766788,1,0.0,0.0,0.0,9.18061109959468,8.466838685274768
2021-02-14 19:00:00,1013.8340597979876,5.127947483268798,8.073881428167349,7.579157659219196,81.35254691571629,13.065100540542927,7.191414538862796,3.414290375157162,3.157817966387492,3.149148338335927,1198.8096675275524,1.983211430352882,2.047827353541155,137.20187481611467,0.0,1,0.0,0.0,0.0,10.57110566472826,8.687971302165218
2021-02-14 20:00:00,1014.5778528745315,7.177134915826074,7.533321874887902,8.174072374457115,76.49574974211929,15.098522828112426,7.354551385201798,3.4537514586437084,3.7211186126853253,2.6529266192868413,1196.8716225072935,1.7881457991252736,1.686873175542771,150.53448969503842,0.5074924562001072,0,0.0,0.0,0.0,11.941166267787894,9.728175612119575
2021-02-14 21:00:00,1015.6396641676228,10.66347816149671,9.555786073782407,9.377970441928257,74.4461562066591,15.590416899883811,8.216679151745883,3.9223285782097426,4.027135604940512,2.867196313921119,1198.1427489638822,2.0134868552371246,3.327977402224309,159.3117043966165,0.0,0,0.0,0.0,0.0,11.856569632298696,10.856381557127305
2021-02-14 22:00:00,1012.792411713158,10.61742354487999,11.460277193387698,9.715755877678472,76.4447468040631,16.54384093772308,9.330842264039537,4.830764438403311,4.442628194634983,3.3356878866737354,1200.3547111532303,1.448706633291253,4.021533424152766,183.78746521646087,0.0,1,0.0,0.0,0.0,13.579417498009807,12.401528109250389
2021-02-14 23:00:00,1014.2791248668557,11.540547382989441,12.200153717472586,10.61220976277704,74.27433822089279,18.615357841522794,9.97745096700985,4.808290277488193,4.597100473430846,3.697663338928736,1199.6448146623518,2.157937818195064,3.5437277510931184,176.07463055176171,0.0,0,0.0,0.0,0.0,14.776057472610692,13.343384861045774
2021-02-15 00:00:00,1013.1950019843213,15.86467317181716,13.228132258325761,12.515069932807908,72.26410273442139,20.6137256484043,10.757308540624692,4.947053916221235,4.925465767442717,3.960358516380062,1202.2714659418057,3.871665063995565,5.118335471927232,183.34112632983454,0.20969215372868688,0,5.556301644625227,0.0,0.0,16.221223789114987,15.429984673871697
2021-02-15 01:00:00,1012.7481171410635,17.079901274900774,15.108222515244016,12.53329557436034,67.31772484858922,22.072486186357242,11.250941445241974,5.224958748097524,5.785481503751694,3.9821558041964393,1200.2542191131915,3.7737998292494863,6.859235339637176,191.92859777200522,0.2201101265573404,0,67.78936573641067,166.8780395460876,204.3877754440978,18.237491861130465,17.592171411176047
2021-02-15 02:00:00,1013.0843957801661,19.7734583422705,16.155357161859126,12.629116138429843,66.01576259285159,22.932443484546752,11.836736881500807,5.675513607520049,5.751317231219927,4.830318341264743,1201.3023274856373,3.453825063778532,7.851733093250866,202.60993933576566,0.0,0,141.63386672594785,318.6370595313259,233.14691848599398,19.105778847343824,18.968817085209036
2021-02-15 03:00:00,1012.6572377083048,20.850725322145735,17.07746610585116,12.75101578289344,64.14003971913219,24.680511168999608,12.42853356495706,6.02601015043872,6.204572538099371,5.279367784095214,1203.4694939224512,3.5124253608781446,7.348379088168244,205.24831814674667,1.2094393764032785,0,189.42775168475538,480.28504033649614,419.29470626091927,20.159962199367648,20.274677401497595
2021-02-15 04:00:00,1012.5656742641515,22.24919462562392,17.312700074601583,12.588525770270586,64.06503636134497,25.630186371929476,13.134081837690424,6.201761277943914,6.191130177001387,5.295428020375835,1200.565193691435,4.022403024443583,6.829743102857736,210.1787417102944,0.38284451352431326,0,239.57944664489676,487.1678586008178,710.83244160423,20.498118724795425,20.988778689605095
2021-02-15 05:00:00,1012.0207025086384,22.98151308371267,17.537039623665255,12.150946080991238,63.97570790185775,25.7518693224878,13.330564047789569,6.6381007253921664,6.586870669760762,5.376215645304171,1200.9504404178435,4.122534755304437,7.5600989011254285,220.92193012488696,2.0452759479493294,0,293.031150937931,633.1414089391078,678.6602983127601,21.96038699708177,22.25898966302082
2021-02-15 06:00:00,1011.0993399469597,23.4882418183447,17.143136724346792,11.273567716347191,60.12969139259865,25.653459724005895,12.537703073655246,6.5413613095567795,6.208874201519181,5.245223921029121,1202.29466176654,5.150406042843143,7.813498794511278,195.73365579168842,0.0,0,294.66243104315953,594.1041770271663,650.076998826549,22.61023062863977,22.885425794326938
2021-02-15 07:00:00,1010.8539222105217,24.32160792430182,16.36425397428901,10.349038180960587,62.049482066346194,25.477937942173245,12.990693661368795,6.68770770657495,6.356475230289876,4.990511517401455,1204.3970521849262,3.7414902046095624,4.679792709140691,246.7766307408713,0.5040113663181826,0,339.7080356071344,679.6093049592971,688.2916219634747,22.03595385877368,22.825210569091368
2021-02-15 08:00:00,1012.4830374525361,22.60790766544691,15.442682326953543,9.900748904265939,58.80400777929952,25.615079097140676,11.987995172936706,7.043654597434459,6.057383257791441,5.0537360950685155,1202.457515247426,2.8498502942568504,6.86969551688845,247.3203072220573,0.6904745153632404,0,271.69268978868786,534.1193310397092,553.5648349764814,21.765889052521178,22.359751536519706
2021-02-15 09:00:00,1011.6114131086518,19.550616727000413,14.214172978790083,8.704424380979807,55.672208224101816,24.22156728026287,11.845162537296972,6.766271649287121,5.939665507405911,5.269645744792143,1205.1369540539577,2.9706988181949536,4.564330543525544,238.73990001351675,0.16959098419034535,0,189.098130727724,375.1069035378938,480.80606973579916,19.39317856722382,19.91474747190143
2021-02-15 10:00:00,1011.2290336547625,19.312663060695453,12.502517044782515,8.351282739757785,57.16853541792199,22.47690889013487,10.877155507512859,7.115418956596925,6.000094008046255,4.529602377498622,1205.526706694489,2.6875430478656366,3.887989349398679,227.15349094543052,0.0,0,119.28727513965771,292.11365309428453,277.3691030377992,18.976748478481646,19.14680736131291
2021-02-15 11:00:00,1011.5867277778589,17.869588898492598,11.331387635903223,7.066863422843349,58.540207636810415,20.7104828528607,10.811595594617447,6.876529119092434,5.265763389793076,4.219591404558264,1207.4607805833523,1.5241028186138255,3.430482402558206,257.63566786804864,0.13465135469325673,0,85.6091413039183,208.74220135464276,141.7372706820932,16.304986543679366,17.14728860993509
2021-02-15 12:00:00,1012.0908608304577,15.841890564575419,10.381391725725713,6.2367027084331115,58.99657796668267,20.41591572604828,9.236762156022435,6.366468963825445,5.143651225094839,4.221460731820801,1206.9233374484372,2.07524974230655,3.5240165034517466,242.34326731210777,0.0,0,0.0,3.2616461764491516,0.0,15.82655468755572,16.136843788451177
2021-02-15 13:00:00,1011.4752568582522,12.63082415103851,9.457176691443419,5.209816876676728,57.502109768591,18.173696518252797,8.734765536397116,6.553988711350163,4.915224468757636,3.924154356026101,1206.6572541479961,2.3242078972199205,2.1413810910165805,257.8430331286811,0.0,1,0.0,0.0,0.0,14.862766147017343,14.451649310656345
2021-02-15 14:00:00,1010.6833163029607,11.815461111631672,9.052425044686334,5.073180821879722,55.56246151297998,17.165193877827978,8.256379333997797,5.9485458944553065,4.244484537279333,3.230419638845037,1208.0504389987416,1.7890855627095033,2.8025332662228104,242.34635364501776,0.0,0,0.0,0.0,0.0,12.795266756256572,12.525648954317637
2021-02-15 15:00:00,1012.0676172026937,9.992565430193723,7.556655126644586,5.144826861140287,55.70842050421873,16.377212766415468,7.149939997276492,6.138672401931169,4.138093249231483,3.0991749399286976,1207.6099717529803,1.4756343991553624,3.688170957629393,279.5381350928565,0.9691073332854526,0,0.0,0.0,0.0,12.352084499304652,11.681711223875972
2021-02-15 16:00:00,1012.2296651870063,9.872558975603223,7.626209285060394,5.438303276959232,58.161757950356275,14.149385338866567,7.1265655202048395,5.634297420801212,3.8071790859510624,2.8603884162783753,1206.9713782001468,1.8999408886224307,3.8892817800461263,244.36245261989046,0.1420388825589195,0,0.0,0.0,0.0,10.171067247201217,10.069664906750594
2021-02-15 17:00:00,1011.2430898402168,6.747592174313555,7.543305601519378,5.527913579983058,61.44764888617343,14.181876352009212,6.899092969629346,5.717513198635225,3.574398646683115,2.854826884265345,1206.626853837521,1.7259558253456992,4.620611324837838,260.38543655050466,0.0,1,0.0,0.0,0.0,9.997827300253402,9.166478270070915
2021-02-15 18:00:00,1011.5089783103775,6.644819596519702,7.107594155527561,6.644822674340997,60.26093652663058,13.914652926890565,6.854274873113867,5.214262568874529,3.650063117863386,3.0207373341902986,1207.5208043400564,2.9330823829487223,4.740825030095,238.77812785488507,0.0,0,0.0,0.0,0.0,9.480564791227591,8.361682600013513
2021-02-15 19:00:00,1011.607774196153,7.058310055765462,8.065855455954287,7.053989381714349,61.777642308606744,14.394316480079553,7.138354161810475,4.440565143419789,3.919098878564764,2.680083504227496,1208.3466318049072,3.600016164738307,6.239008248621435,259.2833513253765,0.8230492792239216,0,0.0,0.0,0.0,10.409305323424956,9.006883647474295
2021-02-15 20:00:00,1011.4040794531236,7.728641264697336,8.480308152065893,8.338388192079325,62.60279570863416,15.423427576503576,8.196522174015499,3.9118117405804007,3.573508111821629,3.1787024779060595,1208.835272443194,3.387307600159739,7.130708116975328,254.53176818959398,0.0,0,0.0,0.0,0.0,11.291111238190805,9.765573567453636
2021-02-15 21:00:00,1010.8787865181104,8.72013122567313,10.328265108700407,8.862464387456328,63.60396638926127,15.092633405549533,8.102985829535289,3.848979748641752,3.747499648184969,3.1718021123604094,1206.7748696437968,5.095683100433565,7.529202257299016,268.6459000421853,0.0,0,0.0,0.0,0.0,12.217733197517822,10.669968914633575
2021-02-15 22:00:00,1010.7554824625847,9.066127146028085,11.209220477820535,9.366545627792034,65.79344531017405,17.284898974352664,9.272621348570759,3.4701730600608762,4.046417090868876,3.865238427262811,1208.915894241502,4.676389826641436,7.311703692298911,250.9216153469543,0.0,0,0.0,0.0,0.0,13.249253785558762,11.52410374169325
2021-02-15 23:00:00,1010.5836972740531,12.625158007573816,11.595714732342927,11.157710833670984,68.31295908719046,18.96284761688186,9.940557825890743,3.8330587311374553,4.810657026293563,3.753183322751176,1209.3643860345214,3.3838614094416473,7.720729593003355,263.8908587913952,0.0,1,0.0,0.0,0.0,14.739004428789805,13.359611231071549
2021-02-16 00:00:00,1009.1832035989,15.258550641789729,13.558363359383554,12.159553988856702,73.43619999247946,19.906811468021456,10.037215946075005,3.2658862605750905,5.225873524625633,3.9806162860741163,1210.0581026078314,3.2397017456659887,7.428899274860658,239.04082662686835,0.0,0,29.230206347159204,0.0,62.67252072807388,16.806102855070975,15.792073074626089
2021-02-16 01:00:00,1010.5167713804441,16.725297068965897,15.48760546926969,12.723073893024498,71.47846532623905,21.484190774168464,11.544346975331345,3.3072985192648177,5.28082118098697,4.425525799546204,1211.286059145397,3.3436119912405955,8.4267815447204,242.71254751267196,0.0,0,82.55722200285955,176.1921037957772,246.45097820570817,18.02817406216676,17.287011300809986
2021-02-16 02:00:00,1008.7687468678496,20.35476682847032,15.577365737042411,13.047282476383252,73.98750982836052,23.20922468449242,11.420852645122872,2.9733783114654684,5.32279729011212,4.53257075242255,1209.9671295427834,4.231218889703019,6.658493942690325,238.66443447031332,0.0,0,133.66530151498432,268.80482765615375,318.69171197181254,18.81268034250932,18.885094472968056
2021-02-16 03:00:00,1009.117080194249,20.666217318393485,16.6463037744653,12.86013879393029,74.00949616466333,24.415049226064177,12.751713193940494,2.964066502343871,5.925708823795204,4.489473512753492,1208.9673205297036,3.445460855276205,4.929004690691812,241.52442505125322,0.0038887018558699804,0,241.99213609512742,341.3833798123899,406.9812794860467,19.5066308432779,19.923747859835657
2021-02-16 04:00:00,1010.6971990224522,22.831923568904436,17.148468279247997,12.525476518347611,78.93326213294637,25.48732872639022,12.641415000372032,3.0238590894737976,6.4086089412380645,4.991126249687111,1208.1271395700812,3.367229911455806,3.5866162834712165,235.1067530389941,0.0,0,256.14406041117564,535.0943751822272,570.6429376047249,21.112400461794643,21.475353767061918
2021-02-16 05:00:00,1010.2304032516865,22.910400899223443,16.478040777114387,12.655220997027131,81.86477979256715,26.07619522093496,12.997619977823978,3.3419226221466607,6.435544111637021,5.107852269733025,1210.6733063056581,2.1694807506889098,3.5055125768196844,233.10836645731786,0.8181585505924475,0,305.2490832487494,544.6556805752098,631.3000710739499,21.092272818408684,21.807752451186737
2021-02-16 06:00:00,1010.6543847258159,23.57848511692528,17.032036420234732,11.957405803867864,83.85559740971186,25.509013847192175,12.422487753673181,3.33027414356605,6.536069549351073,4.881536507890038,1209.1309126405226,1.7694223110990805,3.002521307951124,222.6683060328971,0.0,0,287.7420845765971,625.2487709428101,741.5874170399537,21.468682998550484,22.21239121324513
2021-02-16 07:00:00,1009.1557886379887,22.922875698066086,15.53457207371352,10.724846705511336,82.30702915375984,26.290688206586918,12.73470956703817,3.256444345066716,6.3442198557784915,5.14450395358799,1210.853132324707,1.0959951780538155,3.4395225481562752,220.42260920538698,0.0,0,291.59331308456876,571.4906438444696,722.1729522410707,21.357585435051963,22.082042953086493
2021-02-16 08:00:00,1008.3624767995917,22.886352472608056,15.085115773871017,10.422520331004613,84.13908962332499,25.779544003801792,12.619063832427488,4.038927608244205,6.501855930618621,4.625808439619456,1211.3426391058454,1.8945918835425275,2.4701794978241445,198.3829721791221,0.0,0,243.7822624437727,509.62274913011106,554.6640734972082,20.78303355033777,21.62983960306459
2021-02-16 09:00:00,1009.0056204143435,20.69601179458509,14.870664322085974,8.588448523289014,83.5510923433292,24.335682133964454,11.334807705351556,3.941436900202731,6.129298532130753,4.778990770392766,1208.3328086399722,1.7760828916217148,4.221690929647439,204.59351027701413,0.0,0,218.57723346294844,426.3535960326115,457.24950890284083,19.39828434091311,20.245926424085347
2021-02-16 10:00:00,1009.1958952305076,19.347284495662127,13.287079336466386,7.675009674063915,85.54492475372508,22.25292234672515,10.71107497004015,4.224855688573319,5.867292694472756,4.648719198408931,1210.335368566097,2.0470400121665535,2.6027743759106627,209.97391348781153,1.145576714612453,1,166.07656190327234,254.4602667975847,276.0494456372447,19.780983510954336,19.809812999675895
2021-02-16 11:00:00,1009.0964242716158,17.326985414375105,11.656804486439688,7.604202846473127,85.4996032256056,21.49554141761501,10.367128584348743,4.0868025842163105,5.4200417042591,4.329982089550657,1210.95188067323,3.364399234203023,3.0099396042954885,170.1725317459371,0.0,0,67.74972802026525,122.27330355760816,187.8922577479027,16.209904294627663,16.959781604719694
2021-02-16 12:00:00,1009.8618594111306,14.798200179311166,10.745629477316015,6.478008411495543,85.11652877450298,20.097202938470502,9.595839337073732,5.126879918232238,5.104873632722223,3.91778610542268,1210.5296044882318,2.9368271985676815,4.891907193659662,184.8900795496899,0.0,0,0.0,0.0,0.0,16.12652697488335,15.974514041914068
2021-02-16 13:00:00,1008.5903527168872,13.21293526242732,9.306404487764729,5.363861317342142,85.14718030516144,17.874785610491628,7.689649080675859,5.367498883266201,4.703485769982452,3.672311065487393,1207.2394248280616,4.110116908347167,5.009993047294859,179.79533835956926,0.0,0,0.0,0.0,0.0,13.778712973807517,13.790191626788015
2021-02-16 14:00:00,1009.0882747377152,12.56407037233851,8.338307996860191,5.236544472049154,85.39273196112336,16.819930968211594,8.819904616487184,5.70402541797173,4.0643850743728684,3.2431871125044536,1208.2818025316321,3.041586562021207,5.27898813618566,180.72000956136216,0.057209367625385865,0,0.0,0.0,0.0,12.101722019585054,12.383991094199759
2021-02-16 15:00:00,1007.9458974586818,9.153867891040871,7.905963003942329,5.062343317497248,83.2698881179782,15.052674619101488,7.710944930744919,5.919435065777841,4.013952447295216,3.1536351664606586,1207.6298847361334,5.469889141351234,6.222394843565008,166.55494572470033,0.16656047122303652,1,0.0,0.0,0.0,11.707543135373037,11.197603409834816
2021-02-16 16:00:00,1009.0301268035129,8.365422194721772,6.76078726929202,4.053579435083187,82.50538747261051,15.107493689786596,7.434475807356822,6.17053165134652,3.8592635287126473,2.972386796777029,1209.1837267929914,4.093614848038185,6.360426842761277,153.64154795553367,0.0,0,0.0,0.0,0.0,10.258579915285857,9.619583681508088
2021-02-16 17:00:00,1008.6084012768387,8.15303865529605,7.023815976080669,5.202880730801125,85.31502413171161,14.287422699716604,6.948310744813789,6.458172800871863,3.7821395538053637,2.660839012872814,1208.8000323029398,4.633842090552886,6.977722971011795,150.49127101584463,0.21612834278378235,0,0.0,0.0,0.0,9.594187127697737,9.04958526965092
2021-02-16 18:00:00,1007.9451167084306,7.798177296660996,7.067183457068683,6.192834515767702,86.0276952554909,13.177108417592878,6.31765886305538,6.824682981794325,3.5832214296567426,2.8535398401018193,1205.3922780658088,4.558969480893038,6.2356741769174855,132.64962165438692,0.0,0,0.0,0.0,0.0,11.103860949681033,9.834816692268276
2021-02-16 19:00:00,1008.2984100885109,7.280794882090941,6.9757086629690095,6.908149067527375,76.72268753806291,14.380177473056529,7.584132186903838,7.007208796178478,3.3580611568200776,2.8931795394691986,1207.4706279932418,3.5869455274048083,5.854267732773058,130.23420436833928,0.036141205970182166,0,0.0,0.0,0.0,9.071755386590691,8.4329785469763
2021-02-16 20:00:00,1008.2849321145749,6.4034246776542405,8.141844294803596,8.120090370604338,74.98105759124803,14.775593103598148,7.525641123468384,6.923409188349491,3.5386984284085226,2.927527532742445,1208.232168085115,3.854141231352936,5.680147712074365,115.21996282805742,0.0,0,0.0,0.0,0.0,10.982382650632438,9.282404992106663
2021-02-16 21:00:00,1008.1644782339738,9.704837723561456,10.45130038519299,9.510198196071071,73.82594582986016,16.01556645425785,8.559978801112706,7.1897874988633514,3.8523102119695753,3.6356812698334933,1207.2190438030896,3.4355015882905975,5.811393256588306,138.3017526485182,0.5376768036295902,0,0.0,0.0,0.0,12.316155132234757,10.776416211879353
2021-02-16 22:00:00,1009.7491708613281,9.446368018963813,11.083660465980358,9.962966660558058,73.67570884646075,16.804233783122246,8.958537767397123,6.953820669820919,4.287892781627296,3.3718595226631307,1206.8375729830884,2.198801563153735,5.492556085739678,123.2180177399901,1.6107391693398943,0,0.0,0.0,0.0,14.378550673849055,12.444448067584604
2021-02-16 23:00:00,1008.2080357426928,13.958403700838705,11.5291624589863,10.627305320014354,73.74945390537528,18.046346029013367,9.909935576724772,6.778539957947085,4.5873242120847015,3.6335702968023726,1205.9282102237798,1.8137259953165505,3.8326388306141705,105.3067118536345,0.0,0,0.0,0.0,0.0,14.794375346506206,13.783181335957973
2021-02-17 00:00:00,1008.0496005303823,15.118631709834906,12.707423845382323,11.99936502700241,71.1825058840969,19.614577686770815,10.286009439821314,6.771733922550381,4.775253586873747,3.915521378158397,1204.81891158185,1.8968203868226419,3.4483836874476017,113.43153732387138,0.0,0,11.699278609307786,0.0,0.0,18.195609646481824,16.790784270473626
2021-02-17 01:00:00,1006.527940559571,17.7703241747307,14.607467438302608,12.362285626874419,68.38616939026002,21.283829162341032,11.682434777032435,6.260211602539193,5.162284560790798,4.116395009507766,1205.4293345262597,1.6620029472414648,2.8838348801389158,119.08885413701145,0.0,0,80.37376679965587,140.88212766156548,167.31235942671066,18.579217657186007,17.857906394469516
2021-02-17 02:00:00,1007.4550049869711,18.36852220327306,16.44857452090393,12.815982411479494,67.1755854173782,23.009412548290367,11.510906313242831,6.332118881188944,5.330295645018624,4.737179471968649,1205.0520934512351,2.416314969008892,3.415383390022839,114.7525135916713,0.1134343188046435,1,139.00481268485038,289.3343483020813,418.15954455616827,18.083386459157857,18.107711052522586
2021-02-17 03:00:00,1007.9276916584465,19.57009901818222,16.32906719201554,12.882864092651056,62.875576201267066,24.31661991983159,13.398704232810072,5.69156357889475,5.436765187006197,4.71127874381995,1205.1551595177284,2.2255010675527505,3.5801246808984057,93.44954776521068,0.0,0,196.44430463926176,447.26690560891404,429.8419658737247,19.772792833481144,19.5114787851252
2021-02-17 04:00:00,1007.5605798553896,22.110731299174276,17.529028637080412,13.744910138930265,62.01175445649485,25.100792483802543,13.739471111619157,5.478494894654564,6.2726817410856635,4.9256408551417685,1204.7638663550536,2.129164322675974,4.7751029270976835,69.8769916002278,0.04575758994718504,0,272.16407734045015,482.2717994425947,677.9288416306615,21.611853954428177,21.43031005017781
2021-02-17 05:00:00,1009.1890915368825,22.70388420234324,17.172317612106006,11.538247985010369,60.82838946811762,25.583895183236145,13.647352910708006,4.9435580739905225,6.912934814462172,5.051462679639161,1203.6695409146162,2.8584127930304835,2.804996010024345,104.25828500162413,0.0,0,285.3446997754794,558.3054092055074,644.1802786250516,21.235314306024435,21.733769329076612
2021-02-17 06:00:00,1007.9296080767074,22.655921421689985,17.01230767455095,11.631493276135558,56.22496560445806,25.824298365997258,13.450391327833533,4.964976609465694,6.859355904758285,5.003011296830298,1204.1850783083344,1.9766734611016619,4.8124018050302455,91.13130368161767,0.08115332225749511,1,315.05433557544274,550.2235249636271,708.1184930158005,22.298724938453166,22.448797948845883
2021-02-17 07:00:00,1009.0735310925855,22.78666950682557,15.563629395078605,10.947730731589584,55.77707948618648,27.049417350487943,12.651937294302815,4.974630385128015,6.2532424570090255,4.808894325037951,1202.2132657828895,3.1369706995074274,5.955392181953343,106.52769921246527,0.0,0,307.3644638354917,555.4648668337807,684.7390881736268,21.33933071568949,21.898654019373584
2021-02-17 08:00:00,1008.0767542303989,23.865408354698005,15.866689287946464,9.666293658414542,54.766486820678026,24.810789846957462,12.714902347538054,4.292544381132384,6.329018765154764,4.9466425111094745,1200.635092338298,3.9795343967519363,6.264548053339376,110.71808364238574,0.0,0,253.55082612962792,497.0166203805801,584.8617914709823,20.15307721174475,21.476198841745184
2021-02-17 09:00:00,1008.0451956004716,21.241022132650873,14.165336819702171,9.301525061959453,57.67002345969832,23.9636546828463,11.619123277250207,4.12871707588664,5.767744269769816,5.023195199966338,1202.0413983198205,4.683515775865985,5.980712381891971,113.86226500850827,0.0,1,231.12498405268624,411.74383619767286,456.8691123267363,19.21913421569506,20.421547315784455
2021-02-17 10:00:00,1007.935815168057,19.73464902410445,13.540247418117765,8.23372209706827,56.00182250280884,24.646927054184168,10.332534787599691,4.184887560089418,5.4875780938283985,4.639395961093068,1201.171664187066,4.380134746243762,5.930122162632025,122.27199519691248,0.0,0,152.76819508923865,252.53949052320968,331.508890551743,18.97741100910537,19.506262181386965
2021-02-17 11:00:00,1008.0047503764193,17.66130818490759,11.401958399320002,6.930530914141118,56.35044947954074,21.763420921845455,10.786560740534089,3.5487222833860836,5.148734048127719,4.622697908160661,1201.0202910781093,5.009369578904706,7.614673446847517,119.85894621784078,0.08417817801364952,0,83.0008782824371,194.57245663754833,130.44519738212477,15.752793988441887,16.827200792907696
2021-02-17 12:00:00,1009.3750360024399,16.03562350069654,10.610923640448208,6.022306134264403,51.32069002039507,19.31000966704816,9.855521792783856,3.1149067835135096,4.954900263111635,4.150191260997838,1198.7355486517172,4.55980295393239,6.126510127251728,128.21345598508532,0.0,0,0.0,18.888554513335478,98.09803214740158,16.02816439521824,16.275000740041218
2021-02-17 13:00:00,1006.1460247937213,12.796397468149253,9.512452088610962,5.4622823060058225,52.16119370728964,18.868429331373463,8.650785156976992,2.995101037881012,4.575279510303813,3.794210107931775,1201.2674365261817,3.591459180556819,4.881654826168582,128.2584398892341,0.0,0,0.0,0.0,0.0,14.520975903307729,14.317028434126431
2021-02-17 14:00:00,1006.4056157306761,9.561667084627576,8.255002087396415,5.079677526732631,56.837543486176884,16.54498055539964,7.523668368041663,3.0305161356201946,4.300540394161425,3.7765298045305853,1199.6652177809872,3.3746108633465512,6.369298574659357,133.3786202907027,0.0,0,0.0,0.0,0.0,12.297393772112779,11.68831265464695
2021-02-17 15:00:00,1007.5808766664894,9.211135457403273,7.7798263371252565,4.969077208437411,50.584467728998675,16.21189006678316,7.265043266693938,2.873421070947815,4.071983106161009,3.1320427435754796,1198.1476584585985,3.204210843119292,5.367186320356862,123.02277611209841,0.0,0,0.0,0.0,0.0,10.512331943433772,10.044433093105217
2021-02-17 16:00:00,1008.0390128287087,8.640011766722136,6.991272602025355,5.0766253404673956,59.45887765843295,14.6983664376081,6.4272501084206555,2.9187670940128956,3.6335857096443283,2.9733846501596783,1196.9854299458577,2.331056037248464,4.223260435382098,115.68372691275289,0.0,1,0.0,0.0,0.0,10.863824971506352,10.059968243194836
2021-02-17 17:00:00,1008.5948592329421,6.593733113106933,6.67911789678268,5.66645003642739,54.453065608585824,13.98454711752091,7.38375926452579,3.3176655402800743,3.558351654698929,2.838596124121095,1198.488962959407,2.930021196365815,2.9827835064181287,158.93658763674011,0.18973366445980333,0,0.0,0.0,0.0,9.786550349255673,8.816365252838457
2021-02-17 18:00:00,1008.4400280554463,6.876543834657468,8.026059245768959,6.5144579885425,61.08008806605171,14.80458248441379,6.418476679730592,3.4731804485855515,3.281237498661958,3.1087573462367097,1195.8080602741866,1.3198039079341028,3.177196037734755,140.62952935215972,0.3527045989107227,0,0.0,0.0,0.0,9.120904399889612,8.180738565564175
2021-02-17 19:00:00,1007.7763287318758,6.788354569585839,8.292986783449953,6.558689599111789,59.09140931535528,14.487645718595216,7.42897571046246,3.1385326173523254,3.282211855714962,2.841392071744937,1198.677685329339,1.8778031462963176,4.00285457439094,158.4776197004868,0.0,0,0.0,0.0,0.0,11.533915551119366,9.648919548266699
2021-02-17 20:00:00,1008.9244969509243,9.123217246014725,8.221639800404287,7.6009837849790465,64.59780743034324,15.290342296018004,7.414238995648932,3.550790877046888,3.401167425113688,2.8311140406432593,1195.3194286293426,2.087473327886661,1.7386250651525492,147.13564022370454,0.0,0,0.0,0.0,0.0,10.598658968374728,9.658252877966396
2021-02-17 21:00:00,1008.9623067205338,9.867765661292001,9.951419314458285,8.358998059098406,70.67607034235638,15.97481915264053,7.771724745439525,3.907199122617278,4.069189388445785,3.2690069701686815,1197.18060021721,1.7174434803496461,2.0167670990393973,168.9337008172538,0.0,0,0.0,0.0,0.0,11.318821627900133,10.62671697896529
2021-02-17 22:00:00,1008.3176171335718,11.456078434450573,10.51995938133706,10.438139934562585,61.57135906321973,16.777777738103303,9.141400232813583,4.435777502581659,4.182418430382314,3.2367480377885647,1194.8155262149273,1.8949764410828176,3.2122125222969053,141.65851253624476,0.3777413249421604,0,0.0,0.0,0.0,13.704767645826928,12.567045045302601
2021-02-17 23:00:00,1008.9760273836486,13.364568558364358,11.598614287855725,11.150496555739613,69.43286141242037,18.75276293951386,9.681200070953343,4.881318762367262,4.237547379781309,3.7961114483997367,1196.13435635867,2.517333165451621,4.294644763914083,168.92310667017765,0.0,0,0.0,0.0,0.0,14.992725423443169,14.055189158824577
2021-02-18 00:00:00,1008.46283362927,14.973925523213417,13.994505754006184,12.071531369971197,66.38367457281244,20.60460769634216,10.931283634555262,5.540393586854761,4.98738220946326,4.0827681868283525,1193.3872789702486,3.4059992563925667,4.6029664816929445,179.01588916607682,0.0,0,0.0,38.22407241236257,0.0,17.49071352142706,16.242594777414244
2021-02-18 01:00:00,1007.8376061231128,17.208841758589394,13.811499575534105,11.92113566495611,72.81143072773575,21.62028329237388,10.829637092469323,5.254161696077306,5.138464301296559,4.272702320561722,1193.7256324680484,3.194702187559414,6.198293546784909,191.59854710286405,0.0,1,79.35507006136606,194.13160721087627,190.9575892531071,17.895434055327517,17.28555970132587
2021-02-18 02:00:00,1008.890351338714,18.170370793627413,16.131409211104078,13.592387060960347,73.46874134943405,23.90082130217328,11.683332070836451,5.600894543782956,6.0820757637946015,4.713162314417371,1194.113443266582,3.301163299137881,7.1566423749317964,204.61210097936603,0.0,0,139.4847378077399,306.8231308269139,338.25109927532907,19.2817883555897,18.69299197554908
2021-02-18 03:00:00,1008.4690928355064,19.126344864367063,16.29608510313127,12.756033217054142,75.99981613040013,24.6678842887203,11.545419579278098,6.117714003127559,5.944895827462471,4.550970151362199,1193.5910093248303,4.701125413416295,6.95506582725487,189.76409439189885,0.6156484837605422,0,177.52546609430004,378.1195997542598,503.0148041232882,20.846139410179514,20.014825481243587
2021-02-18 04:00:00,1008.4333445891906,22.033260021516888,16.769755558838114,12.915457341770399,75.6766274473433,25.302143697592335,11.970552984693162,6.149131875582072,6.435339302840457,5.071822908806303,1193.669313578884,4.479898315383654,7.417961381029284,213.96129335525467,0.0,0,230.67258368629817,488.81297388539804,549.2194455874051,21.58940430668589,21.330909319045816
2021-02-18 05:00:00,1009.6654364360023,22.954199789702994,17.201227836508327,12.776283553680939,80.69250365412367,25.92129822324328,13.713550040512803,6.503896513939819,6.66668134491059,5.066557914613528,1191.7410682706286,4.784178794160641,7.187295147643373,226.0761307056224,0.0,0,310.1815506760694,581.9843462995382,693.681952799054,22.05965668938097,22.279332964281863
2021-02-18 06:00:00,1006.5842696762261,23.846485197897763,17.067281851625168,11.39203493507025,77.70988604185736,26.068618564483813,13.773639031163608,6.6490431858121655,6.3090143094885915,5.772452715456905,1191.9946384291004,4.505498890553493,6.739657280301135,243.45911582754252,0.28267230697012213,0,325.6358808024675,551.9559961262363,710.3008217087537,22.133195889948794,22.684668801899168
2021-02-18 07:00:00,1007.4717671005626,23.82734168157022,15.818318061316344,10.73067659844375,84.38357463016597,25.169935564936928,12.722847119685806,6.355054457190977,6.4640981629445475,5.190276005474926,1192.8616828965437,4.925568546733495,5.25072825952134,232.95239474645885,0.0,0,321.77553964588,591.7148137955252,814.1986657663356,21.710338362585606,22.56001121762858
2021-02-18 08:00:00,1007.7202166399783,23.02720216977477,15.756790631446695,10.050419365168086,82.17188044354621,25.15111632480233,11.91875215887661,6.994262152054722,6.409731685954287,4.919952074584638,1190.6344904604366,4.002112204126665,4.861646920569271,226.82794896011063,0.6224694555849953,0,264.33370991091914,551.8201831270771,612.7167849749744,20.620803274698947,21.703383759498593
2021-02-18 09:00:00,1008.4461906601745,19.958237734186937,14.389488107351681,10.08458395929411,81.05281163286298,24.353233929790072,11.538214306364667,6.963527808139442,6.083769406261894,4.572867790213282,1191.662475819235,2.6379602190626237,3.9192652184225114,223.8508959238408,0.1910782511867759,0,192.31392419688802,446.07788439026154,562.3865021719903,20.29749439812321,20.622136397886877
2021-02-18 10:00:00,1008.60296062446,18.753414475535042,12.48067379487812,8.028868922721088,87.67876104101745,22.791957439366648,11.30337148549226,7.223861716075792,5.822220151861941,4.861081239358835,1190.6453851837964,2.790507797292394,4.197155877379752,259.57557842817084,0.02194668364095509,0,141.23967701685632,320.2075789167332,275.0657162275978,18.25032440438363,18.63228392164198
2021-02-18 11:00:00,1007.6735085386715,17.40678636793737,11.724106148523296,7.592177221788896,84.73698761498882,21.72175277996765,9.979524566993058,6.880483323079102,5.122302688941995,4.240576310218306,1190.8700698416105,1.8856317468857677,3.9002472056304827,252.9055828990483,0.0,0,47.81796083115935,80.6401210632566,232.17809747403373,17.44917629334817,17.6342145393235
2021-02-18 12:00:00,1008.1667886022766,16.772333274419704,11.213038474472818,6.612844894478721,88.81527194088406,20.01065374517769,9.499045554431591,6.481101311906067,5.110807243942938,3.841729586584943,1190.573985053463,1.6471038931613449,2.1085392846060707,249.06227598695222,0.04860231895611067,0,0.0,53.334231866843915,11.31366514784237,16.233656753086162,16.544295325647226
2021-02-18 13:00:00,1008.3445599557249,13.965517081779684,10.174748010765086,5.654269054296332,87.31438517923385,18.83393167493434,8.658218379846724,6.480469111642051,4.514538593511697,3.756676988678803,1189.5524585863243,1.01349972077648,3.08846053165719,236.3064400207138,0.0,0,0.0,0.0,0.0,13.46972925922096,14.089066817140452
2021-02-18 14:00:00,1011.0802094663759,11.783578013398904,8.690692974488565,4.7259138795394495,82.89259598476316,17.331556190532893,7.7862170029409,5.867358650745758,4.319890244656835,3.5299437662811366,1189.9578308005393,1.5766933301508586,2.330211431367414,245.86357015389208,0.0,0,0.0,0.0,0.0,13.938927905590807,13.40407880897116
2021-02-18 15:00:00,1010.6393637301976,9.0716941816231,6.9823819964980425,5.424327864015009,83.6882133857958,15.840935956673123,7.289046438928816,5.757816432960084,4.123337597330468,3.278262449218046,1190.2680488461253,2.14668411934757,2.412589717601621,263.58726899086474,0.0,0,0.0,0.0,0.0,10.927429786032873,10.591918119035332
2021-02-18 16:00:00,1008.9548763384653,7.453557027916084,7.369774590849577,4.552580844414873,83.2324569360939,14.120241131642503,7.273036691049882,5.811141480281957,3.8347235958270307,2.964719600070573,1189.952057047605,2.131365254840606,3.2141452473783203,262.32295048223557,0.0,0,0.0,0.0,0.0,10.107073538855897,9.288387507536024
2021-02-18 17:00:00,1009.0822615126932,7.82482890805568,7.429078225232923,6.205820360061342,84.9529065043413,15.099806411606144,6.614971668923616,5.2978282673431005,3.6208552056642844,2.8727270358304557,1191.5864406022483,2.005689612052318,3.4195785146726765,240.23226025767514,0.0,0,0.0,0.0,0.0,10.40236043845767,9.315657044275936
2021-02-18 18:00:00,1008.5451028963166,6.2295371150359475,7.586171546031307,6.293175285898593,81.48163714453258,13.929054500714429,7.240492004725659,5.18450164789965,3.6284256592369033,2.8464074151361403,1191.0099555568163,2.238490333765794,5.485327294367354,266.3261255650183,0.0,0,0.0,0.0,0.0,10.294912450968686,8.90805608554855
2021-02-18 19:00:00,1008.031722790951,7.105687944001201,8.160987494613133,5.990704239231874,79.48400667732385,14.164001815417993,7.125611778544088,4.2593251944905735,3.688793471344147,2.9081682615788864,1190.3036851509478,4.500549154063598,5.549636752212112,244.01121136514013,0.0,0,0.0,0.0,0.0,10.43152054965769,8.969764883050306
2021-02-18 20:00:00,1009.5608428190789,7.991452205423101,8.783703712552063,7.885046906659487,77.10024082580345,14.632587152943643,7.802663256620057,4.2674674338839615,4.0000621266001195,3.045746554638964,1189.2916348635977,3.9982042691131987,6.937746464963069,272.32471092699944,1.3258845399900605,0,0.0,0.0,0.0,11.620257598714234,10.035870802184496
2021-02-18 21:00:00,1008.9544781717539,10.458184212893572,9.630990992245863,9.319984399261134,75.63913741376709,15.513153484847937,8.895991149906827,3.9048975003224458,3.932529688327622,3.3703624128372502,1189.2990935021508,3.7137984401198256,6.377253725883858,259.3596252521751,0.0,0,0.0,0.0,0.0,12.353690185440325,11.225477995301052
2021-02-18 22:00:00,1009.7855176194213,10.75171188792827,10.587115060735798,9.996771425203773,76.49146984789441,17.772029024000293,8.978781377411474,3.9055944971495706,4.282791398688485,3.4112829724051767,1192.1923350279424,4.511141808767307,6.645066656517464,250.54119517537973,0.540041543254903,0,0.0,0.0,0.0,14.773182352442667,13.120565015381704
2021-02-18 23:00:00,1008.6760281757216,11.22197289217868,11.241988850436034,11.336369562860783,71.96530358489603,19.14010788957767,10.182641561154888,3.60246366739538,4.79818479414138,3.5260564927108544,1189.330856301037,5.3748431178189175,8.468321618675187,262.4061663540389,0.0,0,0.0,0.0,0.0,15.001498634489408,13.419149186927555
2021-02-19 00:00:00,1009.4514941718894,15.353111253363917,13.64742191666354,11.529414696513271,69.21000545740348,20.222196701788977,9.879194850031688,3.396399622448767,4.901922478047333,3.9711416593792217,1190.6032944551991,4.4360642047426975,5.433602430224575,252.8170251872126,0.0,0,13.031265314389575,24.975570292151602,21.9129009882046,16.086304326929508,15.173356343325484
2021-02-19 01:00:00,1010.2868704916181,16.581237063647226,14.756575810183811,11.970542011186412,66.91309278547205,21.49916419339962,11.14853399450451,3.428896766045015,5.121175073118148,4.461339017869996,1191.0251444493767,2.4420899580782676,7.313160214108889,258.78143962816995,0.7127096760713979,0,106.0404689353955,119.93775419083124,140.895629645835,17.792720642259795,17.123908339272273
2021-02-19 02:00:00,1010.569772503152,19.029841717106308,15.946769175728145,12.849829650589227,65.01018401578999,23.30955899250679,11.99733337745636,2.9567670721182777,5.848646034916533,4.242694408323015,1190.5532217720906,4.77077203031689,7.007659516768075,242.08831158341442,1.2444406408802222,0,156.20751698071876,303.22053831672815,335.92591326628025,19.78655677464832,19.116580053612655
2021-02-19 03:00:00,1010.721484743414,20.59616095890285,15.7536744127713,13.012199847228253,61.45555652243818,24.279539178003937,13.269808734357003,3.267016167060144,6.019455434856624,4.4923776983494585,1190.0877309935388,2.0753767598548736,5.6126539970092955,237.9567361589816,0.0,0,232.99444336634977,420.76816102010827,467.7343239411102,20.936573482854993,20.565460587004655
2021-02-19 04:00:00,1009.4436088126744,21.736610433203076,17.19803720503595,12.70882127850093,60.999249383347035,25.101040963545085,12.060310824320407,2.821543263799637,6.057532623329785,5.222885708819792,1190.554849323149,2.452367840988213,4.05158333785184,228.57050444894404,0.3228767494176874,0,250.9297003292097,566.041535387114,682.1634318108762,21.59357917310381,21.47972425599848
2021-02-19 05:00:00,1011.2979547828104,23.28064501756186,18.023624774007065,12.925446148066394,63.865419116169775,25.96460791848759,12.955789131764295,2.9044392084750426,6.548997125309573,5.46313555491715,1191.0667893182417,1.5976739573910796,4.855946438018724,228.51578633575542,0.0,0,283.691942405136,589.2406969214544,696.2404659178488,21.411931917196092,21.927811969688584
2021-02-19 06:00:00,1010.0898781440208,21.926994585153103,16.815907511017024,11.446743887333119,58.980199761067,25.77942112652728,13.52287527389026,3.418498506730784,6.78622660300585,4.9469599929961054,1191.2003371871526,1.504165920093632,3.0105401045191376,236.97950879789278,0.0,0,326.9569408243128,576.0359258143794,763.0556501153665,22.635213863634593,22.554973717103312
2021-02-19 07:00:00,1011.3537308476443,22.36549665284456,16.200656990127584,11.074472584781832,59.508523232743805,25.92168708973617,12.371748475489506,3.16696296608027,6.1229402301757965,5.17920284571347,1193.5562607786112,1.861954763575453,2.465756025407014,208.78181923864588,3.58921769791395,1,262.34605938744414,593.9392039952079,820.9087065754919,22.77376297966131,22.544681138780888
2021-02-19 08:00:00,1010.9578058433265,22.40702976945776,15.552429005114595,10.00593864379327,52.05210590743184,25.298262885517513,12.163148141068989,3.828977906310691,6.50350310471997,4.959321461957936,1192.5594257517535,0.6842381666848183,2.7197698186222428,213.8411629593604,0.0,0,251.74481509041973,605.3117718395023,608.5580497456041,20.888228247209288,21.489518888616693
2021-02-19 09:00:00,1009.9854728389122,20.226994906751397,15.348971350694082,8.318908348253652,57.278429630262494,24.544108697748303,11.79028947058284,4.020262638744234,5.553246668630699,4.796362114975543,1192.4051310869868,1.8290441823354116,2.811794201136256,191.90108777812284,0.0,0,234.7009604904836,453.8689855634019,570.0742561456444,20.88425080594818,20.94835367567542
2021-02-19 10:00:00,1010.9552020886085,17.873835303511047,12.596877310462299,7.380806952112956,55.18840719692575,22.690431521262216,11.027745225986887,4.530330259079596,5.669942673963702,4.661106201751288,1193.4156519802787,2.738047318778136,2.957126280691188,173.2245330365708,0.07353253860965264,0,145.77776570494976,297.63331945065215,315.0272167203601,18.98601644392269,18.894117928244086
2021-02-19 11:00:00,1011.6232566974821,17.53854110109985,11.910646857009942,6.954397168035941,54.16544703361182,21.90798244705337,10.811588365103535,4.6408148516751675,5.756331750102292,4.0520088083208705,1194.3747519947967,2.133753651382862,5.203965980635845,189.04704682351363,0.22616689398350875,0,71.93367289333123,121.94690820799357,243.9172370682336,18.297778419574488,18.04437762254631
2021-02-19 12:00:00,1011.9452873325049,15.786166241308976,10.122570255544364,6.9230556358766275,55.36191991484226,19.546844253524668,9.583381531644106,5.011209789259103,4.934335190297407,3.7785564999015047,1193.7775277710177,2.3048574700289195,4.381241317902569,183.70405423469427,0.639104077645598,0,0.0,0.0,0.0,15.684585954459946,15.988074298168188
2021-02-19 13:00:00,1011.4671329585249,12.897950993830003,9.062948251219831,5.738772964458089,54.13667657176875,18.16080240357446,9.19442995824497,5.449149353918832,4.629759111510468,3.6291669112927716,1195.4555909450257,3.374973635245487,5.660322695514221,171.9270278857627,0.6250375109678986,0,0.0,0.0,0.0,13.958215625086973,13.967342059706029
2021-02-19 14:00:00,1012.9313278869682,9.627408081071515,8.307223591743332,4.431338258133889,51.263362765887216,16.735537470427268,7.8697387280501285,5.551510376639366,4.402573240154745,3.370924880421196,1193.7288532256434,3.6664531475667963,5.13055770785401,151.14829607892355,0.0,0,0.0,0.0,0.0,13.001678594177227,12.142551825848715
2021-02-19 15:00:00,1012.6387817975096,9.837324573196895,8.251215361389058,3.756231193639978,57.98630289467452,15.221333426693953,7.203313372825481,5.858758738501934,3.5960451254080676,2.926280841439324,1196.6313986347209,3.8282191897525197,6.756699352968206,162.337487138215,0.2997597860084573,0,0.0,0.0,0.0,11.094846529534742,10.560350273180795
2021-02-19 16:00:00,1011.7551182527914,6.909875252730749,8.024966439965963,5.445046418275882,57.49565406592977,15.31167871898623,7.065419065167791,6.3804611073417385,3.7153808544913005,3.118699050416516,1195.9236812294698,3.686077040857056,6.044874670646213,155.30152487534156,0.0,0,0.0,0.0,0.0,10.774576878762662,9.667813626419818
2021-02-19 17:00:00,1012.6889198222487,7.4887528834811725,7.227718845616675,5.526984917419181,57.47181498613576,13.719918804170693,6.542085686131555,6.526231324411803,3.5639538749586595,2.757376813830912,1196.3683081527952,4.539842369508941,6.025226847684243,137.30273274981903,0.0,1,0.0,0.0,0.0,10.876795807533348,9.434746993299914
2021-02-19 18:00:00,1013.7648624629494,6.378775322680488,7.035020192860171,6.669679550415377,57.46102753805665,13.650541831296664,7.253204944960277,6.650588024107997,3.872464194649748,2.7156364787866307,1196.2168157317856,4.423464780640666,6.644620479492058,126.46508428527059,1.8382033755312892,0,0.0,0.0,0.0,10.521681281763133,9.031015532250176
2021-02-19 19:00:00,1013.9157567195261,6.460705889650611,9.014879783588526,6.69850648986669,57.928863532655015,14.832148897508937,7.159892117301709,6.862828421632284,3.303963094366839,2.8974207664991036,1196.1839594184614,3.302800525364255,7.131153031517823,131.5900058148566,0.0,0,0.0,0.0,0.0,10.369856819508742,8.793906862519972
2021-02-19 20:00:00,1011.4949577790037,7.762459757768578,8.388294932263458,8.161334343815549,62.9477854141359,14.518556226366448,7.4830007747697325,7.288527407592081,3.6246540310332938,2.9349878602451547,1196.254211156007,2.980999364021496,6.036371236843184,135.10628369285462,0.0,0,0.0,0.0,0.0,11.249556302386786,9.659454604321807
2021-02-19 21:00:00,1011.8664780324351,9.214837461008404,9.38162920448117,9.396874656103016,67.48663043497422,15.663287970311565,8.54186948728775,6.911396318652021,3.75366867005543,3.3189672251572855,1197.672878680648,3.068245997002879,5.407296308906233,127.59800482299629,0.0,0,0.0,0.0,0.0,12.656718228719317,11.062109266148976
2021-02-19 22:00:00,1013.9262552481723,10.549054224729382,10.003827286398339,9.912595519137005,66.52404727694416,16.493985499541655,8.588571884312477,6.875211583368016,4.0431176392617045,3.2133154924398513,1199.5423885879259,2.0728879846328216,4.212025969365494,109.90807457214123,0.0,0,0.0,0.0,0.0,13.968405119816385,12.400532247223436
2021-02-19 23:00:00,1012.0224904177906,13.341539933930388,12.889002394309328,10.87993301037105,65.27658390451352,18.86356133319618,10.122920710620514,6.5378963966393275,4.837251977759125,3.4099398264642726,1198.5153620152657,2.2537070987559207,3.44591256850655,115.83708730710104,0.25925097999092694,0,0.0,0.0,0.0,15.483472515090568,14.207826626246346
